StudentID,QuestionsAttempted,CorrectAnswers,WrongAnswers,Accuracy,AverageResponseTime,EasyCorrect,MediumCorrect,HardCorrect,EasyWrong,MediumWrong,HardWrong,CurrentDifficulty,LongestCorrectStreak,ConfidenceScore,FinalScore,SkillLevel
1,30,16,14,53.33,49,10,5,1,0,5,9,Easy,5,52,23,Beginner
2,30,15,15,50.0,45,9,5,1,1,5,9,Easy,3,55,22,Beginner
3,30,19,11,63.33,34,9,8,2,1,2,8,Medium,8,61,31,Intermediate
4,30,29,1,96.67,25,10,8,11,0,2,0,Hard,15,86,59,Advanced
5,30,20,10,66.67,31,10,9,1,0,1,9,Medium,5,77,31,Intermediate
6,30,25,5,83.33,15,10,9,6,0,1,4,Hard,15,100,46,Advanced
7,30,15,15,50.0,51,6,4,5,4,6,5,Easy,2,55,29,Beginner
8,30,10,20,33.33,55,8,4,0,2,6,12,Easy,2,59,16,Beginner
9,30,16,14,53.33,42,7,4,5,3,6,5,Easy,3,58,30,Beginner
10,30,23,7,76.67,27,10,9,4,0,1,6,Medium,6,78,40,Intermediate
11,30,24,6,80.0,34,9,8,7,1,2,3,Medium,9,74,46,Intermediate
12,30,25,5,83.33,22,10,8,7,0,2,3,Hard,12,82,47,Advanced
13,30,12,18,40.0,41,8,3,1,2,7,9,Easy,5,43,17,Beginner
14,30,11,19,36.67,52,6,5,0,4,5,10,Easy,2,49,16,Beginner
15,30,26,4,86.67,16,10,9,7,0,1,3,Hard,8,84,49,Advanced
16,30,21,9,70.0,34,8,8,5,2,2,5,Medium,5,67,39,Intermediate
17,30,22,8,73.33,34,10,10,2,0,0,8,Medium,6,62,36,Intermediate
18,30,24,6,80.0,29,10,7,7,0,3,3,Medium,9,74,45,Intermediate
19,30,21,9,70.0,31,9,8,4,1,2,6,Medium,5,62,37,Intermediate
20,30,23,7,76.67,29,9,7,7,1,3,3,Medium,7,78,44,Intermediate
21,30,22,8,73.33,38,10,10,2,0,0,8,Medium,8,61,36,Intermediate
22,30,15,15,50.0,42,8,4,3,2,6,7,Easy,5,51,25,Beginner
23,30,11,19,36.67,57,8,6,0,2,4,13,Easy,3,50,20,Beginner
24,30,21,9,70.0,29,8,7,6,2,3,4,Medium,5,77,40,Intermediate
25,30,20,10,66.67,26,8,8,4,2,2,6,Medium,9,72,36,Intermediate
26,30,17,13,56.67,60,6,5,6,4,5,4,Easy,3,45,34,Beginner
27,30,14,16,46.67,52,10,4,0,0,6,10,Easy,5,51,18,Beginner
28,30,11,19,36.67,60,6,3,2,4,7,8,Easy,5,40,18,Beginner
29,30,25,5,83.33,20,10,10,5,0,0,5,Hard,14,87,45,Advanced
30,30,16,14,53.33,43,7,3,6,3,7,4,Easy,5,53,31,Beginner
31,30,21,9,70.0,27,8,9,4,2,1,6,Medium,9,77,38,Intermediate
32,30,26,4,86.67,25,10,9,7,0,1,3,Hard,12,84,49,Advanced
33,30,27,3,90.0,20,10,8,9,0,2,1,Hard,11,88,53,Advanced
34,30,14,16,46.67,48,10,5,0,0,5,11,Easy,3,56,20,Beginner
35,30,16,14,53.33,46,6,3,7,4,7,3,Easy,5,42,33,Beginner
36,30,23,7,76.67,36,8,8,7,2,2,3,Medium,5,68,45,Intermediate
37,30,27,3,90.0,17,10,10,7,0,0,3,Hard,15,90,51,Advanced
38,30,28,2,93.33,19,10,8,10,0,2,0,Hard,13,91,56,Advanced
39,30,27,3,90.0,20,10,8,9,0,2,1,Hard,13,84,53,Advanced
40,30,19,11,63.33,29,9,9,1,1,1,9,Medium,7,64,30,Intermediate
41,30,11,19,36.67,48,8,4,0,2,6,11,Easy,3,46,16,Beginner
42,30,23,7,76.67,28,8,9,6,2,1,4,Medium,7,79,44,Intermediate
43,30,19,11,63.33,28,9,9,1,1,1,9,Medium,9,67,30,Intermediate
44,30,30,0,100.0,15,10,9,11,0,1,0,Hard,14,81,61,Advanced
45,30,11,19,36.67,53,8,3,0,2,7,10,Easy,3,50,14,Beginner
46,30,25,5,83.33,20,10,8,7,0,2,3,Hard,12,98,47,Advanced
47,30,25,5,83.33,25,10,10,5,0,0,5,Hard,10,96,45,Advanced
48,30,27,3,90.0,21,10,9,8,0,1,2,Hard,13,100,52,Advanced
49,30,25,5,83.33,17,10,9,6,0,1,4,Hard,13,81,46,Advanced
50,30,22,8,73.33,38,8,8,6,2,2,4,Medium,9,64,42,Intermediate
51,30,16,14,53.33,41,7,4,5,3,6,5,Easy,2,47,30,Beginner
52,30,30,0,100.0,17,10,10,10,0,0,0,Hard,15,87,60,Advanced
53,30,11,19,36.67,44,9,6,0,1,4,14,Easy,4,54,21,Beginner
54,30,19,11,63.33,28,9,10,0,1,0,10,Medium,6,65,29,Intermediate
55,30,22,8,73.33,30,9,9,4,1,1,6,Medium,5,74,39,Intermediate
56,30,13,17,43.33,52,6,5,2,4,5,8,Easy,4,40,22,Beginner
57,30,29,1,96.67,15,10,10,9,0,0,1,Hard,14,92,57,Advanced
58,30,20,10,66.67,30,10,10,0,0,0,10,Medium,7,62,30,Intermediate
59,30,30,0,100.0,19,10,10,10,0,0,0,Hard,14,86,60,Advanced
60,30,22,8,73.33,32,9,7,6,1,3,4,Medium,7,69,41,Intermediate
61,30,21,9,70.0,30,10,10,1,0,0,9,Medium,9,71,33,Intermediate
62,30,19,11,63.33,38,8,8,3,2,2,7,Medium,9,65,33,Intermediate
63,30,19,11,63.33,25,10,10,0,0,0,11,Medium,5,74,30,Intermediate
64,30,26,4,86.67,25,10,8,8,0,2,2,Hard,13,84,50,Advanced
65,30,14,16,46.67,38,7,3,4,3,7,6,Easy,3,60,25,Beginner
66,30,11,19,36.67,39,6,5,0,4,5,10,Easy,4,45,16,Beginner
67,30,12,18,40.0,53,6,4,2,4,6,8,Easy,2,43,20,Beginner
68,30,30,0,100.0,23,10,9,11,0,1,0,Hard,8,94,61,Advanced
69,30,11,19,36.67,43,9,6,0,1,4,14,Easy,4,46,21,Beginner
70,30,18,12,60.0,50,10,5,3,0,5,7,Easy,4,52,29,Beginner
71,30,22,8,73.33,33,9,10,3,1,0,7,Medium,5,69,38,Intermediate
72,30,13,17,43.33,53,8,6,0,2,4,11,Easy,5,46,20,Beginner
73,30,20,10,66.67,26,9,10,1,1,0,9,Medium,5,76,32,Intermediate
74,30,14,16,46.67,40,6,4,4,4,6,6,Easy,5,57,26,Beginner
75,30,23,7,76.67,36,10,8,5,0,2,5,Medium,7,68,41,Intermediate
76,30,25,5,83.33,25,10,9,6,0,1,4,Hard,8,85,46,Advanced
77,30,17,13,56.67,58,7,4,6,3,6,4,Easy,5,44,33,Beginner
78,30,25,5,83.33,19,10,9,6,0,1,4,Hard,14,97,46,Advanced
79,30,15,15,50.0,41,8,5,2,2,5,8,Easy,2,43,24,Beginner
80,30,30,0,100.0,23,10,8,12,0,2,0,Hard,12,97,62,Advanced
81,30,21,9,70.0,31,9,7,5,1,3,5,Medium,8,77,38,Intermediate
82,30,27,3,90.0,24,10,9,8,0,1,2,Hard,15,89,52,Advanced
83,30,12,18,40.0,48,9,4,0,1,6,11,Easy,3,41,17,Beginner
84,30,14,16,46.67,45,10,4,0,0,6,10,Easy,2,41,18,Beginner
85,30,29,1,96.67,24,10,9,10,0,1,0,Hard,8,100,58,Advanced
86,30,26,4,86.67,19,10,9,7,0,1,3,Hard,8,95,49,Advanced
87,30,16,14,53.33,53,7,6,3,3,4,7,Easy,5,59,28,Beginner
88,30,13,17,43.33,42,6,4,3,4,6,7,Easy,4,59,23,Beginner
89,30,30,0,100.0,24,10,10,10,0,0,0,Hard,14,82,60,Advanced
90,30,28,2,93.33,25,10,10,8,0,0,2,Hard,11,98,54,Advanced
91,30,29,1,96.67,20,10,10,9,0,0,1,Hard,14,96,57,Advanced
92,30,23,7,76.67,36,10,10,3,0,0,7,Medium,8,67,39,Intermediate
93,30,20,10,66.67,35,9,8,3,1,2,7,Medium,8,75,34,Intermediate
94,30,20,10,66.67,28,8,7,5,2,3,5,Medium,7,72,37,Intermediate
95,30,13,17,43.33,39,8,4,1,2,6,9,Easy,3,49,19,Beginner
96,30,26,4,86.67,16,10,10,6,0,0,4,Hard,15,86,48,Advanced
97,30,16,14,53.33,60,6,5,5,4,5,5,Easy,3,42,31,Beginner
98,30,24,6,80.0,34,9,9,6,1,1,4,Medium,5,80,45,Intermediate
99,30,24,6,80.0,34,10,9,5,0,1,5,Medium,5,66,43,Intermediate
100,30,17,13,56.67,44,10,6,1,0,4,9,Easy,5,42,25,Beginner
101,30,14,16,46.67,57,6,3,5,4,7,5,Easy,4,60,27,Beginner
102,30,18,12,60.0,40,7,6,5,3,4,5,Easy,4,52,34,Beginner
103,30,22,8,73.33,36,10,10,2,0,0,8,Medium,8,64,36,Intermediate
104,30,23,7,76.67,32,9,7,7,1,3,3,Medium,7,62,44,Intermediate
105,30,23,7,76.67,37,10,7,6,0,3,4,Medium,8,69,42,Intermediate
106,30,20,10,66.67,37,9,7,4,1,3,6,Medium,9,78,35,Intermediate
107,30,25,5,83.33,21,10,9,6,0,1,4,Hard,11,100,46,Advanced
108,30,18,12,60.0,45,9,3,6,1,7,4,Easy,5,45,33,Beginner
109,30,29,1,96.67,24,10,9,10,0,1,0,Hard,8,89,58,Advanced
110,30,19,11,63.33,32,8,9,2,2,1,8,Medium,9,65,32,Intermediate
111,30,25,5,83.33,21,10,10,5,0,0,5,Hard,11,93,45,Advanced
112,30,24,6,80.0,26,8,7,9,2,3,1,Medium,5,65,49,Intermediate
113,30,11,19,36.67,49,10,6,0,0,4,15,Easy,5,49,22,Beginner
114,30,16,14,53.33,51,10,6,0,0,4,10,Easy,4,50,22,Beginner
115,30,24,6,80.0,25,8,7,9,2,3,1,Medium,5,80,49,Intermediate
116,30,14,16,46.67,57,6,6,2,4,4,8,Easy,3,60,24,Beginner
117,30,20,10,66.67,37,9,8,3,1,2,7,Medium,6,80,34,Intermediate
118,30,27,3,90.0,18,10,8,9,0,2,1,Hard,10,92,53,Advanced
119,30,27,3,90.0,16,10,8,9,0,2,1,Hard,15,88,53,Advanced
120,30,27,3,90.0,19,10,8,9,0,2,1,Hard,12,97,53,Advanced
121,30,13,17,43.33,42,10,4,0,0,6,11,Easy,5,54,18,Beginner
122,30,22,8,73.33,37,9,7,6,1,3,4,Medium,7,78,41,Intermediate
123,30,16,14,53.33,59,10,6,0,0,4,10,Easy,4,47,22,Beginner
124,30,19,11,63.33,34,10,10,0,0,0,11,Medium,6,73,30,Intermediate
125,30,17,13,56.67,41,9,3,5,1,7,5,Easy,5,51,30,Beginner
126,30,20,10,66.67,32,9,10,1,1,0,9,Medium,9,62,32,Intermediate
127,30,27,3,90.0,18,10,10,7,0,0,3,Hard,11,86,51,Advanced
128,30,30,0,100.0,19,10,9,11,0,1,0,Hard,8,84,61,Advanced
129,30,27,3,90.0,15,10,8,9,0,2,1,Hard,12,93,53,Advanced
130,30,15,15,50.0,45,10,5,0,0,5,10,Easy,4,48,20,Beginner
131,30,10,20,33.33,40,8,6,0,2,4,14,Easy,4,53,20,Beginner
132,30,26,4,86.67,16,10,10,6,0,0,4,Hard,13,95,48,Advanced
133,30,25,5,83.33,20,10,9,6,0,1,4,Hard,9,93,46,Advanced
134,30,26,4,86.67,16,10,9,7,0,1,3,Hard,8,90,49,Advanced
135,30,24,6,80.0,32,8,7,9,2,3,1,Medium,8,64,49,Intermediate
136,30,14,16,46.67,40,9,3,2,1,7,8,Easy,2,52,21,Beginner
137,30,27,3,90.0,20,10,10,7,0,0,3,Hard,11,83,51,Advanced
138,30,15,15,50.0,55,6,6,3,4,4,7,Easy,3,50,27,Beginner
139,30,28,2,93.33,20,10,8,10,0,2,0,Hard,15,88,56,Advanced
140,30,27,3,90.0,17,10,8,9,0,2,1,Hard,13,82,53,Advanced
141,30,10,20,33.33,52,7,3,0,3,7,10,Easy,3,50,13,Beginner
142,30,18,12,60.0,59,7,6,5,3,4,5,Easy,4,52,34,Beginner
143,30,12,18,40.0,57,10,4,0,0,6,12,Easy,3,59,18,Beginner
144,30,20,10,66.67,35,10,9,1,0,1,9,Medium,7,65,31,Intermediate
145,30,26,4,86.67,21,10,9,7,0,1,3,Hard,12,91,49,Advanced
146,30,20,10,66.67,25,9,8,3,1,2,7,Medium,7,72,34,Intermediate
147,30,19,11,63.33,29,10,10,0,0,0,11,Medium,7,69,30,Intermediate
148,30,18,12,60.0,38,8,3,7,2,7,3,Easy,5,55,35,Beginner
149,30,15,15,50.0,39,9,6,0,1,4,10,Easy,4,40,21,Beginner
150,30,20,10,66.67,31,9,10,1,1,0,9,Medium,9,65,32,Intermediate
151,30,10,20,33.33,56,9,6,0,1,4,15,Easy,3,40,21,Beginner
152,30,30,0,100.0,19,10,10,10,0,0,0,Hard,8,81,60,Advanced
153,30,12,18,40.0,59,6,6,0,4,4,10,Easy,3,59,18,Beginner
154,30,25,5,83.33,24,10,8,7,0,2,3,Hard,11,83,47,Advanced
155,30,30,0,100.0,25,10,8,12,0,2,0,Hard,10,85,62,Advanced
156,30,15,15,50.0,53,6,3,6,4,7,4,Easy,5,53,30,Beginner
157,30,10,20,33.33,40,6,4,0,4,6,10,Easy,3,53,14,Beginner
158,30,17,13,56.67,45,8,3,6,2,7,4,Easy,5,59,32,Beginner
159,30,22,8,73.33,38,8,8,6,2,2,4,Medium,5,76,42,Intermediate
160,30,23,7,76.67,26,9,10,4,1,0,6,Medium,7,76,41,Intermediate
161,30,30,0,100.0,17,10,10,10,0,0,0,Hard,13,86,60,Advanced
162,30,26,4,86.67,23,10,8,8,0,2,2,Hard,12,83,50,Advanced
163,30,21,9,70.0,27,10,9,2,0,1,8,Medium,5,76,34,Intermediate
164,30,15,15,50.0,52,10,5,0,0,5,10,Easy,2,51,20,Beginner
165,30,28,2,93.33,15,10,9,9,0,1,1,Hard,13,84,55,Advanced
166,30,19,11,63.33,29,10,10,0,0,0,11,Medium,6,80,30,Intermediate
167,30,29,1,96.67,17,10,10,9,0,0,1,Hard,14,99,57,Advanced
168,30,10,20,33.33,44,10,5,0,0,5,15,Easy,3,40,20,Beginner
169,30,23,7,76.67,26,9,9,5,1,1,5,Medium,6,67,42,Intermediate
170,30,11,19,36.67,45,6,5,0,4,5,10,Easy,2,40,16,Beginner
171,30,24,6,80.0,29,9,7,8,1,3,2,Medium,9,61,47,Intermediate
172,30,10,20,33.33,56,6,5,0,4,5,11,Easy,4,58,16,Beginner
173,30,21,9,70.0,26,9,7,5,1,3,5,Medium,5,70,38,Intermediate
174,30,18,12,60.0,50,9,3,6,1,7,4,Easy,2,42,33,Beginner
175,30,19,11,63.33,33,9,8,2,1,2,8,Medium,8,61,31,Intermediate
176,30,24,6,80.0,35,10,10,4,0,0,6,Medium,9,68,42,Intermediate
177,30,26,4,86.67,25,10,9,7,0,1,3,Hard,11,86,49,Advanced
178,30,10,20,33.33,52,6,6,0,4,4,12,Easy,4,40,18,Beginner
179,30,20,10,66.67,32,10,7,3,0,3,7,Medium,7,79,33,Intermediate
180,30,21,9,70.0,33,10,8,3,0,2,7,Medium,5,72,35,Intermediate
181,30,21,9,70.0,37,9,9,3,1,1,7,Medium,5,62,36,Intermediate
182,30,30,0,100.0,21,10,9,11,0,1,0,Hard,15,89,61,Advanced
183,30,25,5,83.33,15,10,9,6,0,1,4,Hard,11,84,46,Advanced
184,30,29,1,96.67,15,10,10,9,0,0,1,Hard,12,92,57,Advanced
185,30,12,18,40.0,54,6,3,3,4,7,7,Easy,3,57,21,Beginner
186,30,29,1,96.67,15,10,8,11,0,2,0,Hard,10,83,59,Advanced
187,30,22,8,73.33,31,8,8,6,2,2,4,Medium,6,69,42,Intermediate
188,30,26,4,86.67,24,10,8,8,0,2,2,Hard,12,93,50,Advanced
189,30,24,6,80.0,36,9,8,7,1,2,3,Medium,6,67,46,Intermediate
190,30,19,11,63.33,29,8,10,1,2,0,9,Medium,8,79,31,Intermediate
191,30,23,7,76.67,31,8,8,7,2,2,3,Medium,9,70,45,Intermediate
192,30,10,20,33.33,45,8,5,0,2,5,13,Easy,2,46,18,Beginner
193,30,22,8,73.33,31,10,9,3,0,1,7,Medium,5,66,37,Intermediate
194,30,23,7,76.67,32,8,10,5,2,0,5,Medium,5,67,43,Intermediate
195,30,26,4,86.67,15,10,10,6,0,0,4,Hard,11,83,48,Advanced
196,30,15,15,50.0,55,10,6,0,0,4,11,Easy,4,44,22,Beginner
197,30,25,5,83.33,17,10,10,5,0,0,5,Hard,13,83,45,Advanced
198,30,20,10,66.67,30,10,9,1,0,1,9,Medium,9,74,31,Intermediate
199,30,28,2,93.33,25,10,9,9,0,1,1,Hard,14,95,55,Advanced
200,30,26,4,86.67,18,10,8,8,0,2,2,Hard,9,93,50,Advanced
201,30,27,3,90.0,25,10,10,7,0,0,3,Hard,15,81,51,Advanced
202,30,22,8,73.33,26,8,7,7,2,3,3,Medium,8,75,43,Intermediate
203,30,21,9,70.0,27,9,8,4,1,2,6,Medium,7,72,37,Intermediate
204,30,24,6,80.0,30,9,7,8,1,3,2,Medium,5,61,47,Intermediate
205,30,17,13,56.67,38,6,4,7,4,6,3,Easy,5,41,35,Beginner
206,30,20,10,66.67,34,9,7,4,1,3,6,Medium,9,78,35,Intermediate
207,30,22,8,73.33,30,9,8,5,1,2,5,Medium,9,73,40,Intermediate
208,30,16,14,53.33,53,8,3,5,2,7,5,Easy,3,44,29,Beginner
209,30,12,18,40.0,42,9,4,0,1,6,11,Easy,5,48,17,Beginner
210,30,15,15,50.0,41,7,3,5,3,7,5,Easy,2,52,28,Beginner
211,30,25,5,83.33,21,10,9,6,0,1,4,Hard,9,83,46,Advanced
212,30,27,3,90.0,17,10,8,9,0,2,1,Hard,14,89,53,Advanced
213,30,16,14,53.33,57,7,6,3,3,4,7,Easy,5,48,28,Beginner
214,30,14,16,46.67,45,10,4,0,0,6,10,Easy,5,46,18,Beginner
215,30,12,18,40.0,39,9,6,0,1,4,13,Easy,4,47,21,Beginner
216,30,21,9,70.0,35,8,10,3,2,0,7,Medium,5,61,37,Intermediate
217,30,22,8,73.33,36,9,10,3,1,0,7,Medium,9,79,38,Intermediate
218,30,20,10,66.67,27,9,8,3,1,2,7,Medium,9,79,34,Intermediate
219,30,25,5,83.33,21,10,9,6,0,1,4,Hard,10,97,46,Advanced
220,30,21,9,70.0,30,8,8,5,2,2,5,Medium,6,74,39,Intermediate
221,30,25,5,83.33,23,10,8,7,0,2,3,Hard,14,100,47,Advanced
222,30,26,4,86.67,18,10,8,8,0,2,2,Hard,13,88,50,Advanced
223,30,23,7,76.67,37,8,10,5,2,0,5,Medium,8,71,43,Intermediate
224,30,29,1,96.67,16,10,9,10,0,1,0,Hard,11,90,58,Advanced
225,30,25,5,83.33,24,10,9,6,0,1,4,Hard,14,92,46,Advanced
226,30,19,11,63.33,27,10,9,0,0,1,10,Medium,6,69,28,Intermediate
227,30,18,12,60.0,47,6,4,8,4,6,2,Easy,3,49,38,Beginner
228,30,28,2,93.33,18,10,8,10,0,2,0,Hard,15,93,56,Advanced
229,30,21,9,70.0,27,9,7,5,1,3,5,Medium,8,80,38,Intermediate
230,30,30,0,100.0,19,10,8,12,0,2,0,Hard,13,97,62,Advanced
231,30,20,10,66.67,38,10,7,3,0,3,7,Medium,5,74,33,Intermediate
232,30,11,19,36.67,39,10,6,0,0,4,15,Easy,2,58,22,Beginner
233,30,21,9,70.0,32,8,10,3,2,0,7,Medium,9,61,37,Intermediate
234,30,16,14,53.33,59,7,6,3,3,4,7,Easy,2,44,28,Beginner
235,30,22,8,73.33,31,10,10,2,0,0,8,Medium,9,67,36,Intermediate
236,30,20,10,66.67,29,8,9,3,2,1,7,Medium,8,77,35,Intermediate
237,30,10,20,33.33,55,9,5,0,1,5,14,Easy,3,51,19,Beginner
238,30,12,18,40.0,45,9,3,0,1,7,10,Easy,2,44,15,Beginner
239,30,26,4,86.67,18,10,10,6,0,0,4,Hard,14,82,48,Advanced
240,30,10,20,33.33,48,9,6,0,1,4,15,Easy,3,51,21,Beginner
241,30,29,1,96.67,16,10,10,9,0,0,1,Hard,9,88,57,Advanced
242,30,25,5,83.33,18,10,10,5,0,0,5,Hard,8,84,45,Advanced
243,30,26,4,86.67,24,10,8,8,0,2,2,Hard,12,100,50,Advanced
244,30,26,4,86.67,19,10,10,6,0,0,4,Hard,13,94,48,Advanced
245,30,15,15,50.0,57,7,5,3,3,5,7,Easy,4,51,26,Beginner
246,30,18,12,60.0,55,10,4,4,0,6,6,Easy,5,54,30,Beginner
247,30,14,16,46.67,44,10,6,0,0,4,12,Easy,4,57,22,Beginner
248,30,28,2,93.33,16,10,10,8,0,0,2,Hard,11,83,54,Advanced
249,30,24,6,80.0,33,8,8,8,2,2,2,Medium,5,71,48,Intermediate
250,30,10,20,33.33,48,8,5,0,2,5,13,Easy,5,48,18,Beginner
251,30,13,17,43.33,55,7,6,0,3,4,10,Easy,2,51,19,Beginner
252,30,25,5,83.33,17,10,10,5,0,0,5,Hard,8,95,45,Advanced
253,30,28,2,93.33,16,10,8,10,0,2,0,Hard,14,89,56,Advanced
254,30,26,4,86.67,17,10,9,7,0,1,3,Hard,9,89,49,Advanced
255,30,24,6,80.0,33,9,7,8,1,3,2,Medium,7,80,47,Intermediate
256,30,18,12,60.0,38,10,4,4,0,6,6,Easy,4,57,30,Beginner
257,30,24,6,80.0,29,8,10,6,2,0,4,Medium,9,74,46,Intermediate
258,30,29,1,96.67,23,10,9,10,0,1,0,Hard,10,94,58,Advanced
259,30,25,5,83.33,20,10,8,7,0,2,3,Hard,11,81,47,Advanced
260,30,20,10,66.67,26,8,7,5,2,3,5,Medium,8,70,37,Intermediate
261,30,24,6,80.0,29,9,10,5,1,0,5,Medium,8,79,44,Intermediate
262,30,10,20,33.33,50,8,6,0,2,4,14,Easy,5,52,20,Beginner
263,30,20,10,66.67,32,8,7,5,2,3,5,Medium,8,79,37,Intermediate
264,30,11,19,36.67,51,8,3,0,2,7,10,Easy,4,55,14,Beginner
265,30,26,4,86.67,20,10,8,8,0,2,2,Hard,11,89,50,Advanced
266,30,22,8,73.33,33,10,9,3,0,1,7,Medium,7,77,37,Intermediate
267,30,28,2,93.33,15,10,9,9,0,1,1,Hard,9,89,55,Advanced
268,30,13,17,43.33,49,9,4,0,1,6,10,Easy,4,57,17,Beginner
269,30,15,15,50.0,59,9,3,3,1,7,7,Easy,3,52,24,Beginner
270,30,22,8,73.33,32,9,10,3,1,0,7,Medium,6,62,38,Intermediate
271,30,18,12,60.0,47,9,5,4,1,5,6,Easy,4,49,31,Beginner
272,30,22,8,73.33,35,8,7,7,2,3,3,Medium,5,63,43,Intermediate
273,30,17,13,56.67,40,10,3,4,0,7,6,Easy,3,58,28,Beginner
274,30,25,5,83.33,23,10,9,6,0,1,4,Hard,8,99,46,Advanced
275,30,15,15,50.0,46,9,3,3,1,7,7,Easy,5,46,24,Beginner
276,30,17,13,56.67,41,9,6,2,1,4,8,Easy,4,40,27,Beginner
277,30,26,4,86.67,17,10,9,7,0,1,3,Hard,14,96,49,Advanced
278,30,25,5,83.33,19,10,8,7,0,2,3,Hard,12,96,47,Advanced
279,30,22,8,73.33,31,10,10,2,0,0,8,Medium,5,68,36,Intermediate
280,30,10,20,33.33,40,9,6,0,1,4,15,Easy,3,47,21,Beginner
281,30,24,6,80.0,34,8,9,7,2,1,3,Medium,6,74,47,Intermediate
282,30,30,0,100.0,18,10,9,11,0,1,0,Hard,15,96,61,Advanced
283,30,19,11,63.33,38,9,8,2,1,2,8,Medium,9,72,31,Intermediate
284,30,22,8,73.33,33,8,7,7,2,3,3,Medium,8,63,43,Intermediate
285,30,24,6,80.0,31,10,10,4,0,0,6,Medium,7,80,42,Intermediate
286,30,14,16,46.67,54,7,6,1,3,4,9,Easy,3,55,22,Beginner
287,30,12,18,40.0,48,10,5,0,0,5,13,Easy,2,54,20,Beginner
288,30,23,7,76.67,34,9,7,7,1,3,3,Medium,7,61,44,Intermediate
289,30,18,12,60.0,55,6,4,8,4,6,2,Easy,5,54,38,Beginner
290,30,21,9,70.0,25,8,9,4,2,1,6,Medium,9,76,38,Intermediate
291,30,24,6,80.0,31,9,7,8,1,3,2,Medium,7,73,47,Intermediate
292,30,23,7,76.67,34,8,9,6,2,1,4,Medium,8,64,44,Intermediate
293,30,26,4,86.67,15,10,10,6,0,0,4,Hard,8,92,48,Advanced
294,30,12,18,40.0,56,9,3,0,1,7,10,Easy,5,49,15,Beginner
295,30,19,11,63.33,28,9,9,1,1,1,9,Medium,6,62,30,Intermediate
296,30,19,11,63.33,36,10,7,2,0,3,8,Medium,8,64,30,Intermediate
297,30,22,8,73.33,36,10,10,2,0,0,8,Medium,8,62,36,Intermediate
298,30,29,1,96.67,24,10,8,11,0,2,0,Hard,14,94,59,Advanced
299,30,12,18,40.0,40,8,5,0,2,5,11,Easy,3,40,18,Beginner
300,30,14,16,46.67,50,9,6,0,1,4,11,Easy,3,57,21,Beginner
301,30,21,9,70.0,30,10,7,4,0,3,6,Medium,5,65,36,Intermediate
302,30,14,16,46.67,38,7,6,1,3,4,9,Easy,4,50,22,Beginner
303,30,27,3,90.0,18,10,9,8,0,1,2,Hard,11,84,52,Advanced
304,30,22,8,73.33,33,8,8,6,2,2,4,Medium,5,65,42,Intermediate
305,30,19,11,63.33,37,9,10,0,1,0,10,Medium,8,78,29,Intermediate
306,30,17,13,56.67,48,9,3,5,1,7,5,Easy,3,50,30,Beginner
307,30,21,9,70.0,25,9,8,4,1,2,6,Medium,7,77,37,Intermediate
308,30,21,9,70.0,33,9,9,3,1,1,7,Medium,5,73,36,Intermediate
309,30,15,15,50.0,53,8,4,3,2,6,7,Easy,3,58,25,Beginner
310,30,23,7,76.67,35,9,9,5,1,1,5,Medium,8,63,42,Intermediate
311,30,20,10,66.67,25,10,10,0,0,0,10,Medium,8,78,30,Intermediate
312,30,20,10,66.67,38,10,7,3,0,3,7,Medium,7,79,33,Intermediate
313,30,27,3,90.0,18,10,9,8,0,1,2,Hard,11,98,52,Advanced
314,30,23,7,76.67,27,9,9,5,1,1,5,Medium,6,78,42,Intermediate
315,30,15,15,50.0,46,6,6,3,4,4,7,Easy,5,56,27,Beginner
316,30,18,12,60.0,41,6,3,9,4,7,1,Easy,5,59,39,Beginner
317,30,16,14,53.33,41,6,4,6,4,6,4,Easy,3,47,32,Beginner
318,30,12,18,40.0,39,7,5,0,3,5,10,Easy,4,43,17,Beginner
319,30,11,19,36.67,47,7,4,0,3,6,10,Easy,3,60,15,Beginner
320,30,17,13,56.67,60,7,4,6,3,6,4,Easy,4,54,33,Beginner
321,30,15,15,50.0,40,7,5,3,3,5,7,Easy,2,58,26,Beginner
322,30,21,9,70.0,31,10,7,4,0,3,6,Medium,5,61,36,Intermediate
323,30,19,11,63.33,38,10,8,1,0,2,9,Medium,7,67,29,Intermediate
324,30,27,3,90.0,18,10,10,7,0,0,3,Hard,15,86,51,Advanced
325,30,18,12,60.0,46,7,3,8,3,7,2,Easy,4,50,37,Beginner
326,30,21,9,70.0,37,10,9,2,0,1,8,Medium,5,64,34,Intermediate
327,30,23,7,76.67,38,9,7,7,1,3,3,Medium,5,79,44,Intermediate
328,30,14,16,46.67,40,8,3,3,2,7,7,Easy,4,48,23,Beginner
329,30,10,20,33.33,48,9,5,0,1,5,14,Easy,4,45,19,Beginner
330,30,10,20,33.33,44,9,4,0,1,6,13,Easy,5,49,17,Beginner
331,30,14,16,46.67,39,7,3,4,3,7,6,Easy,4,53,25,Beginner
332,30,20,10,66.67,35,8,7,5,2,3,5,Medium,8,71,37,Intermediate
333,30,17,13,56.67,47,6,6,5,4,4,5,Easy,4,43,33,Beginner
334,30,18,12,60.0,54,8,5,5,2,5,5,Easy,4,46,33,Beginner
335,30,28,2,93.33,22,10,10,8,0,0,2,Hard,13,81,54,Advanced
336,30,27,3,90.0,18,10,9,8,0,1,2,Hard,14,88,52,Advanced
337,30,24,6,80.0,34,9,10,5,1,0,5,Medium,5,73,44,Intermediate
338,30,20,10,66.67,31,8,9,3,2,1,7,Medium,6,80,35,Intermediate
339,30,14,16,46.67,54,7,5,2,3,5,8,Easy,2,49,23,Beginner
340,30,26,4,86.67,23,10,10,6,0,0,4,Hard,11,86,48,Advanced
341,30,29,1,96.67,17,10,8,11,0,2,0,Hard,13,92,59,Advanced
342,30,22,8,73.33,31,10,9,3,0,1,7,Medium,6,62,37,Intermediate
343,30,22,8,73.33,37,9,8,5,1,2,5,Medium,5,69,40,Intermediate
344,30,27,3,90.0,25,10,10,7,0,0,3,Hard,12,91,51,Advanced
345,30,19,11,63.33,28,9,10,0,1,0,10,Medium,5,75,29,Intermediate
346,30,23,7,76.67,26,10,8,5,0,2,5,Medium,5,67,41,Intermediate
347,30,10,20,33.33,48,6,3,1,4,7,9,Easy,3,50,15,Beginner
348,30,30,0,100.0,24,10,9,11,0,1,0,Hard,8,90,61,Advanced
349,30,21,9,70.0,37,10,10,1,0,0,9,Medium,7,70,33,Intermediate
350,30,10,20,33.33,55,10,4,0,0,6,14,Easy,5,54,18,Beginner
351,30,21,9,70.0,33,10,8,3,0,2,7,Medium,7,66,35,Intermediate
352,30,25,5,83.33,24,10,10,5,0,0,5,Hard,8,95,45,Advanced
353,30,30,0,100.0,23,10,10,10,0,0,0,Hard,12,94,60,Advanced
354,30,19,11,63.33,35,10,8,1,0,2,9,Medium,5,63,29,Intermediate
355,30,19,11,63.33,33,9,8,2,1,2,8,Medium,8,76,31,Intermediate
356,30,26,4,86.67,17,10,8,8,0,2,2,Hard,14,85,50,Advanced
357,30,10,20,33.33,58,10,5,0,0,5,15,Easy,2,60,20,Beginner
358,30,11,19,36.67,42,6,4,1,4,6,9,Easy,4,42,17,Beginner
359,30,26,4,86.67,20,10,9,7,0,1,3,Hard,14,100,49,Advanced
360,30,30,0,100.0,18,10,10,10,0,0,0,Hard,12,88,60,Advanced
361,30,20,10,66.67,35,9,10,1,1,0,9,Medium,7,72,32,Intermediate
362,30,21,9,70.0,35,9,7,5,1,3,5,Medium,8,63,38,Intermediate
363,30,30,0,100.0,24,10,9,11,0,1,0,Hard,12,89,61,Advanced
364,30,10,20,33.33,55,7,4,0,3,6,11,Easy,2,53,15,Beginner
365,30,16,14,53.33,41,7,5,4,3,5,6,Easy,5,51,29,Beginner
366,30,10,20,33.33,52,10,3,0,0,7,13,Easy,5,60,16,Beginner
367,30,24,6,80.0,36,9,9,6,1,1,4,Medium,6,72,45,Intermediate
368,30,28,2,93.33,25,10,10,8,0,0,2,Hard,10,85,54,Advanced
369,30,24,6,80.0,36,10,9,5,0,1,5,Medium,5,74,43,Intermediate
370,30,21,9,70.0,38,9,9,3,1,1,7,Medium,6,72,36,Intermediate
371,30,21,9,70.0,32,9,8,4,1,2,6,Medium,5,78,37,Intermediate
372,30,28,2,93.33,15,10,8,10,0,2,0,Hard,8,88,56,Advanced
373,30,21,9,70.0,32,8,10,3,2,0,7,Medium,6,80,37,Intermediate
374,30,29,1,96.67,22,10,10,9,0,0,1,Hard,10,96,57,Advanced
375,30,29,1,96.67,21,10,8,11,0,2,0,Hard,11,86,59,Advanced
376,30,27,3,90.0,24,10,9,8,0,1,2,Hard,12,91,52,Advanced
377,30,18,12,60.0,49,7,4,7,3,6,3,Easy,2,42,36,Beginner
378,30,25,5,83.33,25,10,10,5,0,0,5,Hard,9,82,45,Advanced
379,30,17,13,56.67,60,8,5,4,2,5,6,Easy,4,57,30,Beginner
380,30,13,17,43.33,51,9,5,0,1,5,11,Easy,2,59,19,Beginner
381,30,11,19,36.67,45,10,6,0,0,4,15,Easy,2,50,22,Beginner
382,30,13,17,43.33,41,8,3,2,2,7,8,Easy,5,47,20,Beginner
383,30,19,11,63.33,26,10,10,0,0,0,11,Medium,6,77,30,Intermediate
384,30,27,3,90.0,24,10,9,8,0,1,2,Hard,9,87,52,Advanced
385,30,16,14,53.33,60,8,4,4,2,6,6,Easy,4,47,28,Beginner
386,30,29,1,96.67,23,10,10,9,0,0,1,Hard,12,93,57,Advanced
387,30,28,2,93.33,20,10,9,9,0,1,1,Hard,15,93,55,Advanced
388,30,16,14,53.33,49,8,6,2,2,4,8,Easy,2,40,26,Beginner
389,30,25,5,83.33,25,10,8,7,0,2,3,Hard,10,81,47,Advanced
390,30,29,1,96.67,21,10,8,11,0,2,0,Hard,14,88,59,Advanced
391,30,29,1,96.67,19,10,9,10,0,1,0,Hard,9,83,58,Advanced
392,30,29,1,96.67,24,10,9,10,0,1,0,Hard,15,99,58,Advanced
393,30,20,10,66.67,28,10,8,2,0,2,8,Medium,8,75,32,Intermediate
394,30,30,0,100.0,22,10,9,11,0,1,0,Hard,8,94,61,Advanced
395,30,20,10,66.67,28,10,9,1,0,1,9,Medium,8,65,31,Intermediate
396,30,26,4,86.67,17,10,8,8,0,2,2,Hard,11,90,50,Advanced
397,30,21,9,70.0,28,9,7,5,1,3,5,Medium,7,70,38,Intermediate
398,30,27,3,90.0,25,10,9,8,0,1,2,Hard,8,89,52,Advanced
399,30,23,7,76.67,26,8,8,7,2,2,3,Medium,7,63,45,Intermediate
400,30,19,11,63.33,30,10,7,2,0,3,8,Medium,8,66,30,Intermediate
401,30,19,11,63.33,32,9,7,3,1,3,7,Medium,5,62,32,Intermediate
402,30,30,0,100.0,20,10,8,12,0,2,0,Hard,8,86,62,Advanced
403,30,16,14,53.33,51,10,4,2,0,6,8,Easy,4,49,24,Beginner
404,30,12,18,40.0,51,6,4,2,4,6,8,Easy,5,56,20,Beginner
405,30,26,4,86.67,15,10,10,6,0,0,4,Hard,12,93,48,Advanced
406,30,21,9,70.0,25,10,9,2,0,1,8,Medium,6,61,34,Intermediate
407,30,21,9,70.0,32,9,10,2,1,0,8,Medium,8,71,35,Intermediate
408,30,25,5,83.33,18,10,8,7,0,2,3,Hard,13,85,47,Advanced
409,30,16,14,53.33,41,9,4,3,1,6,7,Easy,5,50,26,Beginner
410,30,21,9,70.0,25,9,9,3,1,1,7,Medium,9,77,36,Intermediate
411,30,11,19,36.67,57,8,4,0,2,6,11,Easy,3,44,16,Beginner
412,30,22,8,73.33,35,10,7,5,0,3,5,Medium,8,68,39,Intermediate
413,30,19,11,63.33,32,10,7,2,0,3,8,Medium,5,63,30,Intermediate
414,30,24,6,80.0,30,8,8,8,2,2,2,Medium,8,68,48,Intermediate
415,30,20,10,66.67,25,9,10,1,1,0,9,Medium,7,73,32,Intermediate
416,30,28,2,93.33,17,10,8,10,0,2,0,Hard,13,81,56,Advanced
417,30,14,16,46.67,57,6,5,3,4,5,7,Easy,4,48,25,Beginner
418,30,26,4,86.67,20,10,8,8,0,2,2,Hard,14,96,50,Advanced
419,30,13,17,43.33,38,10,6,0,0,4,13,Easy,4,45,22,Beginner
420,30,16,14,53.33,58,8,3,5,2,7,5,Easy,4,47,29,Beginner
421,30,26,4,86.67,15,10,10,6,0,0,4,Hard,10,93,48,Advanced
422,30,24,6,80.0,27,9,7,8,1,3,2,Medium,8,62,47,Intermediate
423,30,22,8,73.33,27,8,10,4,2,0,6,Medium,6,66,40,Intermediate
424,30,14,16,46.67,41,10,3,1,0,7,9,Easy,3,53,19,Beginner
425,30,20,10,66.67,29,8,9,3,2,1,7,Medium,5,78,35,Intermediate
426,30,19,11,63.33,37,8,9,2,2,1,8,Medium,6,77,32,Intermediate
427,30,27,3,90.0,22,10,9,8,0,1,2,Hard,14,91,52,Advanced
428,30,12,18,40.0,58,7,6,0,3,4,11,Easy,5,60,19,Beginner
429,30,16,14,53.33,53,10,4,2,0,6,8,Easy,5,54,24,Beginner
430,30,22,8,73.33,28,9,10,3,1,0,7,Medium,5,73,38,Intermediate
431,30,29,1,96.67,20,10,9,10,0,1,0,Hard,13,88,58,Advanced
432,30,25,5,83.33,19,10,10,5,0,0,5,Hard,13,94,45,Advanced
433,30,28,2,93.33,17,10,8,10,0,2,0,Hard,11,81,56,Advanced
434,30,26,4,86.67,17,10,8,8,0,2,2,Hard,14,83,50,Advanced
435,30,20,10,66.67,26,10,7,3,0,3,7,Medium,9,68,33,Intermediate
436,30,20,10,66.67,25,9,8,3,1,2,7,Medium,9,62,34,Intermediate
437,30,21,9,70.0,25,10,7,4,0,3,6,Medium,7,80,36,Intermediate
438,30,14,16,46.67,49,8,5,1,2,5,9,Easy,3,45,21,Beginner
439,30,23,7,76.67,37,8,7,8,2,3,2,Medium,6,69,46,Intermediate
440,30,19,11,63.33,36,8,10,1,2,0,9,Medium,9,68,31,Intermediate
441,30,19,11,63.33,28,9,10,0,1,0,10,Medium,5,68,29,Intermediate
442,30,28,2,93.33,16,10,10,8,0,0,2,Hard,11,99,54,Advanced
443,30,12,18,40.0,49,10,5,0,0,5,13,Easy,5,41,20,Beginner
444,30,16,14,53.33,47,6,6,4,4,4,6,Easy,5,53,30,Beginner
445,30,14,16,46.67,60,10,5,0,0,5,11,Easy,2,59,20,Beginner
446,30,17,13,56.67,40,8,6,3,2,4,7,Easy,2,42,29,Beginner
447,30,26,4,86.67,17,10,8,8,0,2,2,Hard,14,93,50,Advanced
448,30,20,10,66.67,36,10,10,0,0,0,10,Medium,5,61,30,Intermediate
449,30,27,3,90.0,22,10,8,9,0,2,1,Hard,12,91,53,Advanced
450,30,24,6,80.0,30,10,7,7,0,3,3,Medium,7,71,45,Intermediate
451,30,10,20,33.33,55,9,6,0,1,4,15,Easy,2,45,21,Beginner
452,30,21,9,70.0,37,10,8,3,0,2,7,Medium,6,74,35,Intermediate
453,30,28,2,93.33,21,10,10,8,0,0,2,Hard,15,94,54,Advanced
454,30,22,8,73.33,35,10,9,3,0,1,7,Medium,9,79,37,Intermediate
455,30,20,10,66.67,30,9,10,1,1,0,9,Medium,9,68,32,Intermediate
456,30,29,1,96.67,23,10,10,9,0,0,1,Hard,13,90,57,Advanced
457,30,19,11,63.33,32,8,10,1,2,0,9,Medium,9,78,31,Intermediate
458,30,30,0,100.0,19,10,10,10,0,0,0,Hard,10,83,60,Advanced
459,30,12,18,40.0,56,9,3,0,1,7,10,Easy,5,47,15,Beginner
460,30,21,9,70.0,27,9,8,4,1,2,6,Medium,9,79,37,Intermediate
461,30,20,10,66.67,34,8,9,3,2,1,7,Medium,7,76,35,Intermediate
462,30,11,19,36.67,52,10,6,0,0,4,15,Easy,4,47,22,Beginner
463,30,23,7,76.67,36,8,9,6,2,1,4,Medium,8,69,44,Intermediate
464,30,18,12,60.0,47,6,3,9,4,7,1,Easy,3,57,39,Beginner
465,30,28,2,93.33,19,10,9,9,0,1,1,Hard,10,87,55,Advanced
466,30,30,0,100.0,20,10,9,11,0,1,0,Hard,11,95,61,Advanced
467,30,27,3,90.0,17,10,8,9,0,2,1,Hard,12,87,53,Advanced
468,30,21,9,70.0,32,8,10,3,2,0,7,Medium,9,61,37,Intermediate
469,30,26,4,86.67,21,10,9,7,0,1,3,Hard,13,97,49,Advanced
470,30,25,5,83.33,21,10,10,5,0,0,5,Hard,9,95,45,Advanced
471,30,24,6,80.0,25,9,10,5,1,0,5,Medium,6,63,44,Intermediate
472,30,15,15,50.0,45,10,3,2,0,7,8,Easy,2,59,22,Beginner
473,30,28,2,93.33,25,10,10,8,0,0,2,Hard,13,92,54,Advanced
474,30,20,10,66.67,36,10,7,3,0,3,7,Medium,7,71,33,Intermediate
475,30,19,11,63.33,35,10,7,2,0,3,8,Medium,8,65,30,Intermediate
476,30,15,15,50.0,45,7,4,4,3,6,6,Easy,5,55,27,Beginner
477,30,28,2,93.33,21,10,8,10,0,2,0,Hard,14,98,56,Advanced
478,30,26,4,86.67,18,10,9,7,0,1,3,Hard,10,92,49,Advanced
479,30,14,16,46.67,43,8,5,1,2,5,9,Easy,5,55,21,Beginner
480,30,17,13,56.67,47,8,3,6,2,7,4,Easy,4,48,32,Beginner
481,30,21,9,70.0,36,8,10,3,2,0,7,Medium,6,72,37,Intermediate
482,30,24,6,80.0,32,9,10,5,1,0,5,Medium,6,76,44,Intermediate
483,30,26,4,86.67,21,10,10,6,0,0,4,Hard,8,84,48,Advanced
484,30,17,13,56.67,46,7,4,6,3,6,4,Easy,4,58,33,Beginner
485,30,21,9,70.0,34,8,8,5,2,2,5,Medium,5,72,39,Intermediate
486,30,20,10,66.67,36,8,9,3,2,1,7,Medium,8,69,35,Intermediate
487,30,17,13,56.67,42,9,5,3,1,5,7,Easy,5,54,28,Beginner
488,30,21,9,70.0,37,8,9,4,2,1,6,Medium,6,62,38,Intermediate
489,30,22,8,73.33,26,9,8,5,1,2,5,Medium,7,72,40,Intermediate
490,30,20,10,66.67,35,10,10,0,0,0,10,Medium,9,64,30,Intermediate
491,30,27,3,90.0,15,10,8,9,0,2,1,Hard,10,97,53,Advanced
492,30,24,6,80.0,37,9,10,5,1,0,5,Medium,9,76,44,Intermediate
493,30,10,20,33.33,58,6,3,1,4,7,9,Easy,2,42,15,Beginner
494,30,14,16,46.67,52,9,6,0,1,4,11,Easy,3,58,21,Beginner
495,30,14,16,46.67,41,7,5,2,3,5,8,Easy,4,49,23,Beginner
496,30,23,7,76.67,30,9,8,6,1,2,4,Medium,7,62,43,Intermediate
497,30,28,2,93.33,21,10,10,8,0,0,2,Hard,8,96,54,Advanced
498,30,21,9,70.0,36,8,9,4,2,1,6,Medium,8,65,38,Intermediate
499,30,23,7,76.67,26,8,10,5,2,0,5,Medium,7,76,43,Intermediate
500,30,28,2,93.33,25,10,10,8,0,0,2,Hard,8,98,54,Advanced
501,30,30,0,100.0,18,10,8,12,0,2,0,Hard,8,81,62,Advanced
502,30,11,19,36.67,52,9,5,0,1,5,13,Easy,2,41,19,Beginner
503,30,10,20,33.33,48,9,5,0,1,5,14,Easy,5,56,19,Beginner
504,30,10,20,33.33,57,10,3,0,0,7,13,Easy,5,58,16,Beginner
505,30,15,15,50.0,60,10,3,2,0,7,8,Easy,4,57,22,Beginner
506,30,28,2,93.33,15,10,9,9,0,1,1,Hard,10,86,55,Advanced
507,30,29,1,96.67,23,10,10,9,0,0,1,Hard,12,83,57,Advanced
508,30,27,3,90.0,16,10,9,8,0,1,2,Hard,12,99,52,Advanced
509,30,10,20,33.33,48,10,6,0,0,4,16,Easy,2,42,22,Beginner
510,30,28,2,93.33,18,10,8,10,0,2,0,Hard,11,99,56,Advanced
511,30,27,3,90.0,18,10,10,7,0,0,3,Hard,13,100,51,Advanced
512,30,30,0,100.0,17,10,8,12,0,2,0,Hard,14,93,62,Advanced
513,30,10,20,33.33,49,10,4,0,0,6,14,Easy,4,44,18,Beginner
514,30,10,20,33.33,51,9,4,0,1,6,13,Easy,4,56,17,Beginner
515,30,16,14,53.33,51,9,6,1,1,4,9,Easy,4,47,24,Beginner
516,30,24,6,80.0,38,8,8,8,2,2,2,Medium,7,63,48,Intermediate
517,30,30,0,100.0,22,10,8,12,0,2,0,Hard,11,96,62,Advanced
518,30,23,7,76.67,31,9,7,7,1,3,3,Medium,7,70,44,Intermediate
519,30,23,7,76.67,26,8,8,7,2,2,3,Medium,6,66,45,Intermediate
520,30,20,10,66.67,25,9,10,1,1,0,9,Medium,6,67,32,Intermediate
521,30,22,8,73.33,33,9,8,5,1,2,5,Medium,7,62,40,Intermediate
522,30,24,6,80.0,32,10,10,4,0,0,6,Medium,6,73,42,Intermediate
523,30,26,4,86.67,21,10,8,8,0,2,2,Hard,9,98,50,Advanced
524,30,14,16,46.67,38,7,4,3,3,6,7,Easy,4,42,24,Beginner
525,30,30,0,100.0,20,10,8,12,0,2,0,Hard,15,91,62,Advanced
526,30,25,5,83.33,22,10,8,7,0,2,3,Hard,13,82,47,Advanced
527,30,17,13,56.67,52,10,4,3,0,6,7,Easy,4,55,27,Beginner
528,30,30,0,100.0,17,10,9,11,0,1,0,Hard,12,87,61,Advanced
529,30,20,10,66.67,35,8,7,5,2,3,5,Medium,6,61,37,Intermediate
530,30,22,8,73.33,37,10,7,5,0,3,5,Medium,8,77,39,Intermediate
531,30,10,20,33.33,48,7,4,0,3,6,11,Easy,2,42,15,Beginner
532,30,28,2,93.33,23,10,8,10,0,2,0,Hard,8,90,56,Advanced
533,30,22,8,73.33,33,9,7,6,1,3,4,Medium,5,78,41,Intermediate
534,30,26,4,86.67,20,10,10,6,0,0,4,Hard,11,82,48,Advanced
535,30,30,0,100.0,15,10,8,12,0,2,0,Hard,10,82,62,Advanced
536,30,27,3,90.0,18,10,9,8,0,1,2,Hard,12,100,52,Advanced
537,30,17,13,56.67,58,6,6,5,4,4,5,Easy,5,43,33,Beginner
538,30,17,13,56.67,53,6,6,5,4,4,5,Easy,4,55,33,Beginner
539,30,22,8,73.33,32,9,7,6,1,3,4,Medium,9,72,41,Intermediate
540,30,21,9,70.0,25,10,10,1,0,0,9,Medium,7,63,33,Intermediate
541,30,24,6,80.0,29,10,8,6,0,2,4,Medium,6,75,44,Intermediate
542,30,17,13,56.67,39,7,4,6,3,6,4,Easy,3,47,33,Beginner
543,30,19,11,63.33,34,10,7,2,0,3,8,Medium,7,75,30,Intermediate
544,30,20,10,66.67,31,9,10,1,1,0,9,Medium,7,78,32,Intermediate
545,30,20,10,66.67,30,8,10,2,2,0,8,Medium,9,80,34,Intermediate
546,30,22,8,73.33,29,10,9,3,0,1,7,Medium,7,62,37,Intermediate
547,30,24,6,80.0,27,10,10,4,0,0,6,Medium,7,67,42,Intermediate
548,30,18,12,60.0,57,10,3,5,0,7,5,Easy,5,49,31,Beginner
549,30,29,1,96.67,15,10,9,10,0,1,0,Hard,10,90,58,Advanced
550,30,30,0,100.0,15,10,9,11,0,1,0,Hard,9,97,61,Advanced
551,30,25,5,83.33,18,10,10,5,0,0,5,Hard,14,89,45,Advanced
552,30,20,10,66.67,26,10,8,2,0,2,8,Medium,7,77,32,Intermediate
553,30,23,7,76.67,34,8,9,6,2,1,4,Medium,6,62,44,Intermediate
554,30,18,12,60.0,42,6,5,7,4,5,3,Easy,4,44,37,Beginner
555,30,28,2,93.33,18,10,9,9,0,1,1,Hard,13,90,55,Advanced
556,30,13,17,43.33,48,6,6,1,4,4,9,Easy,5,57,21,Beginner
557,30,24,6,80.0,30,10,10,4,0,0,6,Medium,6,63,42,Intermediate
558,30,21,9,70.0,35,10,8,3,0,2,7,Medium,6,63,35,Intermediate
559,30,24,6,80.0,28,8,10,6,2,0,4,Medium,7,73,46,Intermediate
560,30,29,1,96.67,24,10,8,11,0,2,0,Hard,12,88,59,Advanced
561,30,29,1,96.67,18,10,9,10,0,1,0,Hard,13,88,58,Advanced
562,30,30,0,100.0,23,10,9,11,0,1,0,Hard,14,88,61,Advanced
563,30,18,12,60.0,59,10,5,3,0,5,7,Easy,5,41,29,Beginner
564,30,10,20,33.33,41,9,4,0,1,6,13,Easy,4,60,17,Beginner
565,30,29,1,96.67,18,10,8,11,0,2,0,Hard,13,96,59,Advanced
566,30,29,1,96.67,20,10,10,9,0,0,1,Hard,11,95,57,Advanced
567,30,21,9,70.0,38,10,7,4,0,3,6,Medium,8,65,36,Intermediate
568,30,28,2,93.33,15,10,8,10,0,2,0,Hard,15,99,56,Advanced
569,30,16,14,53.33,45,7,5,4,3,5,6,Easy,3,53,29,Beginner
570,30,26,4,86.67,19,10,9,7,0,1,3,Hard,11,90,49,Advanced
571,30,26,4,86.67,19,10,8,8,0,2,2,Hard,13,88,50,Advanced
572,30,22,8,73.33,35,9,9,4,1,1,6,Medium,7,66,39,Intermediate
573,30,19,11,63.33,30,8,7,4,2,3,6,Medium,9,73,34,Intermediate
574,30,22,8,73.33,27,9,9,4,1,1,6,Medium,5,80,39,Intermediate
575,30,27,3,90.0,21,10,10,7,0,0,3,Hard,8,89,51,Advanced
576,30,29,1,96.67,19,10,10,9,0,0,1,Hard,10,93,57,Advanced
577,30,21,9,70.0,30,8,7,6,2,3,4,Medium,5,77,40,Intermediate
578,30,30,0,100.0,23,10,8,12,0,2,0,Hard,9,94,62,Advanced
579,30,11,19,36.67,52,9,4,0,1,6,12,Easy,5,50,17,Beginner
580,30,27,3,90.0,24,10,8,9,0,2,1,Hard,9,87,53,Advanced
581,30,25,5,83.33,20,10,9,6,0,1,4,Hard,15,91,46,Advanced
582,30,12,18,40.0,45,10,6,0,0,4,14,Easy,3,40,22,Beginner
583,30,22,8,73.33,35,9,8,5,1,2,5,Medium,6,67,40,Intermediate
584,30,24,6,80.0,30,9,8,7,1,2,3,Medium,6,64,46,Intermediate
585,30,27,3,90.0,25,10,10,7,0,0,3,Hard,10,83,51,Advanced
586,30,24,6,80.0,36,10,10,4,0,0,6,Medium,8,78,42,Intermediate
587,30,30,0,100.0,20,10,10,10,0,0,0,Hard,14,84,60,Advanced
588,30,26,4,86.67,21,10,8,8,0,2,2,Hard,9,98,50,Advanced
589,30,19,11,63.33,35,8,7,4,2,3,6,Medium,9,61,34,Intermediate
590,30,13,17,43.33,44,6,5,2,4,5,8,Easy,3,42,22,Beginner
591,30,19,11,63.33,37,9,7,3,1,3,7,Medium,8,62,32,Intermediate
592,30,23,7,76.67,38,10,7,6,0,3,4,Medium,6,74,42,Intermediate
593,30,27,3,90.0,24,10,10,7,0,0,3,Hard,9,87,51,Advanced
594,30,25,5,83.33,16,10,9,6,0,1,4,Hard,8,83,46,Advanced
595,30,25,5,83.33,21,10,9,6,0,1,4,Hard,11,88,46,Advanced
596,30,22,8,73.33,31,9,9,4,1,1,6,Medium,6,65,39,Intermediate
597,30,28,2,93.33,21,10,10,8,0,0,2,Hard,12,91,54,Advanced
598,30,10,20,33.33,55,9,5,0,1,5,14,Easy,2,44,19,Beginner
599,30,21,9,70.0,33,9,10,2,1,0,8,Medium,6,63,35,Intermediate
600,30,17,13,56.67,51,8,5,4,2,5,6,Easy,5,40,30,Beginner
601,30,27,3,90.0,20,10,8,9,0,2,1,Hard,8,83,53,Advanced
602,30,10,20,33.33,55,7,4,0,3,6,11,Easy,4,60,15,Beginner
603,30,25,5,83.33,23,10,9,6,0,1,4,Hard,15,96,46,Advanced
604,30,24,6,80.0,28,8,10,6,2,0,4,Medium,5,79,46,Intermediate
605,30,23,7,76.67,34,9,8,6,1,2,4,Medium,6,76,43,Intermediate
606,30,17,13,56.67,41,7,3,7,3,7,3,Easy,2,56,34,Beginner
607,30,23,7,76.67,33,10,8,5,0,2,5,Medium,9,63,41,Intermediate
608,30,16,14,53.33,44,8,5,3,2,5,7,Easy,3,46,27,Beginner
609,30,19,11,63.33,26,8,9,2,2,1,8,Medium,8,76,32,Intermediate
610,30,22,8,73.33,33,10,9,3,0,1,7,Medium,9,70,37,Intermediate
611,30,19,11,63.33,35,9,10,0,1,0,10,Medium,6,68,29,Intermediate
612,30,21,9,70.0,32,8,9,4,2,1,6,Medium,8,80,38,Intermediate
613,30,20,10,66.67,34,10,8,2,0,2,8,Medium,8,75,32,Intermediate
614,30,27,3,90.0,19,10,8,9,0,2,1,Hard,13,93,53,Advanced
615,30,25,5,83.33,15,10,10,5,0,0,5,Hard,10,88,45,Advanced
616,30,21,9,70.0,33,9,7,5,1,3,5,Medium,8,68,38,Intermediate
617,30,17,13,56.67,55,10,3,4,0,7,6,Easy,4,44,28,Beginner
618,30,12,18,40.0,56,6,6,0,4,4,10,Easy,5,58,18,Beginner
619,30,27,3,90.0,21,10,8,9,0,2,1,Hard,9,91,53,Advanced
620,30,24,6,80.0,36,8,10,6,2,0,4,Medium,8,75,46,Intermediate
621,30,20,10,66.67,31,10,7,3,0,3,7,Medium,9,66,33,Intermediate
622,30,27,3,90.0,24,10,9,8,0,1,2,Hard,12,88,52,Advanced
623,30,21,9,70.0,32,10,7,4,0,3,6,Medium,9,76,36,Intermediate
624,30,14,16,46.67,60,8,5,1,2,5,9,Easy,5,59,21,Beginner
625,30,19,11,63.33,28,8,10,1,2,0,9,Medium,6,76,31,Intermediate
626,30,11,19,36.67,44,8,6,0,2,4,13,Easy,5,58,20,Beginner
627,30,18,12,60.0,59,8,6,4,2,4,6,Easy,4,41,32,Beginner
628,30,23,7,76.67,34,10,10,3,0,0,7,Medium,8,74,39,Intermediate
629,30,24,6,80.0,28,9,9,6,1,1,4,Medium,8,74,45,Intermediate
630,30,17,13,56.67,43,7,3,7,3,7,3,Easy,3,56,34,Beginner
631,30,10,20,33.33,55,8,6,0,2,4,14,Easy,2,57,20,Beginner
632,30,21,9,70.0,35,9,9,3,1,1,7,Medium,9,72,36,Intermediate
633,30,24,6,80.0,32,8,10,6,2,0,4,Medium,5,75,46,Intermediate
634,30,14,16,46.67,49,6,6,2,4,4,8,Easy,5,44,24,Beginner
635,30,19,11,63.33,35,8,8,3,2,2,7,Medium,9,79,33,Intermediate
636,30,10,20,33.33,39,7,5,0,3,5,12,Easy,4,42,17,Beginner
637,30,10,20,33.33,39,8,6,0,2,4,14,Easy,3,57,20,Beginner
638,30,18,12,60.0,41,7,4,7,3,6,3,Easy,2,45,36,Beginner
639,30,21,9,70.0,34,9,9,3,1,1,7,Medium,7,62,36,Intermediate
640,30,17,13,56.67,45,7,4,6,3,6,4,Easy,3,50,33,Beginner
641,30,10,20,33.33,52,6,3,1,4,7,9,Easy,4,51,15,Beginner
642,30,22,8,73.33,25,8,10,4,2,0,6,Medium,9,73,40,Intermediate
643,30,26,4,86.67,15,10,9,7,0,1,3,Hard,15,96,49,Advanced
644,30,18,12,60.0,57,6,6,6,4,4,4,Easy,3,55,36,Beginner
645,30,30,0,100.0,19,10,10,10,0,0,0,Hard,9,82,60,Advanced
646,30,24,6,80.0,30,8,7,9,2,3,1,Medium,8,66,49,Intermediate
647,30,16,14,53.33,40,7,5,4,3,5,6,Easy,3,48,29,Beginner
648,30,25,5,83.33,22,10,8,7,0,2,3,Hard,11,91,47,Advanced
649,30,21,9,70.0,37,8,8,5,2,2,5,Medium,9,78,39,Intermediate
650,30,13,17,43.33,56,9,6,0,1,4,12,Easy,3,58,21,Beginner
651,30,15,15,50.0,54,9,4,2,1,6,8,Easy,4,51,23,Beginner
652,30,29,1,96.67,22,10,9,10,0,1,0,Hard,15,98,58,Advanced
653,30,13,17,43.33,40,8,6,0,2,4,11,Easy,2,59,20,Beginner
654,30,16,14,53.33,59,6,6,4,4,4,6,Easy,5,46,30,Beginner
655,30,17,13,56.67,57,7,3,7,3,7,3,Easy,4,59,34,Beginner
656,30,30,0,100.0,21,10,8,12,0,2,0,Hard,13,94,62,Advanced
657,30,22,8,73.33,34,8,9,5,2,1,5,Medium,8,63,41,Intermediate
658,30,30,0,100.0,20,10,9,11,0,1,0,Hard,12,95,61,Advanced
659,30,18,12,60.0,50,10,6,2,0,4,8,Easy,2,41,28,Beginner
660,30,17,13,56.67,55,8,5,4,2,5,6,Easy,2,60,30,Beginner
661,30,17,13,56.67,39,9,6,2,1,4,8,Easy,3,58,27,Beginner
662,30,25,5,83.33,16,10,9,6,0,1,4,Hard,15,100,46,Advanced
663,30,25,5,83.33,17,10,9,6,0,1,4,Hard,14,89,46,Advanced
664,30,15,15,50.0,53,10,5,0,0,5,10,Easy,5,59,20,Beginner
665,30,24,6,80.0,38,10,10,4,0,0,6,Medium,6,62,42,Intermediate
666,30,26,4,86.67,22,10,8,8,0,2,2,Hard,10,95,50,Advanced
667,30,19,11,63.33,30,8,8,3,2,2,7,Medium,7,74,33,Intermediate
668,30,24,6,80.0,27,8,8,8,2,2,2,Medium,8,64,48,Intermediate
669,30,23,7,76.67,25,9,10,4,1,0,6,Medium,7,61,41,Intermediate
670,30,26,4,86.67,22,10,9,7,0,1,3,Hard,8,83,49,Advanced
671,30,30,0,100.0,23,10,10,10,0,0,0,Hard,11,96,60,Advanced
672,30,12,18,40.0,46,8,4,0,2,6,10,Easy,4,48,16,Beginner
673,30,14,16,46.67,39,8,3,3,2,7,7,Easy,5,40,23,Beginner
674,30,27,3,90.0,23,10,9,8,0,1,2,Hard,12,81,52,Advanced
675,30,22,8,73.33,37,8,7,7,2,3,3,Medium,8,79,43,Intermediate
676,30,21,9,70.0,38,10,9,2,0,1,8,Medium,6,71,34,Intermediate
677,30,18,12,60.0,42,6,5,7,4,5,3,Easy,2,57,37,Beginner
678,30,14,16,46.67,43,7,5,2,3,5,8,Easy,5,45,23,Beginner
679,30,27,3,90.0,24,10,9,8,0,1,2,Hard,10,91,52,Advanced
680,30,22,8,73.33,31,8,10,4,2,0,6,Medium,6,77,40,Intermediate
681,30,23,7,76.67,37,8,7,8,2,3,2,Medium,5,71,46,Intermediate
682,30,11,19,36.67,39,8,6,0,2,4,13,Easy,5,56,20,Beginner
683,30,10,20,33.33,46,7,3,0,3,7,10,Easy,5,55,13,Beginner
684,30,20,10,66.67,32,9,10,1,1,0,9,Medium,6,76,32,Intermediate
685,30,20,10,66.67,30,8,8,4,2,2,6,Medium,7,72,36,Intermediate
686,30,23,7,76.67,33,8,10,5,2,0,5,Medium,7,73,43,Intermediate
687,30,22,8,73.33,32,10,10,2,0,0,8,Medium,8,77,36,Intermediate
688,30,23,7,76.67,27,9,10,4,1,0,6,Medium,5,74,41,Intermediate
689,30,18,12,60.0,59,10,6,2,0,4,8,Easy,4,57,28,Beginner
690,30,10,20,33.33,48,9,5,0,1,5,14,Easy,3,45,19,Beginner
691,30,26,4,86.67,17,10,10,6,0,0,4,Hard,10,82,48,Advanced
692,30,22,8,73.33,28,10,8,4,0,2,6,Medium,8,62,38,Intermediate
693,30,29,1,96.67,19,10,9,10,0,1,0,Hard,15,99,58,Advanced
694,30,12,18,40.0,57,6,5,1,4,5,9,Easy,2,59,19,Beginner
695,30,16,14,53.33,47,10,6,0,0,4,10,Easy,4,57,22,Beginner
696,30,26,4,86.67,23,10,8,8,0,2,2,Hard,14,81,50,Advanced
697,30,26,4,86.67,25,10,10,6,0,0,4,Hard,12,92,48,Advanced
698,30,16,14,53.33,44,7,3,6,3,7,4,Easy,5,54,31,Beginner
699,30,22,8,73.33,29,10,10,2,0,0,8,Medium,9,72,36,Intermediate
700,30,19,11,63.33,34,8,7,4,2,3,6,Medium,7,77,34,Intermediate
701,30,27,3,90.0,20,10,8,9,0,2,1,Hard,13,85,53,Advanced
702,30,26,4,86.67,18,10,8,8,0,2,2,Hard,11,94,50,Advanced
703,30,27,3,90.0,15,10,8,9,0,2,1,Hard,15,93,53,Advanced
704,30,15,15,50.0,45,9,4,2,1,6,8,Easy,2,53,23,Beginner
705,30,11,19,36.67,50,10,4,0,0,6,13,Easy,2,59,18,Beginner
706,30,22,8,73.33,30,9,7,6,1,3,4,Medium,6,74,41,Intermediate
707,30,27,3,90.0,23,10,8,9,0,2,1,Hard,14,81,53,Advanced
708,30,11,19,36.67,52,7,6,0,3,4,12,Easy,4,56,19,Beginner
709,30,27,3,90.0,25,10,8,9,0,2,1,Hard,13,96,53,Advanced
710,30,30,0,100.0,18,10,9,11,0,1,0,Hard,14,88,61,Advanced
711,30,29,1,96.67,24,10,8,11,0,2,0,Hard,9,91,59,Advanced
712,30,24,6,80.0,27,10,8,6,0,2,4,Medium,5,69,44,Intermediate
713,30,21,9,70.0,32,10,8,3,0,2,7,Medium,9,73,35,Intermediate
714,30,17,13,56.67,41,10,4,3,0,6,7,Easy,4,47,27,Beginner
715,30,25,5,83.33,16,10,8,7,0,2,3,Hard,8,85,47,Advanced
716,30,26,4,86.67,19,10,9,7,0,1,3,Hard,9,85,49,Advanced
717,30,20,10,66.67,25,8,9,3,2,1,7,Medium,8,78,35,Intermediate
718,30,16,14,53.33,49,7,5,4,3,5,6,Easy,4,44,29,Beginner
719,30,25,5,83.33,16,10,8,7,0,2,3,Hard,9,98,47,Advanced
720,30,26,4,86.67,17,10,8,8,0,2,2,Hard,12,87,50,Advanced
721,30,11,19,36.67,54,6,6,0,4,4,11,Easy,4,43,18,Beginner
722,30,28,2,93.33,24,10,9,9,0,1,1,Hard,12,96,55,Advanced
723,30,22,8,73.33,35,8,10,4,2,0,6,Medium,8,67,40,Intermediate
724,30,22,8,73.33,28,8,8,6,2,2,4,Medium,5,80,42,Intermediate
725,30,29,1,96.67,22,10,10,9,0,0,1,Hard,8,88,57,Advanced
726,30,20,10,66.67,34,10,8,2,0,2,8,Medium,5,71,32,Intermediate
727,30,29,1,96.67,18,10,8,11,0,2,0,Hard,13,89,59,Advanced
728,30,10,20,33.33,44,6,6,0,4,4,12,Easy,2,59,18,Beginner
729,30,13,17,43.33,49,7,3,3,3,7,7,Easy,2,45,22,Beginner
730,30,11,19,36.67,51,7,5,0,3,5,11,Easy,2,59,17,Beginner
731,30,10,20,33.33,54,7,5,0,3,5,12,Easy,3,53,17,Beginner
732,30,13,17,43.33,51,9,3,1,1,7,9,Easy,3,46,18,Beginner
733,30,28,2,93.33,24,10,8,10,0,2,0,Hard,8,81,56,Advanced
734,30,25,5,83.33,25,10,8,7,0,2,3,Hard,9,81,47,Advanced
735,30,29,1,96.67,22,10,8,11,0,2,0,Hard,10,85,59,Advanced
736,30,21,9,70.0,35,8,10,3,2,0,7,Medium,5,77,37,Intermediate
737,30,23,7,76.67,31,10,9,4,0,1,6,Medium,6,76,40,Intermediate
738,30,25,5,83.33,23,10,10,5,0,0,5,Hard,8,88,45,Advanced
739,30,24,6,80.0,36,8,9,7,2,1,3,Medium,9,66,47,Intermediate
740,30,16,14,53.33,50,8,3,5,2,7,5,Easy,3,41,29,Beginner
741,30,30,0,100.0,18,10,10,10,0,0,0,Hard,14,83,60,Advanced
742,30,27,3,90.0,18,10,8,9,0,2,1,Hard,10,100,53,Advanced
743,30,15,15,50.0,59,8,6,1,2,4,9,Easy,2,40,23,Beginner
744,30,27,3,90.0,16,10,10,7,0,0,3,Hard,8,84,51,Advanced
745,30,22,8,73.33,29,8,7,7,2,3,3,Medium,6,65,43,Intermediate
746,30,23,7,76.67,34,9,8,6,1,2,4,Medium,7,67,43,Intermediate
747,30,15,15,50.0,50,10,6,0,0,4,11,Easy,5,53,22,Beginner
748,30,24,6,80.0,35,9,8,7,1,2,3,Medium,6,71,46,Intermediate
749,30,17,13,56.67,60,7,3,7,3,7,3,Easy,5,48,34,Beginner
750,30,17,13,56.67,39,6,5,6,4,5,4,Easy,4,56,34,Beginner
751,30,20,10,66.67,30,8,10,2,2,0,8,Medium,8,72,34,Intermediate
752,30,28,2,93.33,16,10,9,9,0,1,1,Hard,8,81,55,Advanced
753,30,26,4,86.67,18,10,8,8,0,2,2,Hard,15,98,50,Advanced
754,30,14,16,46.67,56,6,6,2,4,4,8,Easy,4,57,24,Beginner
755,30,10,20,33.33,59,10,4,0,0,6,14,Easy,2,41,18,Beginner
756,30,29,1,96.67,20,10,8,11,0,2,0,Hard,14,93,59,Advanced
757,30,12,18,40.0,49,10,4,0,0,6,12,Easy,4,47,18,Beginner
758,30,20,10,66.67,37,10,7,3,0,3,7,Medium,9,77,33,Intermediate
759,30,23,7,76.67,29,8,7,8,2,3,2,Medium,9,62,46,Intermediate
760,30,21,9,70.0,34,10,9,2,0,1,8,Medium,8,64,34,Intermediate
761,30,18,12,60.0,48,6,4,8,4,6,2,Easy,2,51,38,Beginner
762,30,24,6,80.0,36,9,8,7,1,2,3,Medium,5,71,46,Intermediate
763,30,10,20,33.33,49,10,3,0,0,7,13,Easy,2,40,16,Beginner
764,30,16,14,53.33,39,6,6,4,4,4,6,Easy,2,56,30,Beginner
765,30,28,2,93.33,23,10,9,9,0,1,1,Hard,14,90,55,Advanced
766,30,29,1,96.67,15,10,9,10,0,1,0,Hard,15,92,58,Advanced
767,30,21,9,70.0,25,9,8,4,1,2,6,Medium,7,72,37,Intermediate
768,30,13,17,43.33,39,10,3,0,0,7,10,Easy,4,53,16,Beginner
769,30,25,5,83.33,20,10,9,6,0,1,4,Hard,10,99,46,Advanced
770,30,21,9,70.0,34,10,10,1,0,0,9,Medium,8,77,33,Intermediate
771,30,15,15,50.0,48,6,4,5,4,6,5,Easy,4,47,29,Beginner
772,30,19,11,63.33,30,10,8,1,0,2,9,Medium,9,76,29,Intermediate
773,30,30,0,100.0,25,10,8,12,0,2,0,Hard,11,89,62,Advanced
774,30,19,11,63.33,32,8,8,3,2,2,7,Medium,7,78,33,Intermediate
775,30,30,0,100.0,23,10,10,10,0,0,0,Hard,13,88,60,Advanced
776,30,11,19,36.67,47,7,6,0,3,4,12,Easy,3,53,19,Beginner
777,30,25,5,83.33,23,10,10,5,0,0,5,Hard,9,83,45,Advanced
778,30,24,6,80.0,25,8,8,8,2,2,2,Medium,8,70,48,Intermediate
779,30,28,2,93.33,23,10,10,8,0,0,2,Hard,14,97,54,Advanced
780,30,18,12,60.0,58,7,4,7,3,6,3,Easy,3,41,36,Beginner
781,30,28,2,93.33,24,10,10,8,0,0,2,Hard,13,93,54,Advanced
782,30,26,4,86.67,21,10,8,8,0,2,2,Hard,12,81,50,Advanced
783,30,28,2,93.33,21,10,8,10,0,2,0,Hard,11,97,56,Advanced
784,30,13,17,43.33,38,6,3,4,4,7,6,Easy,3,44,24,Beginner
785,30,14,16,46.67,42,8,5,1,2,5,9,Easy,2,44,21,Beginner
786,30,29,1,96.67,25,10,8,11,0,2,0,Hard,12,89,59,Advanced
787,30,20,10,66.67,31,10,10,0,0,0,10,Medium,6,72,30,Intermediate
788,30,10,20,33.33,56,8,3,0,2,7,11,Easy,4,54,14,Beginner
789,30,28,2,93.33,21,10,9,9,0,1,1,Hard,11,92,55,Advanced
790,30,22,8,73.33,29,10,10,2,0,0,8,Medium,7,77,36,Intermediate
791,30,19,11,63.33,29,10,9,0,0,1,10,Medium,5,65,28,Intermediate
792,30,20,10,66.67,37,8,9,3,2,1,7,Medium,6,62,35,Intermediate
793,30,14,16,46.67,51,10,5,0,0,5,11,Easy,4,40,20,Beginner
794,30,10,20,33.33,56,8,3,0,2,7,11,Easy,5,60,14,Beginner
795,30,10,20,33.33,55,7,4,0,3,6,11,Easy,5,49,15,Beginner
796,30,10,20,33.33,43,9,3,0,1,7,12,Easy,4,53,15,Beginner
797,30,27,3,90.0,17,10,8,9,0,2,1,Hard,10,96,53,Advanced
798,30,15,15,50.0,41,10,6,0,0,4,11,Easy,2,49,22,Beginner
799,30,25,5,83.33,17,10,9,6,0,1,4,Hard,8,99,46,Advanced
800,30,16,14,53.33,47,8,4,4,2,6,6,Easy,4,60,28,Beginner
801,30,26,4,86.67,16,10,10,6,0,0,4,Hard,9,92,48,Advanced
802,30,25,5,83.33,22,10,9,6,0,1,4,Hard,14,90,46,Advanced
803,30,10,20,33.33,40,8,5,0,2,5,13,Easy,2,42,18,Beginner
804,30,20,10,66.67,34,9,10,1,1,0,9,Medium,9,65,32,Intermediate
805,30,16,14,53.33,53,7,6,3,3,4,7,Easy,2,59,28,Beginner
806,30,20,10,66.67,27,10,10,0,0,0,10,Medium,6,71,30,Intermediate
807,30,25,5,83.33,19,10,9,6,0,1,4,Hard,14,99,46,Advanced
808,30,28,2,93.33,18,10,10,8,0,0,2,Hard,13,82,54,Advanced
809,30,26,4,86.67,20,10,8,8,0,2,2,Hard,10,83,50,Advanced
810,30,23,7,76.67,31,10,10,3,0,0,7,Medium,6,75,39,Intermediate
811,30,16,14,53.33,51,7,5,4,3,5,6,Easy,5,51,29,Beginner
812,30,12,18,40.0,43,7,5,0,3,5,10,Easy,3,60,17,Beginner
813,30,11,19,36.67,56,10,3,0,0,7,12,Easy,2,48,16,Beginner
814,30,21,9,70.0,34,9,9,3,1,1,7,Medium,8,71,36,Intermediate
815,30,19,11,63.33,33,10,9,0,0,1,10,Medium,8,61,28,Intermediate
816,30,25,5,83.33,15,10,9,6,0,1,4,Hard,14,86,46,Advanced
817,30,24,6,80.0,35,9,7,8,1,3,2,Medium,5,79,47,Intermediate
818,30,21,9,70.0,26,8,10,3,2,0,7,Medium,9,66,37,Intermediate
819,30,20,10,66.67,25,10,8,2,0,2,8,Medium,9,79,32,Intermediate
820,30,14,16,46.67,55,8,4,2,2,6,8,Easy,5,50,22,Beginner
821,30,13,17,43.33,58,10,4,0,0,6,11,Easy,3,56,18,Beginner
822,30,26,4,86.67,22,10,8,8,0,2,2,Hard,11,93,50,Advanced
823,30,22,8,73.33,27,10,10,2,0,0,8,Medium,5,79,36,Intermediate
824,30,11,19,36.67,52,6,6,0,4,4,11,Easy,2,45,18,Beginner
825,30,10,20,33.33,45,9,5,0,1,5,14,Easy,5,51,19,Beginner
826,30,24,6,80.0,27,8,9,7,2,1,3,Medium,9,79,47,Intermediate
827,30,30,0,100.0,23,10,9,11,0,1,0,Hard,10,90,61,Advanced
828,30,21,9,70.0,26,9,8,4,1,2,6,Medium,6,69,37,Intermediate
829,30,30,0,100.0,17,10,10,10,0,0,0,Hard,12,92,60,Advanced
830,30,13,17,43.33,42,9,6,0,1,4,12,Easy,3,49,21,Beginner
831,30,19,11,63.33,25,9,7,3,1,3,7,Medium,6,74,32,Intermediate
832,30,26,4,86.67,24,10,9,7,0,1,3,Hard,11,86,49,Advanced
833,30,24,6,80.0,36,8,8,8,2,2,2,Medium,5,72,48,Intermediate
834,30,30,0,100.0,16,10,10,10,0,0,0,Hard,12,100,60,Advanced
835,30,25,5,83.33,18,10,9,6,0,1,4,Hard,14,100,46,Advanced
836,30,19,11,63.33,33,8,8,3,2,2,7,Medium,7,61,33,Intermediate
837,30,23,7,76.67,32,9,10,4,1,0,6,Medium,9,68,41,Intermediate
838,30,22,8,73.33,35,9,10,3,1,0,7,Medium,5,75,38,Intermediate
839,30,25,5,83.33,22,10,9,6,0,1,4,Hard,8,99,46,Advanced
840,30,23,7,76.67,33,10,8,5,0,2,5,Medium,5,63,41,Intermediate
841,30,11,19,36.67,42,6,5,0,4,5,10,Easy,5,42,16,Beginner
842,30,24,6,80.0,30,8,7,9,2,3,1,Medium,8,77,49,Intermediate
843,30,14,16,46.67,39,9,6,0,1,4,11,Easy,4,54,21,Beginner
844,30,15,15,50.0,42,9,5,1,1,5,9,Easy,2,56,22,Beginner
845,30,21,9,70.0,38,9,8,4,1,2,6,Medium,5,61,37,Intermediate
846,30,22,8,73.33,37,8,10,4,2,0,6,Medium,8,77,40,Intermediate
847,30,29,1,96.67,24,10,8,11,0,2,0,Hard,8,90,59,Advanced
848,30,24,6,80.0,37,8,10,6,2,0,4,Medium,9,77,46,Intermediate
849,30,25,5,83.33,25,10,8,7,0,2,3,Hard,14,90,47,Advanced
850,30,25,5,83.33,24,10,9,6,0,1,4,Hard,13,92,46,Advanced
851,30,25,5,83.33,19,10,10,5,0,0,5,Hard,11,93,45,Advanced
852,30,16,14,53.33,57,7,5,4,3,5,6,Easy,5,45,29,Beginner
853,30,21,9,70.0,27,10,9,2,0,1,8,Medium,8,72,34,Intermediate
854,30,11,19,36.67,52,8,5,0,2,5,12,Easy,5,58,18,Beginner
855,30,17,13,56.67,52,9,6,2,1,4,8,Easy,4,41,27,Beginner
856,30,21,9,70.0,31,10,9,2,0,1,8,Medium,9,73,34,Intermediate
857,30,18,12,60.0,59,10,5,3,0,5,7,Easy,5,46,29,Beginner
858,30,10,20,33.33,52,9,5,0,1,5,14,Easy,4,49,19,Beginner
859,30,25,5,83.33,22,10,8,7,0,2,3,Hard,13,85,47,Advanced
860,30,20,10,66.67,36,9,8,3,1,2,7,Medium,6,74,34,Intermediate
861,30,15,15,50.0,45,8,3,4,2,7,6,Easy,2,60,26,Beginner
862,30,22,8,73.33,33,8,9,5,2,1,5,Medium,9,72,41,Intermediate
863,30,12,18,40.0,51,7,3,2,3,7,8,Easy,4,49,19,Beginner
864,30,11,19,36.67,47,6,6,0,4,4,11,Easy,5,48,18,Beginner
865,30,16,14,53.33,56,10,5,1,0,5,9,Easy,4,48,23,Beginner
866,30,11,19,36.67,51,10,3,0,0,7,12,Easy,3,51,16,Beginner
867,30,28,2,93.33,17,10,8,10,0,2,0,Hard,11,83,56,Advanced
868,30,22,8,73.33,32,9,10,3,1,0,7,Medium,8,68,38,Intermediate
869,30,20,10,66.67,25,9,10,1,1,0,9,Medium,6,64,32,Intermediate
870,30,28,2,93.33,23,10,9,9,0,1,1,Hard,8,96,55,Advanced
871,30,20,10,66.67,26,10,7,3,0,3,7,Medium,8,69,33,Intermediate
872,30,18,12,60.0,44,7,6,5,3,4,5,Easy,3,45,34,Beginner
873,30,21,9,70.0,25,10,10,1,0,0,9,Medium,6,67,33,Intermediate
874,30,12,18,40.0,40,7,3,2,3,7,8,Easy,4,53,19,Beginner
875,30,30,0,100.0,17,10,10,10,0,0,0,Hard,8,98,60,Advanced
876,30,27,3,90.0,18,10,9,8,0,1,2,Hard,10,87,52,Advanced
877,30,15,15,50.0,54,8,3,4,2,7,6,Easy,2,59,26,Beginner
878,30,26,4,86.67,17,10,10,6,0,0,4,Hard,9,83,48,Advanced
879,30,22,8,73.33,31,8,8,6,2,2,4,Medium,5,79,42,Intermediate
880,30,21,9,70.0,36,9,7,5,1,3,5,Medium,5,75,38,Intermediate
881,30,11,19,36.67,55,10,6,0,0,4,15,Easy,4,45,22,Beginner
882,30,27,3,90.0,16,10,9,8,0,1,2,Hard,13,100,52,Advanced
883,30,22,8,73.33,34,9,10,3,1,0,7,Medium,9,66,38,Intermediate
884,30,30,0,100.0,22,10,9,11,0,1,0,Hard,12,100,61,Advanced
885,30,22,8,73.33,27,10,10,2,0,0,8,Medium,7,74,36,Intermediate
886,30,23,7,76.67,27,8,10,5,2,0,5,Medium,6,66,43,Intermediate
887,30,27,3,90.0,24,10,9,8,0,1,2,Hard,12,82,52,Advanced
888,30,13,17,43.33,47,10,4,0,0,6,11,Easy,2,42,18,Beginner
889,30,10,20,33.33,41,10,6,0,0,4,16,Easy,2,45,22,Beginner
890,30,18,12,60.0,41,8,6,4,2,4,6,Easy,4,59,32,Beginner
891,30,29,1,96.67,18,10,10,9,0,0,1,Hard,14,83,57,Advanced
892,30,19,11,63.33,32,8,7,4,2,3,6,Medium,7,61,34,Intermediate
893,30,29,1,96.67,25,10,10,9,0,0,1,Hard,12,98,57,Advanced
894,30,27,3,90.0,17,10,10,7,0,0,3,Hard,9,91,51,Advanced
895,30,23,7,76.67,27,9,10,4,1,0,6,Medium,7,69,41,Intermediate
896,30,22,8,73.33,27,10,7,5,0,3,5,Medium,8,67,39,Intermediate
897,30,27,3,90.0,22,10,9,8,0,1,2,Hard,10,98,52,Advanced
898,30,11,19,36.67,43,9,3,0,1,7,11,Easy,2,56,15,Beginner
899,30,25,5,83.33,15,10,10,5,0,0,5,Hard,12,88,45,Advanced
900,30,24,6,80.0,29,8,10,6,2,0,4,Medium,7,76,46,Intermediate
901,30,23,7,76.67,37,8,9,6,2,1,4,Medium,8,76,44,Intermediate
902,30,22,8,73.33,32,8,9,5,2,1,5,Medium,7,69,41,Intermediate
903,30,21,9,70.0,29,8,8,5,2,2,5,Medium,7,67,39,Intermediate
904,30,27,3,90.0,16,10,8,9,0,2,1,Hard,8,93,53,Advanced
905,30,26,4,86.67,22,10,9,7,0,1,3,Hard,15,88,49,Advanced
906,30,24,6,80.0,29,8,9,7,2,1,3,Medium,7,68,47,Intermediate
907,30,28,2,93.33,16,10,8,10,0,2,0,Hard,11,99,56,Advanced
908,30,17,13,56.67,44,6,5,6,4,5,4,Easy,5,56,34,Beginner
909,30,13,17,43.33,56,8,3,2,2,7,8,Easy,2,58,20,Beginner
910,30,17,13,56.67,41,8,3,6,2,7,4,Easy,5,48,32,Beginner
911,30,21,9,70.0,36,9,10,2,1,0,8,Medium,6,71,35,Intermediate
912,30,12,18,40.0,40,7,5,0,3,5,10,Easy,2,50,17,Beginner
913,30,29,1,96.67,21,10,10,9,0,0,1,Hard,12,91,57,Advanced
914,30,28,2,93.33,17,10,8,10,0,2,0,Hard,10,93,56,Advanced
915,30,11,19,36.67,55,10,5,0,0,5,14,Easy,4,55,20,Beginner
916,30,20,10,66.67,35,8,10,2,2,0,8,Medium,6,77,34,Intermediate
917,30,21,9,70.0,38,10,7,4,0,3,6,Medium,7,79,36,Intermediate
918,30,21,9,70.0,26,9,10,2,1,0,8,Medium,6,71,35,Intermediate
919,30,22,8,73.33,34,10,9,3,0,1,7,Medium,5,62,37,Intermediate
920,30,29,1,96.67,23,10,8,11,0,2,0,Hard,12,98,59,Advanced
921,30,27,3,90.0,20,10,8,9,0,2,1,Hard,12,99,53,Advanced
922,30,15,15,50.0,39,9,6,0,1,4,10,Easy,5,43,21,Beginner
923,30,20,10,66.67,33,10,9,1,0,1,9,Medium,6,73,31,Intermediate
924,30,26,4,86.67,24,10,8,8,0,2,2,Hard,9,86,50,Advanced
925,30,24,6,80.0,34,9,7,8,1,3,2,Medium,9,78,47,Intermediate
926,30,26,4,86.67,21,10,9,7,0,1,3,Hard,14,95,49,Advanced
927,30,22,8,73.33,29,8,8,6,2,2,4,Medium,7,67,42,Intermediate
928,30,22,8,73.33,33,9,8,5,1,2,5,Medium,5,64,40,Intermediate
929,30,27,3,90.0,23,10,9,8,0,1,2,Hard,15,81,52,Advanced
930,30,26,4,86.67,16,10,10,6,0,0,4,Hard,15,86,48,Advanced
931,30,23,7,76.67,32,10,8,5,0,2,5,Medium,8,64,41,Intermediate
932,30,25,5,83.33,25,10,9,6,0,1,4,Hard,12,87,46,Advanced
933,30,28,2,93.33,22,10,9,9,0,1,1,Hard,11,89,55,Advanced
934,30,22,8,73.33,36,8,9,5,2,1,5,Medium,8,72,41,Intermediate
935,30,22,8,73.33,33,8,9,5,2,1,5,Medium,5,66,41,Intermediate
936,30,13,17,43.33,47,8,3,2,2,7,8,Easy,3,43,20,Beginner
937,30,17,13,56.67,51,8,4,5,2,6,5,Easy,2,52,31,Beginner
938,30,21,9,70.0,28,10,10,1,0,0,9,Medium,6,71,33,Intermediate
939,30,18,12,60.0,54,10,6,2,0,4,8,Easy,5,40,28,Beginner
940,30,30,0,100.0,20,10,10,10,0,0,0,Hard,11,93,60,Advanced
941,30,12,18,40.0,52,8,4,0,2,6,10,Easy,2,49,16,Beginner
942,30,22,8,73.33,32,10,9,3,0,1,7,Medium,7,79,37,Intermediate
943,30,24,6,80.0,29,8,9,7,2,1,3,Medium,6,77,47,Intermediate
944,30,21,9,70.0,36,8,10,3,2,0,7,Medium,7,74,37,Intermediate
945,30,24,6,80.0,28,9,7,8,1,3,2,Medium,6,75,47,Intermediate
946,30,26,4,86.67,20,10,9,7,0,1,3,Hard,11,89,49,Advanced
947,30,19,11,63.33,34,9,7,3,1,3,7,Medium,9,78,32,Intermediate
948,30,26,4,86.67,24,10,8,8,0,2,2,Hard,9,81,50,Advanced
949,30,24,6,80.0,34,10,7,7,0,3,3,Medium,9,76,45,Intermediate
950,30,13,17,43.33,47,7,6,0,3,4,10,Easy,2,56,19,Beginner
951,30,21,9,70.0,26,9,7,5,1,3,5,Medium,9,71,38,Intermediate
952,30,20,10,66.67,36,9,10,1,1,0,9,Medium,9,80,32,Intermediate
953,30,21,9,70.0,38,8,8,5,2,2,5,Medium,5,70,39,Intermediate
954,30,29,1,96.67,17,10,10,9,0,0,1,Hard,14,94,57,Advanced
955,30,22,8,73.33,36,10,8,4,0,2,6,Medium,6,73,38,Intermediate
956,30,19,11,63.33,37,10,10,0,0,0,11,Medium,5,75,30,Intermediate
957,30,17,13,56.67,59,10,6,1,0,4,9,Easy,2,42,25,Beginner
958,30,13,17,43.33,47,7,6,0,3,4,10,Easy,3,45,19,Beginner
959,30,24,6,80.0,27,9,10,5,1,0,5,Medium,7,61,44,Intermediate
960,30,11,19,36.67,58,7,6,0,3,4,12,Easy,2,40,19,Beginner
961,30,30,0,100.0,23,10,8,12,0,2,0,Hard,12,82,62,Advanced
962,30,15,15,50.0,48,7,4,4,3,6,6,Easy,5,49,27,Beginner
963,30,20,10,66.67,31,10,9,1,0,1,9,Medium,7,66,31,Intermediate
964,30,25,5,83.33,18,10,8,7,0,2,3,Hard,13,89,47,Advanced
965,30,22,8,73.33,29,8,10,4,2,0,6,Medium,5,61,40,Intermediate
966,30,16,14,53.33,43,7,3,6,3,7,4,Easy,2,45,31,Beginner
967,30,25,5,83.33,15,10,9,6,0,1,4,Hard,10,86,46,Advanced
968,30,21,9,70.0,34,9,10,2,1,0,8,Medium,5,63,35,Intermediate
969,30,25,5,83.33,17,10,8,7,0,2,3,Hard,14,98,47,Advanced
970,30,24,6,80.0,34,10,7,7,0,3,3,Medium,6,77,45,Intermediate
971,30,20,10,66.67,25,10,10,0,0,0,10,Medium,9,80,30,Intermediate
972,30,20,10,66.67,31,10,10,0,0,0,10,Medium,9,69,30,Intermediate
973,30,27,3,90.0,19,10,10,7,0,0,3,Hard,14,83,51,Advanced
974,30,10,20,33.33,42,9,6,0,1,4,15,Easy,4,41,21,Beginner
975,30,23,7,76.67,27,8,8,7,2,2,3,Medium,7,72,45,Intermediate
976,30,19,11,63.33,26,9,8,2,1,2,8,Medium,5,80,31,Intermediate
977,30,17,13,56.67,47,7,3,7,3,7,3,Easy,5,53,34,Beginner
978,30,27,3,90.0,21,10,8,9,0,2,1,Hard,10,100,53,Advanced
979,30,10,20,33.33,41,9,6,0,1,4,15,Easy,3,45,21,Beginner
980,30,19,11,63.33,30,8,8,3,2,2,7,Medium,5,78,33,Intermediate
981,30,25,5,83.33,19,10,9,6,0,1,4,Hard,8,82,46,Advanced
982,30,27,3,90.0,23,10,8,9,0,2,1,Hard,15,88,53,Advanced
983,30,21,9,70.0,34,10,9,2,0,1,8,Medium,7,68,34,Intermediate
984,30,23,7,76.67,30,9,10,4,1,0,6,Medium,5,62,41,Intermediate
985,30,13,17,43.33,39,6,6,1,4,4,9,Easy,2,58,21,Beginner
986,30,24,6,80.0,31,10,8,6,0,2,4,Medium,6,78,44,Intermediate
987,30,22,8,73.33,37,9,9,4,1,1,6,Medium,8,78,39,Intermediate
988,30,27,3,90.0,25,10,9,8,0,1,2,Hard,13,83,52,Advanced
989,30,26,4,86.67,24,10,10,6,0,0,4,Hard,11,99,48,Advanced
990,30,30,0,100.0,22,10,10,10,0,0,0,Hard,14,82,60,Advanced
991,30,22,8,73.33,33,9,7,6,1,3,4,Medium,5,63,41,Intermediate
992,30,23,7,76.67,33,8,10,5,2,0,5,Medium,8,66,43,Intermediate
993,30,20,10,66.67,27,8,10,2,2,0,8,Medium,6,72,34,Intermediate
994,30,15,15,50.0,41,8,5,2,2,5,8,Easy,5,47,24,Beginner
995,30,25,5,83.33,18,10,10,5,0,0,5,Hard,13,97,45,Advanced
996,30,22,8,73.33,27,9,7,6,1,3,4,Medium,7,78,41,Intermediate
997,30,22,8,73.33,36,8,9,5,2,1,5,Medium,8,66,41,Intermediate
998,30,29,1,96.67,18,10,8,11,0,2,0,Hard,11,84,59,Advanced
999,30,11,19,36.67,38,9,6,0,1,4,14,Easy,5,59,21,Beginner
1000,30,18,12,60.0,48,7,3,8,3,7,2,Easy,3,43,37,Beginner
1001,30,10,20,33.33,42,7,4,0,3,6,11,Easy,5,58,15,Beginner
1002,30,23,7,76.67,36,8,8,7,2,2,3,Medium,8,74,45,Intermediate
1003,30,23,7,76.67,37,8,8,7,2,2,3,Medium,9,75,45,Intermediate
1004,30,29,1,96.67,19,10,8,11,0,2,0,Hard,14,87,59,Advanced
1005,30,17,13,56.67,44,7,3,7,3,7,3,Easy,3,43,34,Beginner
1006,30,27,3,90.0,22,10,9,8,0,1,2,Hard,15,85,52,Advanced
1007,30,28,2,93.33,17,10,9,9,0,1,1,Hard,15,84,55,Advanced
1008,30,24,6,80.0,34,10,8,6,0,2,4,Medium,7,77,44,Intermediate
1009,30,21,9,70.0,30,10,7,4,0,3,6,Medium,7,68,36,Intermediate
1010,30,28,2,93.33,24,10,9,9,0,1,1,Hard,12,91,55,Advanced
1011,30,29,1,96.67,18,10,8,11,0,2,0,Hard,10,83,59,Advanced
1012,30,21,9,70.0,37,9,10,2,1,0,8,Medium,5,80,35,Intermediate
1013,30,10,20,33.33,43,9,5,0,1,5,14,Easy,3,40,19,Beginner
1014,30,19,11,63.33,30,10,10,0,0,0,11,Medium,8,78,30,Intermediate
1015,30,22,8,73.33,28,8,9,5,2,1,5,Medium,8,62,41,Intermediate
1016,30,22,8,73.33,37,9,10,3,1,0,7,Medium,5,69,38,Intermediate
1017,30,25,5,83.33,24,10,8,7,0,2,3,Hard,9,99,47,Advanced
1018,30,30,0,100.0,25,10,10,10,0,0,0,Hard,8,94,60,Advanced
1019,30,11,19,36.67,44,7,3,1,3,7,9,Easy,4,58,16,Beginner
1020,30,27,3,90.0,25,10,9,8,0,1,2,Hard,14,93,52,Advanced
1021,30,12,18,40.0,56,9,6,0,1,4,13,Easy,3,48,21,Beginner
1022,30,24,6,80.0,25,8,7,9,2,3,1,Medium,8,69,49,Intermediate
1023,30,29,1,96.67,17,10,9,10,0,1,0,Hard,14,89,58,Advanced
1024,30,19,11,63.33,38,9,7,3,1,3,7,Medium,5,71,32,Intermediate
1025,30,24,6,80.0,32,10,7,7,0,3,3,Medium,5,63,45,Intermediate
1026,30,21,9,70.0,26,10,10,1,0,0,9,Medium,9,76,33,Intermediate
1027,30,23,7,76.67,34,9,8,6,1,2,4,Medium,7,72,43,Intermediate
1028,30,29,1,96.67,19,10,8,11,0,2,0,Hard,13,81,59,Advanced
1029,30,25,5,83.33,22,10,10,5,0,0,5,Hard,11,95,45,Advanced
1030,30,27,3,90.0,18,10,10,7,0,0,3,Hard,11,88,51,Advanced
1031,30,28,2,93.33,20,10,8,10,0,2,0,Hard,10,98,56,Advanced
1032,30,23,7,76.67,32,8,9,6,2,1,4,Medium,5,63,44,Intermediate
1033,30,11,19,36.67,59,6,5,0,4,5,10,Easy,3,52,16,Beginner
1034,30,24,6,80.0,32,9,7,8,1,3,2,Medium,7,65,47,Intermediate
1035,30,26,4,86.67,23,10,8,8,0,2,2,Hard,14,87,50,Advanced
1036,30,23,7,76.67,30,8,8,7,2,2,3,Medium,8,75,45,Intermediate
1037,30,23,7,76.67,26,9,10,4,1,0,6,Medium,8,73,41,Intermediate
1038,30,21,9,70.0,35,10,7,4,0,3,6,Medium,6,72,36,Intermediate
1039,30,30,0,100.0,25,10,9,11,0,1,0,Hard,11,87,61,Advanced
1040,30,20,10,66.67,38,8,8,4,2,2,6,Medium,7,69,36,Intermediate
1041,30,24,6,80.0,28,10,7,7,0,3,3,Medium,9,72,45,Intermediate
1042,30,21,9,70.0,29,8,10,3,2,0,7,Medium,8,64,37,Intermediate
1043,30,21,9,70.0,32,9,9,3,1,1,7,Medium,5,65,36,Intermediate
1044,30,18,12,60.0,43,9,6,3,1,4,7,Easy,4,50,30,Beginner
1045,30,19,11,63.33,25,9,8,2,1,2,8,Medium,7,62,31,Intermediate
1046,30,16,14,53.33,52,10,5,1,0,5,9,Easy,5,55,23,Beginner
1047,30,26,4,86.67,16,10,10,6,0,0,4,Hard,10,86,48,Advanced
1048,30,12,18,40.0,59,6,4,2,4,6,8,Easy,4,47,20,Beginner
1049,30,22,8,73.33,38,8,9,5,2,1,5,Medium,5,65,41,Intermediate
1050,30,11,19,36.67,59,8,6,0,2,4,13,Easy,5,49,20,Beginner
1051,30,26,4,86.67,18,10,8,8,0,2,2,Hard,13,95,50,Advanced
1052,30,11,19,36.67,60,8,5,0,2,5,12,Easy,5,50,18,Beginner
1053,30,10,20,33.33,45,6,5,0,4,5,11,Easy,3,44,16,Beginner
1054,30,28,2,93.33,16,10,10,8,0,0,2,Hard,9,95,54,Advanced
1055,30,21,9,70.0,25,10,9,2,0,1,8,Medium,6,70,34,Intermediate
1056,30,13,17,43.33,50,8,3,2,2,7,8,Easy,4,56,20,Beginner
1057,30,15,15,50.0,39,7,6,2,3,4,8,Easy,5,51,25,Beginner
1058,30,21,9,70.0,35,9,9,3,1,1,7,Medium,7,61,36,Intermediate
1059,30,15,15,50.0,59,10,5,0,0,5,10,Easy,5,49,20,Beginner
1060,30,23,7,76.67,29,10,7,6,0,3,4,Medium,9,78,42,Intermediate
1061,30,24,6,80.0,28,10,8,6,0,2,4,Medium,5,74,44,Intermediate
1062,30,30,0,100.0,16,10,9,11,0,1,0,Hard,15,87,61,Advanced
1063,30,23,7,76.67,34,10,8,5,0,2,5,Medium,6,73,41,Intermediate
1064,30,24,6,80.0,38,8,8,8,2,2,2,Medium,6,71,48,Intermediate
1065,30,18,12,60.0,50,7,4,7,3,6,3,Easy,5,44,36,Beginner
1066,30,11,19,36.67,56,10,5,0,0,5,14,Easy,2,54,20,Beginner
1067,30,26,4,86.67,20,10,10,6,0,0,4,Hard,8,86,48,Advanced
1068,30,20,10,66.67,29,10,8,2,0,2,8,Medium,9,67,32,Intermediate
1069,30,18,12,60.0,49,7,3,8,3,7,2,Easy,3,45,37,Beginner
1070,30,24,6,80.0,32,8,7,9,2,3,1,Medium,7,68,49,Intermediate
1071,30,23,7,76.67,26,8,9,6,2,1,4,Medium,7,79,44,Intermediate
1072,30,26,4,86.67,24,10,8,8,0,2,2,Hard,15,90,50,Advanced
1073,30,22,8,73.33,31,10,7,5,0,3,5,Medium,6,64,39,Intermediate
1074,30,19,11,63.33,35,10,9,0,0,1,10,Medium,9,74,28,Intermediate
1075,30,24,6,80.0,28,8,8,8,2,2,2,Medium,9,77,48,Intermediate
1076,30,11,19,36.67,55,10,5,0,0,5,14,Easy,3,54,20,Beginner
1077,30,20,10,66.67,35,10,9,1,0,1,9,Medium,9,64,31,Intermediate
1078,30,21,9,70.0,36,8,9,4,2,1,6,Medium,8,61,38,Intermediate
1079,30,24,6,80.0,28,8,9,7,2,1,3,Medium,5,71,47,Intermediate
1080,30,17,13,56.67,52,8,5,4,2,5,6,Easy,4,60,30,Beginner
1081,30,18,12,60.0,42,7,3,8,3,7,2,Easy,3,52,37,Beginner
1082,30,21,9,70.0,35,8,8,5,2,2,5,Medium,7,77,39,Intermediate
1083,30,23,7,76.67,38,8,10,5,2,0,5,Medium,7,74,43,Intermediate
1084,30,14,16,46.67,54,10,4,0,0,6,10,Easy,3,49,18,Beginner
1085,30,24,6,80.0,37,10,9,5,0,1,5,Medium,6,72,43,Intermediate
1086,30,18,12,60.0,54,7,4,7,3,6,3,Easy,3,58,36,Beginner
1087,30,12,18,40.0,42,8,3,1,2,7,9,Easy,3,60,17,Beginner
1088,30,15,15,50.0,50,8,6,1,2,4,9,Easy,5,54,23,Beginner
1089,30,17,13,56.67,38,9,6,2,1,4,8,Easy,5,47,27,Beginner
1090,30,15,15,50.0,44,10,5,0,0,5,10,Easy,2,42,20,Beginner
1091,30,22,8,73.33,37,9,10,3,1,0,7,Medium,9,67,38,Intermediate
1092,30,18,12,60.0,59,9,5,4,1,5,6,Easy,5,43,31,Beginner
1093,30,26,4,86.67,19,10,9,7,0,1,3,Hard,8,95,49,Advanced
1094,30,26,4,86.67,16,10,9,7,0,1,3,Hard,11,97,49,Advanced
1095,30,27,3,90.0,15,10,9,8,0,1,2,Hard,8,93,52,Advanced
1096,30,22,8,73.33,33,10,9,3,0,1,7,Medium,8,76,37,Intermediate
1097,30,19,11,63.33,30,10,7,2,0,3,8,Medium,6,64,30,Intermediate
1098,30,20,10,66.67,36,10,10,0,0,0,10,Medium,9,78,30,Intermediate
1099,30,30,0,100.0,23,10,10,10,0,0,0,Hard,12,90,60,Advanced
1100,30,28,2,93.33,22,10,8,10,0,2,0,Hard,14,90,56,Advanced
1101,30,19,11,63.33,26,8,7,4,2,3,6,Medium,7,61,34,Intermediate
1102,30,27,3,90.0,15,10,10,7,0,0,3,Hard,13,90,51,Advanced
1103,30,29,1,96.67,15,10,8,11,0,2,0,Hard,10,97,59,Advanced
1104,30,28,2,93.33,18,10,10,8,0,0,2,Hard,14,89,54,Advanced
1105,30,29,1,96.67,25,10,10,9,0,0,1,Hard,12,94,57,Advanced
1106,30,26,4,86.67,15,10,9,7,0,1,3,Hard,10,86,49,Advanced
1107,30,19,11,63.33,34,10,8,1,0,2,9,Medium,8,77,29,Intermediate
1108,30,26,4,86.67,25,10,9,7,0,1,3,Hard,8,99,49,Advanced
1109,30,14,16,46.67,56,10,3,1,0,7,9,Easy,3,58,19,Beginner
1110,30,12,18,40.0,50,8,6,0,2,4,12,Easy,2,55,20,Beginner
1111,30,29,1,96.67,22,10,10,9,0,0,1,Hard,11,88,57,Advanced
1112,30,29,1,96.67,17,10,8,11,0,2,0,Hard,9,95,59,Advanced
1113,30,21,9,70.0,37,8,10,3,2,0,7,Medium,7,79,37,Intermediate
1114,30,19,11,63.33,37,8,9,2,2,1,8,Medium,8,63,32,Intermediate
1115,30,17,13,56.67,46,8,5,4,2,5,6,Easy,4,57,30,Beginner
1116,30,27,3,90.0,23,10,9,8,0,1,2,Hard,14,99,52,Advanced
1117,30,17,13,56.67,45,9,3,5,1,7,5,Easy,4,47,30,Beginner
1118,30,24,6,80.0,28,10,9,5,0,1,5,Medium,6,62,43,Intermediate
1119,30,23,7,76.67,26,9,8,6,1,2,4,Medium,8,73,43,Intermediate
1120,30,22,8,73.33,34,10,9,3,0,1,7,Medium,5,74,37,Intermediate
1121,30,22,8,73.33,33,10,8,4,0,2,6,Medium,6,75,38,Intermediate
1122,30,20,10,66.67,32,10,10,0,0,0,10,Medium,9,73,30,Intermediate
1123,30,21,9,70.0,37,10,7,4,0,3,6,Medium,5,62,36,Intermediate
1124,30,15,15,50.0,53,6,3,6,4,7,4,Easy,2,49,30,Beginner
1125,30,22,8,73.33,31,9,7,6,1,3,4,Medium,7,66,41,Intermediate
1126,30,30,0,100.0,23,10,8,12,0,2,0,Hard,14,95,62,Advanced
1127,30,23,7,76.67,27,8,8,7,2,2,3,Medium,6,76,45,Intermediate
1128,30,12,18,40.0,42,6,6,0,4,4,10,Easy,2,45,18,Beginner
1129,30,30,0,100.0,16,10,8,12,0,2,0,Hard,8,100,62,Advanced
1130,30,15,15,50.0,53,10,5,0,0,5,10,Easy,5,46,20,Beginner
1131,30,20,10,66.67,36,8,9,3,2,1,7,Medium,6,63,35,Intermediate
1132,30,12,18,40.0,53,6,5,1,4,5,9,Easy,3,57,19,Beginner
1133,30,29,1,96.67,19,10,10,9,0,0,1,Hard,14,84,57,Advanced
1134,30,21,9,70.0,35,10,10,1,0,0,9,Medium,9,74,33,Intermediate
1135,30,25,5,83.33,23,10,9,6,0,1,4,Hard,15,97,46,Advanced
1136,30,19,11,63.33,26,9,10,0,1,0,10,Medium,9,77,29,Intermediate
1137,30,28,2,93.33,24,10,9,9,0,1,1,Hard,14,100,55,Advanced
1138,30,18,12,60.0,52,6,5,7,4,5,3,Easy,5,47,37,Beginner
1139,30,23,7,76.67,35,9,8,6,1,2,4,Medium,8,67,43,Intermediate
1140,30,23,7,76.67,33,9,7,7,1,3,3,Medium,6,73,44,Intermediate
1141,30,28,2,93.33,22,10,8,10,0,2,0,Hard,8,86,56,Advanced
1142,30,26,4,86.67,16,10,8,8,0,2,2,Hard,8,88,50,Advanced
1143,30,25,5,83.33,16,10,9,6,0,1,4,Hard,12,87,46,Advanced
1144,30,22,8,73.33,25,9,10,3,1,0,7,Medium,5,72,38,Intermediate
1145,30,19,11,63.33,36,8,9,2,2,1,8,Medium,9,68,32,Intermediate
1146,30,26,4,86.67,19,10,8,8,0,2,2,Hard,8,93,50,Advanced
1147,30,20,10,66.67,27,9,10,1,1,0,9,Medium,9,69,32,Intermediate
1148,30,18,12,60.0,39,7,5,6,3,5,4,Easy,5,46,35,Beginner
1149,30,26,4,86.67,22,10,9,7,0,1,3,Hard,11,81,49,Advanced
1150,30,21,9,70.0,26,10,10,1,0,0,9,Medium,7,62,33,Intermediate
1151,30,23,7,76.67,28,9,8,6,1,2,4,Medium,9,65,43,Intermediate
1152,30,21,9,70.0,29,8,7,6,2,3,4,Medium,9,74,40,Intermediate
1153,30,25,5,83.33,19,10,8,7,0,2,3,Hard,9,98,47,Advanced
1154,30,16,14,53.33,46,10,3,3,0,7,7,Easy,3,51,25,Beginner
1155,30,14,16,46.67,41,9,4,1,1,6,9,Easy,3,55,20,Beginner
1156,30,20,10,66.67,30,10,10,0,0,0,10,Medium,6,71,30,Intermediate
1157,30,19,11,63.33,35,8,9,2,2,1,8,Medium,9,64,32,Intermediate
1158,30,10,20,33.33,45,9,6,0,1,4,15,Easy,5,48,21,Beginner
1159,30,27,3,90.0,24,10,8,9,0,2,1,Hard,9,84,53,Advanced
1160,30,27,3,90.0,18,10,9,8,0,1,2,Hard,8,87,52,Advanced
1161,30,27,3,90.0,15,10,9,8,0,1,2,Hard,12,96,52,Advanced
1162,30,24,6,80.0,38,10,7,7,0,3,3,Medium,5,66,45,Intermediate
1163,30,13,17,43.33,50,10,3,0,0,7,10,Easy,5,40,16,Beginner
1164,30,19,11,63.33,31,10,8,1,0,2,9,Medium,9,64,29,Intermediate
1165,30,10,20,33.33,49,6,5,0,4,5,11,Easy,4,55,16,Beginner
1166,30,25,5,83.33,16,10,8,7,0,2,3,Hard,11,88,47,Advanced
1167,30,26,4,86.67,18,10,10,6,0,0,4,Hard,12,94,48,Advanced
1168,30,15,15,50.0,47,9,4,2,1,6,8,Easy,3,47,23,Beginner
1169,30,30,0,100.0,18,10,10,10,0,0,0,Hard,15,83,60,Advanced
1170,30,19,11,63.33,35,8,7,4,2,3,6,Medium,5,77,34,Intermediate
1171,30,12,18,40.0,41,9,5,0,1,5,12,Easy,3,58,19,Beginner
1172,30,25,5,83.33,15,10,9,6,0,1,4,Hard,9,96,46,Advanced
1173,30,17,13,56.67,60,6,3,8,4,7,2,Easy,3,59,36,Beginner
1174,30,11,19,36.67,43,10,6,0,0,4,15,Easy,3,48,22,Beginner
1175,30,29,1,96.67,24,10,10,9,0,0,1,Hard,8,88,57,Advanced
1176,30,26,4,86.67,19,10,8,8,0,2,2,Hard,9,95,50,Advanced
1177,30,15,15,50.0,52,8,3,4,2,7,6,Easy,4,43,26,Beginner
1178,30,11,19,36.67,42,9,6,0,1,4,14,Easy,3,52,21,Beginner
1179,30,10,20,33.33,58,6,5,0,4,5,11,Easy,3,43,16,Beginner
1180,30,27,3,90.0,18,10,10,7,0,0,3,Hard,13,86,51,Advanced
1181,30,24,6,80.0,28,9,7,8,1,3,2,Medium,8,75,47,Intermediate
1182,30,29,1,96.67,23,10,10,9,0,0,1,Hard,13,86,57,Advanced
1183,30,22,8,73.33,31,9,7,6,1,3,4,Medium,9,64,41,Intermediate
1184,30,18,12,60.0,58,8,3,7,2,7,3,Easy,3,40,35,Beginner
1185,30,26,4,86.67,22,10,10,6,0,0,4,Hard,14,81,48,Advanced
1186,30,19,11,63.33,29,9,8,2,1,2,8,Medium,5,67,31,Intermediate
1187,30,16,14,53.33,56,8,5,3,2,5,7,Easy,4,42,27,Beginner
1188,30,30,0,100.0,17,10,10,10,0,0,0,Hard,9,90,60,Advanced
1189,30,20,10,66.67,28,9,7,4,1,3,6,Medium,7,76,35,Intermediate
1190,30,27,3,90.0,24,10,10,7,0,0,3,Hard,12,91,51,Advanced
1191,30,23,7,76.67,35,9,8,6,1,2,4,Medium,6,69,43,Intermediate
1192,30,28,2,93.33,24,10,10,8,0,0,2,Hard,14,95,54,Advanced
1193,30,13,17,43.33,53,10,4,0,0,6,11,Easy,3,56,18,Beginner
1194,30,26,4,86.67,19,10,9,7,0,1,3,Hard,11,85,49,Advanced
1195,30,29,1,96.67,20,10,9,10,0,1,0,Hard,14,100,58,Advanced
1196,30,21,9,70.0,31,10,9,2,0,1,8,Medium,8,61,34,Intermediate
1197,30,24,6,80.0,38,8,9,7,2,1,3,Medium,7,70,47,Intermediate
1198,30,22,8,73.33,34,8,10,4,2,0,6,Medium,7,72,40,Intermediate
1199,30,14,16,46.67,49,9,6,0,1,4,11,Easy,3,45,21,Beginner
1200,30,28,2,93.33,20,10,8,10,0,2,0,Hard,13,95,56,Advanced
1201,30,22,8,73.33,29,9,9,4,1,1,6,Medium,6,73,39,Intermediate
1202,30,20,10,66.67,27,10,7,3,0,3,7,Medium,6,78,33,Intermediate
1203,30,23,7,76.67,25,8,9,6,2,1,4,Medium,5,70,44,Intermediate
1204,30,21,9,70.0,33,9,10,2,1,0,8,Medium,5,75,35,Intermediate
1205,30,21,9,70.0,36,10,7,4,0,3,6,Medium,5,65,36,Intermediate
1206,30,11,19,36.67,54,6,3,2,4,7,8,Easy,4,56,18,Beginner
1207,30,15,15,50.0,54,7,4,4,3,6,6,Easy,4,58,27,Beginner
1208,30,27,3,90.0,15,10,8,9,0,2,1,Hard,14,85,53,Advanced
1209,30,27,3,90.0,25,10,9,8,0,1,2,Hard,14,98,52,Advanced
1210,30,15,15,50.0,58,6,4,5,4,6,5,Easy,2,60,29,Beginner
1211,30,25,5,83.33,17,10,8,7,0,2,3,Hard,15,97,47,Advanced
1212,30,29,1,96.67,15,10,9,10,0,1,0,Hard,10,100,58,Advanced
1213,30,16,14,53.33,54,9,4,3,1,6,7,Easy,4,60,26,Beginner
1214,30,23,7,76.67,36,8,10,5,2,0,5,Medium,5,68,43,Intermediate
1215,30,16,14,53.33,46,8,6,2,2,4,8,Easy,3,59,26,Beginner
1216,30,28,2,93.33,23,10,9,9,0,1,1,Hard,12,97,55,Advanced
1217,30,13,17,43.33,53,10,4,0,0,6,11,Easy,5,55,18,Beginner
1218,30,21,9,70.0,35,9,10,2,1,0,8,Medium,8,65,35,Intermediate
1219,30,26,4,86.67,17,10,10,6,0,0,4,Hard,15,89,48,Advanced
1220,30,24,6,80.0,25,8,7,9,2,3,1,Medium,5,69,49,Intermediate
1221,30,15,15,50.0,46,8,3,4,2,7,6,Easy,5,48,26,Beginner
1222,30,21,9,70.0,31,8,8,5,2,2,5,Medium,5,62,39,Intermediate
1223,30,26,4,86.67,19,10,9,7,0,1,3,Hard,10,88,49,Advanced
1224,30,20,10,66.67,29,8,8,4,2,2,6,Medium,6,74,36,Intermediate
1225,30,21,9,70.0,31,8,7,6,2,3,4,Medium,5,80,40,Intermediate
1226,30,17,13,56.67,52,6,3,8,4,7,2,Easy,3,41,36,Beginner
1227,30,21,9,70.0,33,10,8,3,0,2,7,Medium,7,63,35,Intermediate
1228,30,20,10,66.67,31,9,10,1,1,0,9,Medium,9,63,32,Intermediate
1229,30,23,7,76.67,32,10,9,4,0,1,6,Medium,8,63,40,Intermediate
1230,30,20,10,66.67,29,10,10,0,0,0,10,Medium,7,78,30,Intermediate
1231,30,27,3,90.0,19,10,10,7,0,0,3,Hard,14,88,51,Advanced
1232,30,30,0,100.0,17,10,10,10,0,0,0,Hard,8,100,60,Advanced
1233,30,17,13,56.67,46,8,6,3,2,4,7,Easy,4,48,29,Beginner
1234,30,21,9,70.0,25,8,10,3,2,0,7,Medium,8,64,37,Intermediate
1235,30,23,7,76.67,37,10,10,3,0,0,7,Medium,9,73,39,Intermediate
1236,30,23,7,76.67,34,9,9,5,1,1,5,Medium,8,75,42,Intermediate
1237,30,25,5,83.33,17,10,9,6,0,1,4,Hard,14,95,46,Advanced
1238,30,14,16,46.67,39,7,5,2,3,5,8,Easy,4,55,23,Beginner
1239,30,20,10,66.67,28,10,9,1,0,1,9,Medium,8,74,31,Intermediate
1240,30,12,18,40.0,43,6,3,3,4,7,7,Easy,5,44,21,Beginner
1241,30,30,0,100.0,20,10,8,12,0,2,0,Hard,11,92,62,Advanced
1242,30,28,2,93.33,16,10,8,10,0,2,0,Hard,14,93,56,Advanced
1243,30,18,12,60.0,46,9,3,6,1,7,4,Easy,3,58,33,Beginner
1244,30,17,13,56.67,59,7,5,5,3,5,5,Easy,4,59,32,Beginner
1245,30,26,4,86.67,15,10,9,7,0,1,3,Hard,13,92,49,Advanced
1246,30,26,4,86.67,25,10,9,7,0,1,3,Hard,10,86,49,Advanced
1247,30,24,6,80.0,36,9,10,5,1,0,5,Medium,7,80,44,Intermediate
1248,30,22,8,73.33,27,10,10,2,0,0,8,Medium,7,61,36,Intermediate
1249,30,30,0,100.0,18,10,9,11,0,1,0,Hard,12,96,61,Advanced
1250,30,23,7,76.67,36,10,8,5,0,2,5,Medium,9,67,41,Intermediate
1251,30,23,7,76.67,32,10,7,6,0,3,4,Medium,7,77,42,Intermediate
1252,30,11,19,36.67,38,8,3,0,2,7,10,Easy,5,47,14,Beginner
1253,30,21,9,70.0,35,9,8,4,1,2,6,Medium,9,78,37,Intermediate
1254,30,17,13,56.67,57,7,6,4,3,4,6,Easy,4,44,31,Beginner
1255,30,23,7,76.67,26,10,8,5,0,2,5,Medium,9,67,41,Intermediate
1256,30,21,9,70.0,28,9,9,3,1,1,7,Medium,6,77,36,Intermediate
1257,30,23,7,76.67,27,9,10,4,1,0,6,Medium,8,65,41,Intermediate
1258,30,18,12,60.0,56,8,4,6,2,6,4,Easy,4,44,34,Beginner
1259,30,23,7,76.67,27,10,9,4,0,1,6,Medium,7,69,40,Intermediate
1260,30,21,9,70.0,31,9,10,2,1,0,8,Medium,7,70,35,Intermediate
1261,30,13,17,43.33,45,6,6,1,4,4,9,Easy,5,43,21,Beginner
1262,30,22,8,73.33,33,8,7,7,2,3,3,Medium,9,71,43,Intermediate
1263,30,24,6,80.0,32,10,8,6,0,2,4,Medium,8,64,44,Intermediate
1264,30,24,6,80.0,25,8,9,7,2,1,3,Medium,5,62,47,Intermediate
1265,30,15,15,50.0,39,6,4,5,4,6,5,Easy,3,51,29,Beginner
1266,30,23,7,76.67,35,10,7,6,0,3,4,Medium,9,62,42,Intermediate
1267,30,20,10,66.67,37,10,7,3,0,3,7,Medium,8,66,33,Intermediate
1268,30,18,12,60.0,54,7,4,7,3,6,3,Easy,5,47,36,Beginner
1269,30,23,7,76.67,35,9,8,6,1,2,4,Medium,9,66,43,Intermediate
1270,30,19,11,63.33,36,8,8,3,2,2,7,Medium,8,68,33,Intermediate
1271,30,14,16,46.67,47,10,6,0,0,4,12,Easy,2,52,22,Beginner
1272,30,29,1,96.67,23,10,10,9,0,0,1,Hard,12,87,57,Advanced
1273,30,19,11,63.33,32,9,7,3,1,3,7,Medium,5,70,32,Intermediate
1274,30,26,4,86.67,17,10,9,7,0,1,3,Hard,11,87,49,Advanced
1275,30,30,0,100.0,18,10,9,11,0,1,0,Hard,14,93,61,Advanced
1276,30,30,0,100.0,16,10,8,12,0,2,0,Hard,10,82,62,Advanced
1277,30,12,18,40.0,54,9,4,0,1,6,11,Easy,4,52,17,Beginner
1278,30,22,8,73.33,34,9,7,6,1,3,4,Medium,8,71,41,Intermediate
1279,30,25,5,83.33,25,10,10,5,0,0,5,Hard,11,88,45,Advanced
1280,30,22,8,73.33,28,8,10,4,2,0,6,Medium,7,75,40,Intermediate
1281,30,30,0,100.0,25,10,8,12,0,2,0,Hard,8,94,62,Advanced
1282,30,30,0,100.0,24,10,8,12,0,2,0,Hard,9,91,62,Advanced
1283,30,23,7,76.67,29,10,9,4,0,1,6,Medium,7,67,40,Intermediate
1284,30,23,7,76.67,30,9,10,4,1,0,6,Medium,9,70,41,Intermediate
1285,30,17,13,56.67,40,8,6,3,2,4,7,Easy,2,55,29,Beginner
1286,30,20,10,66.67,32,8,9,3,2,1,7,Medium,5,77,35,Intermediate
1287,30,26,4,86.67,18,10,8,8,0,2,2,Hard,12,88,50,Advanced
1288,30,24,6,80.0,37,9,9,6,1,1,4,Medium,6,74,45,Intermediate
1289,30,17,13,56.67,44,9,6,2,1,4,8,Easy,5,42,27,Beginner
1290,30,20,10,66.67,36,8,8,4,2,2,6,Medium,8,67,36,Intermediate
1291,30,11,19,36.67,55,10,3,0,0,7,12,Easy,2,47,16,Beginner
1292,30,23,7,76.67,38,8,7,8,2,3,2,Medium,5,67,46,Intermediate
1293,30,19,11,63.33,38,9,7,3,1,3,7,Medium,6,62,32,Intermediate
1294,30,22,8,73.33,31,8,8,6,2,2,4,Medium,5,69,42,Intermediate
1295,30,20,10,66.67,34,9,10,1,1,0,9,Medium,7,75,32,Intermediate
1296,30,26,4,86.67,23,10,10,6,0,0,4,Hard,14,90,48,Advanced
1297,30,17,13,56.67,53,8,5,4,2,5,6,Easy,4,58,30,Beginner
1298,30,26,4,86.67,19,10,10,6,0,0,4,Hard,12,86,48,Advanced
1299,30,19,11,63.33,33,9,9,1,1,1,9,Medium,9,66,30,Intermediate
1300,30,16,14,53.33,49,6,3,7,4,7,3,Easy,2,50,33,Beginner
1301,30,16,14,53.33,59,9,6,1,1,4,9,Easy,5,44,24,Beginner
1302,30,18,12,60.0,49,8,6,4,2,4,6,Easy,2,43,32,Beginner
1303,30,24,6,80.0,36,10,9,5,0,1,5,Medium,7,80,43,Intermediate
1304,30,27,3,90.0,21,10,10,7,0,0,3,Hard,14,84,51,Advanced
1305,30,28,2,93.33,18,10,8,10,0,2,0,Hard,9,88,56,Advanced
1306,30,29,1,96.67,25,10,10,9,0,0,1,Hard,10,96,57,Advanced
1307,30,27,3,90.0,19,10,9,8,0,1,2,Hard,9,81,52,Advanced
1308,30,17,13,56.67,46,10,5,2,0,5,8,Easy,4,60,26,Beginner
1309,30,14,16,46.67,54,6,3,5,4,7,5,Easy,5,44,27,Beginner
1310,30,30,0,100.0,22,10,9,11,0,1,0,Hard,8,99,61,Advanced
1311,30,30,0,100.0,24,10,10,10,0,0,0,Hard,11,89,60,Advanced
1312,30,22,8,73.33,35,8,10,4,2,0,6,Medium,5,61,40,Intermediate
1313,30,13,17,43.33,45,8,6,0,2,4,11,Easy,3,54,20,Beginner
1314,30,23,7,76.67,28,8,10,5,2,0,5,Medium,7,64,43,Intermediate
1315,30,20,10,66.67,34,10,8,2,0,2,8,Medium,6,64,32,Intermediate
1316,30,30,0,100.0,15,10,9,11,0,1,0,Hard,13,91,61,Advanced
1317,30,17,13,56.67,44,7,6,4,3,4,6,Easy,2,60,31,Beginner
1318,30,26,4,86.67,23,10,10,6,0,0,4,Hard,9,100,48,Advanced
1319,30,27,3,90.0,19,10,10,7,0,0,3,Hard,11,88,51,Advanced
1320,30,21,9,70.0,31,9,7,5,1,3,5,Medium,9,73,38,Intermediate
1321,30,21,9,70.0,38,9,10,2,1,0,8,Medium,9,66,35,Intermediate
1322,30,26,4,86.67,24,10,10,6,0,0,4,Hard,14,86,48,Advanced
1323,30,29,1,96.67,20,10,8,11,0,2,0,Hard,12,92,59,Advanced
1324,30,22,8,73.33,32,9,7,6,1,3,4,Medium,9,64,41,Intermediate
1325,30,21,9,70.0,30,8,10,3,2,0,7,Medium,6,70,37,Intermediate
1326,30,21,9,70.0,30,8,9,4,2,1,6,Medium,8,68,38,Intermediate
1327,30,23,7,76.67,28,10,8,5,0,2,5,Medium,9,73,41,Intermediate
1328,30,29,1,96.67,25,10,9,10,0,1,0,Hard,10,86,58,Advanced
1329,30,12,18,40.0,58,7,3,2,3,7,8,Easy,5,52,19,Beginner
1330,30,21,9,70.0,32,10,7,4,0,3,6,Medium,6,78,36,Intermediate
1331,30,25,5,83.33,23,10,9,6,0,1,4,Hard,15,91,46,Advanced
1332,30,25,5,83.33,25,10,10,5,0,0,5,Hard,9,94,45,Advanced
1333,30,29,1,96.67,15,10,10,9,0,0,1,Hard,13,86,57,Advanced
1334,30,21,9,70.0,29,8,8,5,2,2,5,Medium,9,66,39,Intermediate
1335,30,17,13,56.67,58,7,3,7,3,7,3,Easy,5,49,34,Beginner
1336,30,15,15,50.0,59,8,4,3,2,6,7,Easy,3,54,25,Beginner
1337,30,30,0,100.0,21,10,9,11,0,1,0,Hard,12,88,61,Advanced
1338,30,27,3,90.0,16,10,9,8,0,1,2,Hard,14,84,52,Advanced
1339,30,19,11,63.33,37,10,9,0,0,1,10,Medium,6,61,28,Intermediate
1340,30,23,7,76.67,30,10,7,6,0,3,4,Medium,8,78,42,Intermediate
1341,30,21,9,70.0,36,10,10,1,0,0,9,Medium,8,67,33,Intermediate
1342,30,13,17,43.33,48,6,3,4,4,7,6,Easy,4,45,24,Beginner
1343,30,25,5,83.33,21,10,9,6,0,1,4,Hard,15,94,46,Advanced
1344,30,21,9,70.0,32,9,8,4,1,2,6,Medium,6,68,37,Intermediate
1345,30,24,6,80.0,37,10,8,6,0,2,4,Medium,8,65,44,Intermediate
1346,30,25,5,83.33,21,10,9,6,0,1,4,Hard,10,93,46,Advanced
1347,30,22,8,73.33,25,9,9,4,1,1,6,Medium,9,77,39,Intermediate
1348,30,20,10,66.67,25,9,8,3,1,2,7,Medium,5,65,34,Intermediate
1349,30,11,19,36.67,40,10,3,0,0,7,12,Easy,4,56,16,Beginner
1350,30,22,8,73.33,32,10,7,5,0,3,5,Medium,9,77,39,Intermediate
1351,30,26,4,86.67,23,10,9,7,0,1,3,Hard,8,93,49,Advanced
1352,30,30,0,100.0,23,10,8,12,0,2,0,Hard,14,92,62,Advanced
1353,30,25,5,83.33,16,10,9,6,0,1,4,Hard,10,84,46,Advanced
1354,30,26,4,86.67,20,10,8,8,0,2,2,Hard,13,99,50,Advanced
1355,30,30,0,100.0,20,10,10,10,0,0,0,Hard,13,91,60,Advanced
1356,30,15,15,50.0,51,9,4,2,1,6,8,Easy,5,51,23,Beginner
1357,30,11,19,36.67,40,8,4,0,2,6,11,Easy,4,53,16,Beginner
1358,30,18,12,60.0,54,10,6,2,0,4,8,Easy,2,45,28,Beginner
1359,30,25,5,83.33,18,10,10,5,0,0,5,Hard,11,81,45,Advanced
1360,30,30,0,100.0,15,10,8,12,0,2,0,Hard,11,96,62,Advanced
1361,30,26,4,86.67,22,10,10,6,0,0,4,Hard,14,85,48,Advanced
1362,30,21,9,70.0,28,10,9,2,0,1,8,Medium,6,68,34,Intermediate
1363,30,27,3,90.0,15,10,8,9,0,2,1,Hard,10,94,53,Advanced
1364,30,24,6,80.0,25,9,8,7,1,2,3,Medium,9,68,46,Intermediate
1365,30,10,20,33.33,48,6,4,0,4,6,10,Easy,2,42,14,Beginner
1366,30,17,13,56.67,57,6,4,7,4,6,3,Easy,2,51,35,Beginner
1367,30,18,12,60.0,38,6,5,7,4,5,3,Easy,2,48,37,Beginner
1368,30,29,1,96.67,21,10,8,11,0,2,0,Hard,12,91,59,Advanced
1369,30,18,12,60.0,60,9,6,3,1,4,7,Easy,4,54,30,Beginner
1370,30,12,18,40.0,48,6,6,0,4,4,10,Easy,2,60,18,Beginner
1371,30,29,1,96.67,24,10,8,11,0,2,0,Hard,10,95,59,Advanced
1372,30,21,9,70.0,32,9,8,4,1,2,6,Medium,5,67,37,Intermediate
1373,30,29,1,96.67,21,10,8,11,0,2,0,Hard,15,99,59,Advanced
1374,30,22,8,73.33,25,9,7,6,1,3,4,Medium,9,74,41,Intermediate
1375,30,20,10,66.67,33,8,7,5,2,3,5,Medium,5,67,37,Intermediate
1376,30,30,0,100.0,19,10,9,11,0,1,0,Hard,9,99,61,Advanced
1377,30,17,13,56.67,42,7,3,7,3,7,3,Easy,4,44,34,Beginner
1378,30,16,14,53.33,51,8,5,3,2,5,7,Easy,5,58,27,Beginner
1379,30,20,10,66.67,34,10,9,1,0,1,9,Medium,9,76,31,Intermediate
1380,30,11,19,36.67,55,9,6,0,1,4,14,Easy,3,60,21,Beginner
1381,30,24,6,80.0,27,10,7,7,0,3,3,Medium,9,62,45,Intermediate
1382,30,30,0,100.0,20,10,8,12,0,2,0,Hard,14,97,62,Advanced
1383,30,12,18,40.0,42,6,5,1,4,5,9,Easy,4,46,19,Beginner
1384,30,11,19,36.67,53,6,6,0,4,4,11,Easy,3,46,18,Beginner
1385,30,19,11,63.33,27,9,7,3,1,3,7,Medium,5,66,32,Intermediate
1386,30,21,9,70.0,26,9,9,3,1,1,7,Medium,5,76,36,Intermediate
1387,30,15,15,50.0,59,7,5,3,3,5,7,Easy,5,55,26,Beginner
1388,30,30,0,100.0,20,10,8,12,0,2,0,Hard,12,91,62,Advanced
1389,30,11,19,36.67,50,9,5,0,1,5,13,Easy,2,59,19,Beginner
1390,30,25,5,83.33,16,10,8,7,0,2,3,Hard,14,87,47,Advanced
1391,30,21,9,70.0,25,9,7,5,1,3,5,Medium,6,78,38,Intermediate
1392,30,14,16,46.67,48,10,5,0,0,5,11,Easy,3,51,20,Beginner
1393,30,28,2,93.33,19,10,10,8,0,0,2,Hard,8,86,54,Advanced
1394,30,23,7,76.67,32,10,8,5,0,2,5,Medium,8,70,41,Intermediate
1395,30,20,10,66.67,38,9,7,4,1,3,6,Medium,6,80,35,Intermediate
1396,30,20,10,66.67,38,8,7,5,2,3,5,Medium,9,65,37,Intermediate
1397,30,24,6,80.0,38,9,10,5,1,0,5,Medium,5,71,44,Intermediate
1398,30,10,20,33.33,39,6,4,0,4,6,10,Easy,4,44,14,Beginner
1399,30,20,10,66.67,25,9,7,4,1,3,6,Medium,7,68,35,Intermediate
1400,30,20,10,66.67,28,9,10,1,1,0,9,Medium,6,66,32,Intermediate
1401,30,24,6,80.0,37,8,10,6,2,0,4,Medium,5,79,46,Intermediate
1402,30,24,6,80.0,25,8,9,7,2,1,3,Medium,9,74,47,Intermediate
1403,30,30,0,100.0,20,10,9,11,0,1,0,Hard,10,90,61,Advanced
1404,30,28,2,93.33,20,10,9,9,0,1,1,Hard,11,83,55,Advanced
1405,30,11,19,36.67,40,10,6,0,0,4,15,Easy,3,44,22,Beginner
1406,30,22,8,73.33,36,8,8,6,2,2,4,Medium,6,76,42,Intermediate
1407,30,21,9,70.0,32,8,10,3,2,0,7,Medium,7,79,37,Intermediate
1408,30,18,12,60.0,48,6,3,9,4,7,1,Easy,5,45,39,Beginner
1409,30,23,7,76.67,29,10,7,6,0,3,4,Medium,7,67,42,Intermediate
1410,30,20,10,66.67,29,10,9,1,0,1,9,Medium,5,65,31,Intermediate
1411,30,22,8,73.33,37,9,7,6,1,3,4,Medium,7,69,41,Intermediate
1412,30,24,6,80.0,32,8,7,9,2,3,1,Medium,7,75,49,Intermediate
1413,30,20,10,66.67,25,10,9,1,0,1,9,Medium,7,75,31,Intermediate
1414,30,28,2,93.33,15,10,8,10,0,2,0,Hard,8,97,56,Advanced
1415,30,30,0,100.0,20,10,8,12,0,2,0,Hard,8,99,62,Advanced
1416,30,29,1,96.67,16,10,8,11,0,2,0,Hard,8,83,59,Advanced
1417,30,11,19,36.67,38,8,3,0,2,7,10,Easy,5,57,14,Beginner
1418,30,20,10,66.67,28,10,7,3,0,3,7,Medium,9,74,33,Intermediate
1419,30,10,20,33.33,60,7,5,0,3,5,12,Easy,5,54,17,Beginner
1420,30,24,6,80.0,36,10,8,6,0,2,4,Medium,9,62,44,Intermediate
1421,30,25,5,83.33,19,10,9,6,0,1,4,Hard,10,81,46,Advanced
1422,30,20,10,66.67,35,8,8,4,2,2,6,Medium,8,63,36,Intermediate
1423,30,29,1,96.67,22,10,10,9,0,0,1,Hard,9,95,57,Advanced
1424,30,26,4,86.67,22,10,9,7,0,1,3,Hard,11,95,49,Advanced
1425,30,29,1,96.67,15,10,8,11,0,2,0,Hard,14,82,59,Advanced
1426,30,17,13,56.67,46,9,5,3,1,5,7,Easy,2,59,28,Beginner
1427,30,20,10,66.67,34,8,7,5,2,3,5,Medium,5,78,37,Intermediate
1428,30,16,14,53.33,59,7,6,3,3,4,7,Easy,5,55,28,Beginner
1429,30,12,18,40.0,50,6,3,3,4,7,7,Easy,4,46,21,Beginner
1430,30,29,1,96.67,17,10,10,9,0,0,1,Hard,11,83,57,Advanced
1431,30,21,9,70.0,38,8,8,5,2,2,5,Medium,7,69,39,Intermediate
1432,30,21,9,70.0,28,10,8,3,0,2,7,Medium,5,78,35,Intermediate
1433,30,29,1,96.67,25,10,10,9,0,0,1,Hard,14,94,57,Advanced
1434,30,16,14,53.33,58,7,5,4,3,5,6,Easy,5,54,29,Beginner
1435,30,23,7,76.67,37,9,10,4,1,0,6,Medium,8,69,41,Intermediate
1436,30,27,3,90.0,20,10,9,8,0,1,2,Hard,14,83,52,Advanced
1437,30,10,20,33.33,54,6,4,0,4,6,10,Easy,2,41,14,Beginner
1438,30,24,6,80.0,29,10,7,7,0,3,3,Medium,8,78,45,Intermediate
1439,30,24,6,80.0,26,10,9,5,0,1,5,Medium,5,64,43,Intermediate
1440,30,11,19,36.67,47,8,4,0,2,6,11,Easy,4,45,16,Beginner
1441,30,22,8,73.33,26,10,7,5,0,3,5,Medium,7,66,39,Intermediate
1442,30,19,11,63.33,33,9,9,1,1,1,9,Medium,7,70,30,Intermediate
1443,30,16,14,53.33,43,9,6,1,1,4,9,Easy,4,56,24,Beginner
1444,30,29,1,96.67,18,10,9,10,0,1,0,Hard,14,89,58,Advanced
1445,30,21,9,70.0,35,8,10,3,2,0,7,Medium,8,78,37,Intermediate
1446,30,11,19,36.67,39,8,4,0,2,6,11,Easy,2,44,16,Beginner
1447,30,11,19,36.67,51,7,5,0,3,5,11,Easy,3,42,17,Beginner
1448,30,21,9,70.0,33,10,10,1,0,0,9,Medium,6,62,33,Intermediate
1449,30,30,0,100.0,15,10,9,11,0,1,0,Hard,15,95,61,Advanced
1450,30,25,5,83.33,23,10,10,5,0,0,5,Hard,11,94,45,Advanced
1451,30,21,9,70.0,29,8,8,5,2,2,5,Medium,7,71,39,Intermediate
1452,30,20,10,66.67,37,9,7,4,1,3,6,Medium,5,77,35,Intermediate
1453,30,19,11,63.33,37,8,8,3,2,2,7,Medium,5,76,33,Intermediate
1454,30,24,6,80.0,26,10,7,7,0,3,3,Medium,5,63,45,Intermediate
1455,30,19,11,63.33,26,10,7,2,0,3,8,Medium,6,71,30,Intermediate
1456,30,19,11,63.33,31,10,7,2,0,3,8,Medium,5,75,30,Intermediate
1457,30,15,15,50.0,40,6,5,4,4,5,6,Easy,2,43,28,Beginner
1458,30,15,15,50.0,53,6,4,5,4,6,5,Easy,4,58,29,Beginner
1459,30,15,15,50.0,53,8,5,2,2,5,8,Easy,2,49,24,Beginner
1460,30,21,9,70.0,37,10,9,2,0,1,8,Medium,7,61,34,Intermediate
1461,30,30,0,100.0,25,10,9,11,0,1,0,Hard,10,85,61,Advanced
1462,30,14,16,46.67,53,9,5,0,1,5,10,Easy,2,43,19,Beginner
1463,30,10,20,33.33,47,7,6,0,3,4,13,Easy,2,51,19,Beginner
1464,30,28,2,93.33,19,10,8,10,0,2,0,Hard,10,84,56,Advanced
1465,30,30,0,100.0,15,10,10,10,0,0,0,Hard,12,86,60,Advanced
1466,30,20,10,66.67,28,10,7,3,0,3,7,Medium,8,64,33,Intermediate
1467,30,24,6,80.0,26,8,7,9,2,3,1,Medium,5,69,49,Intermediate
1468,30,29,1,96.67,22,10,9,10,0,1,0,Hard,9,86,58,Advanced
1469,30,24,6,80.0,33,10,7,7,0,3,3,Medium,7,67,45,Intermediate
1470,30,22,8,73.33,28,10,8,4,0,2,6,Medium,8,72,38,Intermediate
1471,30,16,14,53.33,48,6,5,5,4,5,5,Easy,3,48,31,Beginner
1472,30,15,15,50.0,56,8,4,3,2,6,7,Easy,4,49,25,Beginner
1473,30,15,15,50.0,52,8,6,1,2,4,9,Easy,5,51,23,Beginner
1474,30,15,15,50.0,46,8,3,4,2,7,6,Easy,2,42,26,Beginner
1475,30,23,7,76.67,32,9,9,5,1,1,5,Medium,9,80,42,Intermediate
1476,30,28,2,93.33,20,10,9,9,0,1,1,Hard,15,85,55,Advanced
1477,30,30,0,100.0,17,10,9,11,0,1,0,Hard,10,91,61,Advanced
1478,30,29,1,96.67,19,10,9,10,0,1,0,Hard,10,81,58,Advanced
1479,30,28,2,93.33,25,10,10,8,0,0,2,Hard,12,81,54,Advanced
1480,30,20,10,66.67,28,10,8,2,0,2,8,Medium,9,68,32,Intermediate
1481,30,29,1,96.67,15,10,9,10,0,1,0,Hard,8,92,58,Advanced
1482,30,29,1,96.67,22,10,10,9,0,0,1,Hard,8,95,57,Advanced
1483,30,10,20,33.33,50,6,4,0,4,6,10,Easy,4,55,14,Beginner
1484,30,23,7,76.67,26,10,7,6,0,3,4,Medium,6,79,42,Intermediate
1485,30,10,20,33.33,44,9,5,0,1,5,14,Easy,3,48,19,Beginner
1486,30,17,13,56.67,52,7,6,4,3,4,6,Easy,5,58,31,Beginner
1487,30,22,8,73.33,31,9,9,4,1,1,6,Medium,9,79,39,Intermediate
1488,30,16,14,53.33,43,7,4,5,3,6,5,Easy,3,58,30,Beginner
1489,30,20,10,66.67,30,9,8,3,1,2,7,Medium,8,62,34,Intermediate
1490,30,27,3,90.0,19,10,8,9,0,2,1,Hard,13,92,53,Advanced
1491,30,24,6,80.0,34,10,9,5,0,1,5,Medium,6,70,43,Intermediate
1492,30,22,8,73.33,29,8,8,6,2,2,4,Medium,5,76,42,Intermediate
1493,30,10,20,33.33,54,8,4,0,2,6,12,Easy,3,46,16,Beginner
1494,30,22,8,73.33,28,8,7,7,2,3,3,Medium,7,69,43,Intermediate
1495,30,29,1,96.67,20,10,10,9,0,0,1,Hard,9,98,57,Advanced
1496,30,26,4,86.67,23,10,8,8,0,2,2,Hard,8,82,50,Advanced
1497,30,13,17,43.33,46,10,4,0,0,6,11,Easy,3,41,18,Beginner
1498,30,26,4,86.67,22,10,8,8,0,2,2,Hard,11,90,50,Advanced
1499,30,17,13,56.67,58,6,4,7,4,6,3,Easy,2,58,35,Beginner
1500,30,20,10,66.67,35,9,7,4,1,3,6,Medium,6,64,35,Intermediate
1501,30,23,7,76.67,28,10,8,5,0,2,5,Medium,8,80,41,Intermediate
1502,30,23,7,76.67,28,8,9,6,2,1,4,Medium,6,75,44,Intermediate
1503,30,30,0,100.0,25,10,9,11,0,1,0,Hard,12,86,61,Advanced
1504,30,23,7,76.67,29,10,10,3,0,0,7,Medium,7,64,39,Intermediate
1505,30,25,5,83.33,25,10,8,7,0,2,3,Hard,9,81,47,Advanced
1506,30,24,6,80.0,30,8,7,9,2,3,1,Medium,6,70,49,Intermediate
1507,30,25,5,83.33,19,10,10,5,0,0,5,Hard,15,99,45,Advanced
1508,30,12,18,40.0,56,6,4,2,4,6,8,Easy,4,43,20,Beginner
1509,30,22,8,73.33,34,8,10,4,2,0,6,Medium,5,61,40,Intermediate
1510,30,29,1,96.67,17,10,8,11,0,2,0,Hard,12,100,59,Advanced
1511,30,24,6,80.0,32,9,9,6,1,1,4,Medium,7,77,45,Intermediate
1512,30,26,4,86.67,23,10,10,6,0,0,4,Hard,15,100,48,Advanced
1513,30,15,15,50.0,47,7,3,5,3,7,5,Easy,2,58,28,Beginner
1514,30,10,20,33.33,48,7,4,0,3,6,11,Easy,4,56,15,Beginner
1515,30,25,5,83.33,25,10,9,6,0,1,4,Hard,13,86,46,Advanced
1516,30,28,2,93.33,15,10,9,9,0,1,1,Hard,14,87,55,Advanced
1517,30,29,1,96.67,16,10,9,10,0,1,0,Hard,14,95,58,Advanced
1518,30,18,12,60.0,56,6,4,8,4,6,2,Easy,4,43,38,Beginner
1519,30,25,5,83.33,25,10,9,6,0,1,4,Hard,9,86,46,Advanced
1520,30,21,9,70.0,37,8,9,4,2,1,6,Medium,6,79,38,Intermediate
1521,30,19,11,63.33,38,10,7,2,0,3,8,Medium,5,80,30,Intermediate
1522,30,30,0,100.0,15,10,8,12,0,2,0,Hard,10,91,62,Advanced
1523,30,21,9,70.0,32,9,8,4,1,2,6,Medium,5,65,37,Intermediate
1524,30,21,9,70.0,34,10,8,3,0,2,7,Medium,8,64,35,Intermediate
1525,30,26,4,86.67,22,10,10,6,0,0,4,Hard,10,81,48,Advanced
1526,30,20,10,66.67,36,10,10,0,0,0,10,Medium,9,74,30,Intermediate
1527,30,19,11,63.33,27,10,8,1,0,2,9,Medium,8,77,29,Intermediate
1528,30,22,8,73.33,35,10,7,5,0,3,5,Medium,9,67,39,Intermediate
1529,30,19,11,63.33,25,9,9,1,1,1,9,Medium,6,77,30,Intermediate
1530,30,26,4,86.67,17,10,10,6,0,0,4,Hard,12,98,48,Advanced
1531,30,21,9,70.0,30,9,8,4,1,2,6,Medium,5,72,37,Intermediate
1532,30,27,3,90.0,18,10,9,8,0,1,2,Hard,13,91,52,Advanced
1533,30,19,11,63.33,28,10,9,0,0,1,10,Medium,7,77,28,Intermediate
1534,30,23,7,76.67,27,8,9,6,2,1,4,Medium,6,66,44,Intermediate
1535,30,22,8,73.33,32,9,8,5,1,2,5,Medium,9,69,40,Intermediate
1536,30,20,10,66.67,25,10,7,3,0,3,7,Medium,7,78,33,Intermediate
1537,30,23,7,76.67,36,10,10,3,0,0,7,Medium,8,77,39,Intermediate
1538,30,22,8,73.33,31,9,7,6,1,3,4,Medium,7,64,41,Intermediate
1539,30,10,20,33.33,40,7,5,0,3,5,12,Easy,3,41,17,Beginner
1540,30,21,9,70.0,26,9,9,3,1,1,7,Medium,6,80,36,Intermediate
1541,30,27,3,90.0,16,10,8,9,0,2,1,Hard,9,95,53,Advanced
1542,30,22,8,73.33,34,10,10,2,0,0,8,Medium,5,74,36,Intermediate
1543,30,23,7,76.67,29,10,7,6,0,3,4,Medium,5,63,42,Intermediate
1544,30,19,11,63.33,31,10,7,2,0,3,8,Medium,9,67,30,Intermediate
1545,30,20,10,66.67,35,10,8,2,0,2,8,Medium,6,61,32,Intermediate
1546,30,22,8,73.33,38,10,10,2,0,0,8,Medium,8,64,36,Intermediate
1547,30,14,16,46.67,57,10,5,0,0,5,11,Easy,4,47,20,Beginner
1548,30,25,5,83.33,19,10,10,5,0,0,5,Hard,8,85,45,Advanced
1549,30,15,15,50.0,50,7,3,5,3,7,5,Easy,4,59,28,Beginner
1550,30,30,0,100.0,23,10,9,11,0,1,0,Hard,13,99,61,Advanced
1551,30,27,3,90.0,16,10,9,8,0,1,2,Hard,8,90,52,Advanced
1552,30,17,13,56.67,39,8,3,6,2,7,4,Easy,5,40,32,Beginner
1553,30,22,8,73.33,29,8,9,5,2,1,5,Medium,7,78,41,Intermediate
1554,30,11,19,36.67,44,10,5,0,0,5,14,Easy,5,42,20,Beginner
1555,30,14,16,46.67,42,8,3,3,2,7,7,Easy,5,47,23,Beginner
1556,30,25,5,83.33,22,10,8,7,0,2,3,Hard,15,88,47,Advanced
1557,30,11,19,36.67,40,7,6,0,3,4,12,Easy,4,45,19,Beginner
1558,30,10,20,33.33,47,6,3,1,4,7,9,Easy,3,49,15,Beginner
1559,30,20,10,66.67,34,9,8,3,1,2,7,Medium,7,62,34,Intermediate
1560,30,26,4,86.67,17,10,8,8,0,2,2,Hard,15,84,50,Advanced
1561,30,29,1,96.67,19,10,10,9,0,0,1,Hard,13,98,57,Advanced
1562,30,26,4,86.67,16,10,9,7,0,1,3,Hard,15,93,49,Advanced
1563,30,17,13,56.67,57,9,3,5,1,7,5,Easy,4,42,30,Beginner
1564,30,28,2,93.33,15,10,8,10,0,2,0,Hard,12,95,56,Advanced
1565,30,23,7,76.67,31,8,7,8,2,3,2,Medium,9,71,46,Intermediate
1566,30,22,8,73.33,26,9,9,4,1,1,6,Medium,7,79,39,Intermediate
1567,30,21,9,70.0,37,9,7,5,1,3,5,Medium,5,66,38,Intermediate
1568,30,26,4,86.67,23,10,10,6,0,0,4,Hard,13,92,48,Advanced
1569,30,13,17,43.33,50,7,6,0,3,4,10,Easy,3,43,19,Beginner
1570,30,26,4,86.67,16,10,10,6,0,0,4,Hard,8,85,48,Advanced
1571,30,25,5,83.33,15,10,10,5,0,0,5,Hard,12,100,45,Advanced
1572,30,28,2,93.33,22,10,9,9,0,1,1,Hard,8,85,55,Advanced
1573,30,13,17,43.33,50,8,4,1,2,6,9,Easy,5,47,19,Beginner
1574,30,25,5,83.33,17,10,9,6,0,1,4,Hard,13,95,46,Advanced
1575,30,20,10,66.67,34,8,7,5,2,3,5,Medium,9,68,37,Intermediate
1576,30,13,17,43.33,41,6,4,3,4,6,7,Easy,2,57,23,Beginner
1577,30,30,0,100.0,25,10,10,10,0,0,0,Hard,13,100,60,Advanced
1578,30,15,15,50.0,45,6,6,3,4,4,7,Easy,4,59,27,Beginner
1579,30,14,16,46.67,49,6,5,3,4,5,7,Easy,3,52,25,Beginner
1580,30,22,8,73.33,29,9,9,4,1,1,6,Medium,9,78,39,Intermediate
1581,30,28,2,93.33,24,10,9,9,0,1,1,Hard,11,96,55,Advanced
1582,30,16,14,53.33,57,9,3,4,1,7,6,Easy,2,47,27,Beginner
1583,30,16,14,53.33,45,8,4,4,2,6,6,Easy,3,41,28,Beginner
1584,30,16,14,53.33,52,7,6,3,3,4,7,Easy,4,48,28,Beginner
1585,30,28,2,93.33,15,10,9,9,0,1,1,Hard,11,81,55,Advanced
1586,30,18,12,60.0,42,8,3,7,2,7,3,Easy,4,49,35,Beginner
1587,30,23,7,76.67,26,10,9,4,0,1,6,Medium,5,73,40,Intermediate
1588,30,20,10,66.67,36,9,7,4,1,3,6,Medium,5,67,35,Intermediate
1589,30,28,2,93.33,23,10,10,8,0,0,2,Hard,8,93,54,Advanced
1590,30,27,3,90.0,18,10,10,7,0,0,3,Hard,14,83,51,Advanced
1591,30,22,8,73.33,37,9,9,4,1,1,6,Medium,7,74,39,Intermediate
1592,30,20,10,66.67,31,10,10,0,0,0,10,Medium,5,71,30,Intermediate
1593,30,30,0,100.0,15,10,9,11,0,1,0,Hard,15,88,61,Advanced
1594,30,20,10,66.67,32,9,8,3,1,2,7,Medium,7,61,34,Intermediate
1595,30,25,5,83.33,19,10,10,5,0,0,5,Hard,11,99,45,Advanced
1596,30,12,18,40.0,53,10,4,0,0,6,12,Easy,2,40,18,Beginner
1597,30,28,2,93.33,20,10,10,8,0,0,2,Hard,8,93,54,Advanced
1598,30,28,2,93.33,19,10,10,8,0,0,2,Hard,14,82,54,Advanced
1599,30,15,15,50.0,48,6,6,3,4,4,7,Easy,4,41,27,Beginner
1600,30,30,0,100.0,22,10,9,11,0,1,0,Hard,10,86,61,Advanced
1601,30,19,11,63.33,29,8,7,4,2,3,6,Medium,8,75,34,Intermediate
1602,30,22,8,73.33,27,9,8,5,1,2,5,Medium,6,80,40,Intermediate
1603,30,20,10,66.67,37,9,7,4,1,3,6,Medium,7,77,35,Intermediate
1604,30,11,19,36.67,47,6,6,0,4,4,11,Easy,5,50,18,Beginner
1605,30,26,4,86.67,25,10,8,8,0,2,2,Hard,14,88,50,Advanced
1606,30,24,6,80.0,25,10,9,5,0,1,5,Medium,8,73,43,Intermediate
1607,30,22,8,73.33,27,9,10,3,1,0,7,Medium,7,63,38,Intermediate
1608,30,10,20,33.33,56,9,4,0,1,6,13,Easy,5,58,17,Beginner
1609,30,24,6,80.0,28,8,8,8,2,2,2,Medium,7,70,48,Intermediate
1610,30,17,13,56.67,48,7,6,4,3,4,6,Easy,3,45,31,Beginner
1611,30,22,8,73.33,28,10,9,3,0,1,7,Medium,9,80,37,Intermediate
1612,30,11,19,36.67,58,7,3,1,3,7,9,Easy,4,57,16,Beginner
1613,30,24,6,80.0,25,9,10,5,1,0,5,Medium,9,79,44,Intermediate
1614,30,24,6,80.0,37,10,8,6,0,2,4,Medium,6,77,44,Intermediate
1615,30,20,10,66.67,25,10,10,0,0,0,10,Medium,8,62,30,Intermediate
1616,30,17,13,56.67,55,8,5,4,2,5,6,Easy,2,48,30,Beginner
1617,30,26,4,86.67,22,10,8,8,0,2,2,Hard,11,91,50,Advanced
1618,30,26,4,86.67,20,10,9,7,0,1,3,Hard,12,99,49,Advanced
1619,30,22,8,73.33,29,8,7,7,2,3,3,Medium,5,73,43,Intermediate
1620,30,29,1,96.67,25,10,8,11,0,2,0,Hard,10,98,59,Advanced
1621,30,21,9,70.0,33,8,10,3,2,0,7,Medium,6,70,37,Intermediate
1622,30,27,3,90.0,15,10,10,7,0,0,3,Hard,10,97,51,Advanced
1623,30,23,7,76.67,33,8,8,7,2,2,3,Medium,7,73,45,Intermediate
1624,30,17,13,56.67,39,7,4,6,3,6,4,Easy,2,60,33,Beginner
1625,30,23,7,76.67,29,10,8,5,0,2,5,Medium,8,70,41,Intermediate
1626,30,24,6,80.0,37,9,10,5,1,0,5,Medium,7,77,44,Intermediate
1627,30,13,17,43.33,59,9,4,0,1,6,10,Easy,2,53,17,Beginner
1628,30,29,1,96.67,25,10,10,9,0,0,1,Hard,9,84,57,Advanced
1629,30,20,10,66.67,32,8,10,2,2,0,8,Medium,6,72,34,Intermediate
1630,30,21,9,70.0,27,10,9,2,0,1,8,Medium,6,73,34,Intermediate
1631,30,30,0,100.0,20,10,8,12,0,2,0,Hard,14,98,62,Advanced
1632,30,17,13,56.67,59,6,6,5,4,4,5,Easy,3,59,33,Beginner
1633,30,29,1,96.67,15,10,9,10,0,1,0,Hard,13,90,58,Advanced
1634,30,24,6,80.0,30,10,8,6,0,2,4,Medium,9,77,44,Intermediate
1635,30,10,20,33.33,44,8,6,0,2,4,14,Easy,5,42,20,Beginner
1636,30,30,0,100.0,17,10,9,11,0,1,0,Hard,15,89,61,Advanced
1637,30,17,13,56.67,60,9,6,2,1,4,8,Easy,4,59,27,Beginner
1638,30,26,4,86.67,23,10,10,6,0,0,4,Hard,15,93,48,Advanced
1639,30,11,19,36.67,53,10,3,0,0,7,12,Easy,4,52,16,Beginner
1640,30,26,4,86.67,15,10,8,8,0,2,2,Hard,13,90,50,Advanced
1641,30,25,5,83.33,21,10,8,7,0,2,3,Hard,8,82,47,Advanced
1642,30,18,12,60.0,46,7,5,6,3,5,4,Easy,5,54,35,Beginner
1643,30,24,6,80.0,28,8,9,7,2,1,3,Medium,8,75,47,Intermediate
1644,30,18,12,60.0,53,7,4,7,3,6,3,Easy,2,40,36,Beginner
1645,30,24,6,80.0,25,10,10,4,0,0,6,Medium,7,73,42,Intermediate
1646,30,16,14,53.33,38,9,3,4,1,7,6,Easy,4,58,27,Beginner
1647,30,30,0,100.0,19,10,9,11,0,1,0,Hard,8,91,61,Advanced
1648,30,26,4,86.67,25,10,9,7,0,1,3,Hard,13,88,49,Advanced
1649,30,26,4,86.67,22,10,10,6,0,0,4,Hard,12,81,48,Advanced
1650,30,10,20,33.33,47,9,4,0,1,6,13,Easy,3,50,17,Beginner
1651,30,21,9,70.0,29,9,10,2,1,0,8,Medium,8,74,35,Intermediate
1652,30,28,2,93.33,17,10,8,10,0,2,0,Hard,8,92,56,Advanced
1653,30,23,7,76.67,38,8,7,8,2,3,2,Medium,9,66,46,Intermediate
1654,30,14,16,46.67,60,9,4,1,1,6,9,Easy,2,48,20,Beginner
1655,30,18,12,60.0,41,6,4,8,4,6,2,Easy,5,45,38,Beginner
1656,30,27,3,90.0,17,10,10,7,0,0,3,Hard,9,84,51,Advanced
1657,30,30,0,100.0,15,10,10,10,0,0,0,Hard,10,95,60,Advanced
1658,30,11,19,36.67,44,9,5,0,1,5,13,Easy,5,43,19,Beginner
1659,30,18,12,60.0,51,7,6,5,3,4,5,Easy,4,47,34,Beginner
1660,30,21,9,70.0,30,9,10,2,1,0,8,Medium,9,68,35,Intermediate
1661,30,18,12,60.0,59,8,5,5,2,5,5,Easy,4,55,33,Beginner
1662,30,28,2,93.33,20,10,9,9,0,1,1,Hard,14,82,55,Advanced
1663,30,22,8,73.33,37,8,7,7,2,3,3,Medium,7,62,43,Intermediate
1664,30,30,0,100.0,24,10,8,12,0,2,0,Hard,13,99,62,Advanced
1665,30,10,20,33.33,56,7,5,0,3,5,12,Easy,5,52,17,Beginner
1666,30,20,10,66.67,25,10,9,1,0,1,9,Medium,5,63,31,Intermediate
1667,30,23,7,76.67,38,9,8,6,1,2,4,Medium,7,62,43,Intermediate
1668,30,28,2,93.33,21,10,10,8,0,0,2,Hard,10,89,54,Advanced
1669,30,14,16,46.67,57,10,5,0,0,5,11,Easy,2,53,20,Beginner
1670,30,24,6,80.0,29,10,10,4,0,0,6,Medium,7,65,42,Intermediate
1671,30,15,15,50.0,56,6,4,5,4,6,5,Easy,4,53,29,Beginner
1672,30,27,3,90.0,23,10,8,9,0,2,1,Hard,13,98,53,Advanced
1673,30,25,5,83.33,15,10,9,6,0,1,4,Hard,9,81,46,Advanced
1674,30,28,2,93.33,19,10,8,10,0,2,0,Hard,13,90,56,Advanced
1675,30,13,17,43.33,50,8,3,2,2,7,8,Easy,3,45,20,Beginner
1676,30,15,15,50.0,51,8,3,4,2,7,6,Easy,3,49,26,Beginner
1677,30,10,20,33.33,54,7,6,0,3,4,13,Easy,3,58,19,Beginner
1678,30,23,7,76.67,25,9,8,6,1,2,4,Medium,5,80,43,Intermediate
1679,30,30,0,100.0,24,10,9,11,0,1,0,Hard,8,90,61,Advanced
1680,30,12,18,40.0,43,9,4,0,1,6,11,Easy,5,59,17,Beginner
1681,30,25,5,83.33,24,10,9,6,0,1,4,Hard,11,81,46,Advanced
1682,30,16,14,53.33,42,9,6,1,1,4,9,Easy,4,59,24,Beginner
1683,30,18,12,60.0,52,6,3,9,4,7,1,Easy,2,54,39,Beginner
1684,30,14,16,46.67,54,10,4,0,0,6,10,Easy,4,52,18,Beginner
1685,30,26,4,86.67,25,10,9,7,0,1,3,Hard,10,92,49,Advanced
1686,30,27,3,90.0,15,10,10,7,0,0,3,Hard,13,93,51,Advanced
1687,30,19,11,63.33,26,10,8,1,0,2,9,Medium,5,65,29,Intermediate
1688,30,23,7,76.67,26,9,9,5,1,1,5,Medium,7,74,42,Intermediate
1689,30,29,1,96.67,25,10,9,10,0,1,0,Hard,12,89,58,Advanced
1690,30,14,16,46.67,47,9,3,2,1,7,8,Easy,4,47,21,Beginner
1691,30,11,19,36.67,42,9,4,0,1,6,12,Easy,2,54,17,Beginner
1692,30,19,11,63.33,35,10,8,1,0,2,9,Medium,6,70,29,Intermediate
1693,30,11,19,36.67,57,6,5,0,4,5,10,Easy,3,59,16,Beginner
1694,30,30,0,100.0,21,10,10,10,0,0,0,Hard,14,83,60,Advanced
1695,30,20,10,66.67,33,8,7,5,2,3,5,Medium,8,78,37,Intermediate
1696,30,21,9,70.0,30,9,9,3,1,1,7,Medium,7,75,36,Intermediate
1697,30,27,3,90.0,15,10,9,8,0,1,2,Hard,12,87,52,Advanced
1698,30,22,8,73.33,38,9,7,6,1,3,4,Medium,8,77,41,Intermediate
1699,30,22,8,73.33,25,8,9,5,2,1,5,Medium,9,70,41,Intermediate
1700,30,24,6,80.0,33,9,7,8,1,3,2,Medium,5,70,47,Intermediate
1701,30,30,0,100.0,17,10,8,12,0,2,0,Hard,15,95,62,Advanced
1702,30,18,12,60.0,54,10,5,3,0,5,7,Easy,5,59,29,Beginner
1703,30,21,9,70.0,32,10,8,3,0,2,7,Medium,7,78,35,Intermediate
1704,30,27,3,90.0,15,10,8,9,0,2,1,Hard,12,83,53,Advanced
1705,30,26,4,86.67,25,10,10,6,0,0,4,Hard,15,85,48,Advanced
1706,30,28,2,93.33,21,10,9,9,0,1,1,Hard,15,87,55,Advanced
1707,30,10,20,33.33,57,8,6,0,2,4,14,Easy,4,54,20,Beginner
1708,30,23,7,76.67,31,8,9,6,2,1,4,Medium,5,74,44,Intermediate
1709,30,24,6,80.0,34,10,9,5,0,1,5,Medium,7,78,43,Intermediate
1710,30,25,5,83.33,16,10,9,6,0,1,4,Hard,13,94,46,Advanced
1711,30,21,9,70.0,28,10,7,4,0,3,6,Medium,7,68,36,Intermediate
1712,30,29,1,96.67,21,10,10,9,0,0,1,Hard,11,93,57,Advanced
1713,30,29,1,96.67,21,10,10,9,0,0,1,Hard,11,93,57,Advanced
1714,30,24,6,80.0,31,10,10,4,0,0,6,Medium,9,73,42,Intermediate
1715,30,12,18,40.0,45,9,6,0,1,4,13,Easy,5,49,21,Beginner
1716,30,25,5,83.33,17,10,10,5,0,0,5,Hard,13,96,45,Advanced
1717,30,10,20,33.33,41,6,5,0,4,5,11,Easy,5,51,16,Beginner
1718,30,25,5,83.33,18,10,9,6,0,1,4,Hard,11,84,46,Advanced
1719,30,15,15,50.0,44,10,3,2,0,7,8,Easy,2,49,22,Beginner
1720,30,23,7,76.67,34,8,10,5,2,0,5,Medium,8,68,43,Intermediate
1721,30,30,0,100.0,18,10,9,11,0,1,0,Hard,11,99,61,Advanced
1722,30,10,20,33.33,59,10,4,0,0,6,14,Easy,2,41,18,Beginner
1723,30,22,8,73.33,27,8,8,6,2,2,4,Medium,8,78,42,Intermediate
1724,30,26,4,86.67,17,10,10,6,0,0,4,Hard,8,81,48,Advanced
1725,30,28,2,93.33,15,10,9,9,0,1,1,Hard,10,95,55,Advanced
1726,30,12,18,40.0,60,8,3,1,2,7,9,Easy,2,51,17,Beginner
1727,30,28,2,93.33,24,10,8,10,0,2,0,Hard,13,85,56,Advanced
1728,30,30,0,100.0,16,10,9,11,0,1,0,Hard,8,89,61,Advanced
1729,30,24,6,80.0,38,10,7,7,0,3,3,Medium,9,64,45,Intermediate
1730,30,24,6,80.0,26,10,8,6,0,2,4,Medium,9,65,44,Intermediate
1731,30,10,20,33.33,47,6,6,0,4,4,12,Easy,3,59,18,Beginner
1732,30,28,2,93.33,16,10,9,9,0,1,1,Hard,12,97,55,Advanced
1733,30,21,9,70.0,33,8,9,4,2,1,6,Medium,6,67,38,Intermediate
1734,30,24,6,80.0,33,8,10,6,2,0,4,Medium,8,78,46,Intermediate
1735,30,28,2,93.33,18,10,8,10,0,2,0,Hard,8,100,56,Advanced
1736,30,16,14,53.33,50,10,3,3,0,7,7,Easy,3,49,25,Beginner
1737,30,21,9,70.0,35,10,9,2,0,1,8,Medium,6,65,34,Intermediate
1738,30,27,3,90.0,17,10,9,8,0,1,2,Hard,14,99,52,Advanced
1739,30,19,11,63.33,35,8,7,4,2,3,6,Medium,9,61,34,Intermediate
1740,30,14,16,46.67,47,9,4,1,1,6,9,Easy,2,48,20,Beginner
1741,30,19,11,63.33,27,9,10,0,1,0,10,Medium,5,67,29,Intermediate
1742,30,26,4,86.67,16,10,9,7,0,1,3,Hard,15,92,49,Advanced
1743,30,28,2,93.33,18,10,9,9,0,1,1,Hard,10,96,55,Advanced
1744,30,13,17,43.33,56,6,5,2,4,5,8,Easy,4,55,22,Beginner
1745,30,18,12,60.0,60,9,6,3,1,4,7,Easy,4,57,30,Beginner
1746,30,22,8,73.33,32,9,10,3,1,0,7,Medium,7,61,38,Intermediate
1747,30,17,13,56.67,38,9,5,3,1,5,7,Easy,5,56,28,Beginner
1748,30,19,11,63.33,33,8,9,2,2,1,8,Medium,5,63,32,Intermediate
1749,30,25,5,83.33,15,10,9,6,0,1,4,Hard,9,100,46,Advanced
1750,30,20,10,66.67,27,9,9,2,1,1,8,Medium,6,65,33,Intermediate
1751,30,21,9,70.0,25,9,9,3,1,1,7,Medium,7,69,36,Intermediate
1752,30,28,2,93.33,16,10,8,10,0,2,0,Hard,10,91,56,Advanced
1753,30,23,7,76.67,36,10,8,5,0,2,5,Medium,8,70,41,Intermediate
1754,30,11,19,36.67,58,9,6,0,1,4,14,Easy,3,43,21,Beginner
1755,30,14,16,46.67,58,7,5,2,3,5,8,Easy,2,52,23,Beginner
1756,30,19,11,63.33,30,9,9,1,1,1,9,Medium,8,64,30,Intermediate
1757,30,22,8,73.33,25,9,8,5,1,2,5,Medium,9,79,40,Intermediate
1758,30,14,16,46.67,46,8,5,1,2,5,9,Easy,3,45,21,Beginner
1759,30,21,9,70.0,38,9,10,2,1,0,8,Medium,9,63,35,Intermediate
1760,30,25,5,83.33,20,10,10,5,0,0,5,Hard,10,89,45,Advanced
1761,30,16,14,53.33,46,6,3,7,4,7,3,Easy,2,47,33,Beginner
1762,30,25,5,83.33,16,10,10,5,0,0,5,Hard,8,89,45,Advanced
1763,30,29,1,96.67,19,10,9,10,0,1,0,Hard,10,95,58,Advanced
1764,30,18,12,60.0,41,8,4,6,2,6,4,Easy,3,50,34,Beginner
1765,30,14,16,46.67,52,10,3,1,0,7,9,Easy,5,42,19,Beginner
1766,30,26,4,86.67,20,10,9,7,0,1,3,Hard,11,89,49,Advanced
1767,30,23,7,76.67,27,9,9,5,1,1,5,Medium,5,69,42,Intermediate
1768,30,21,9,70.0,26,10,10,1,0,0,9,Medium,6,72,33,Intermediate
1769,30,10,20,33.33,38,8,6,0,2,4,14,Easy,4,44,20,Beginner
1770,30,22,8,73.33,29,8,10,4,2,0,6,Medium,7,74,40,Intermediate
1771,30,28,2,93.33,17,10,9,9,0,1,1,Hard,13,92,55,Advanced
1772,30,29,1,96.67,24,10,9,10,0,1,0,Hard,12,91,58,Advanced
1773,30,27,3,90.0,21,10,8,9,0,2,1,Hard,13,96,53,Advanced
1774,30,19,11,63.33,27,8,9,2,2,1,8,Medium,9,69,32,Intermediate
1775,30,22,8,73.33,36,10,10,2,0,0,8,Medium,9,69,36,Intermediate
1776,30,16,14,53.33,46,6,3,7,4,7,3,Easy,4,42,33,Beginner
1777,30,20,10,66.67,37,9,10,1,1,0,9,Medium,6,61,32,Intermediate
1778,30,15,15,50.0,47,8,5,2,2,5,8,Easy,5,60,24,Beginner
1779,30,16,14,53.33,49,8,4,4,2,6,6,Easy,5,41,28,Beginner
1780,30,14,16,46.67,59,8,4,2,2,6,8,Easy,4,46,22,Beginner
1781,30,30,0,100.0,25,10,8,12,0,2,0,Hard,14,82,62,Advanced
1782,30,14,16,46.67,55,7,4,3,3,6,7,Easy,3,56,24,Beginner
1783,30,17,13,56.67,44,6,3,8,4,7,2,Easy,5,46,36,Beginner
1784,30,23,7,76.67,37,8,10,5,2,0,5,Medium,7,70,43,Intermediate
1785,30,18,12,60.0,41,10,3,5,0,7,5,Easy,5,52,31,Beginner
1786,30,17,13,56.67,50,8,6,3,2,4,7,Easy,5,48,29,Beginner
1787,30,20,10,66.67,34,8,8,4,2,2,6,Medium,9,74,36,Intermediate
1788,30,17,13,56.67,38,6,6,5,4,4,5,Easy,4,54,33,Beginner
1789,30,24,6,80.0,30,8,8,8,2,2,2,Medium,8,77,48,Intermediate
1790,30,27,3,90.0,21,10,10,7,0,0,3,Hard,10,93,51,Advanced
1791,30,10,20,33.33,55,10,5,0,0,5,15,Easy,5,59,20,Beginner
1792,30,22,8,73.33,25,10,10,2,0,0,8,Medium,5,76,36,Intermediate
1793,30,22,8,73.33,38,10,7,5,0,3,5,Medium,9,72,39,Intermediate
1794,30,17,13,56.67,50,7,5,5,3,5,5,Easy,2,49,32,Beginner
1795,30,22,8,73.33,36,8,7,7,2,3,3,Medium,9,73,43,Intermediate
1796,30,19,11,63.33,38,9,7,3,1,3,7,Medium,8,70,32,Intermediate
1797,30,16,14,53.33,41,7,4,5,3,6,5,Easy,5,44,30,Beginner
1798,30,19,11,63.33,37,9,10,0,1,0,10,Medium,7,76,29,Intermediate
1799,30,29,1,96.67,15,10,10,9,0,0,1,Hard,15,86,57,Advanced
1800,30,18,12,60.0,44,9,5,4,1,5,6,Easy,2,48,31,Beginner
1801,30,24,6,80.0,28,9,7,8,1,3,2,Medium,5,67,47,Intermediate
1802,30,24,6,80.0,36,8,9,7,2,1,3,Medium,5,70,47,Intermediate
1803,30,25,5,83.33,25,10,10,5,0,0,5,Hard,9,89,45,Advanced
1804,30,29,1,96.67,20,10,10,9,0,0,1,Hard,12,83,57,Advanced
1805,30,22,8,73.33,30,9,8,5,1,2,5,Medium,9,67,40,Intermediate
1806,30,27,3,90.0,22,10,10,7,0,0,3,Hard,14,88,51,Advanced
1807,30,23,7,76.67,30,9,7,7,1,3,3,Medium,9,68,44,Intermediate
1808,30,24,6,80.0,37,10,7,7,0,3,3,Medium,6,62,45,Intermediate
1809,30,19,11,63.33,26,10,7,2,0,3,8,Medium,8,65,30,Intermediate
1810,30,29,1,96.67,17,10,9,10,0,1,0,Hard,11,98,58,Advanced
1811,30,28,2,93.33,21,10,10,8,0,0,2,Hard,14,90,54,Advanced
1812,30,24,6,80.0,29,10,7,7,0,3,3,Medium,7,76,45,Intermediate
1813,30,12,18,40.0,42,8,5,0,2,5,11,Easy,5,43,18,Beginner
1814,30,21,9,70.0,30,10,8,3,0,2,7,Medium,8,68,35,Intermediate
1815,30,19,11,63.33,26,8,7,4,2,3,6,Medium,8,70,34,Intermediate
1816,30,22,8,73.33,34,10,8,4,0,2,6,Medium,8,78,38,Intermediate
1817,30,19,11,63.33,31,8,9,2,2,1,8,Medium,7,69,32,Intermediate
1818,30,13,17,43.33,44,7,4,2,3,6,8,Easy,3,49,21,Beginner
1819,30,24,6,80.0,33,8,8,8,2,2,2,Medium,5,77,48,Intermediate
1820,30,29,1,96.67,23,10,10,9,0,0,1,Hard,14,88,57,Advanced
1821,30,25,5,83.33,19,10,8,7,0,2,3,Hard,15,93,47,Advanced
1822,30,20,10,66.67,30,10,7,3,0,3,7,Medium,8,63,33,Intermediate
1823,30,23,7,76.67,28,9,9,5,1,1,5,Medium,7,77,42,Intermediate
1824,30,22,8,73.33,26,9,10,3,1,0,7,Medium,6,65,38,Intermediate
1825,30,19,11,63.33,36,8,10,1,2,0,9,Medium,7,75,31,Intermediate
1826,30,25,5,83.33,24,10,10,5,0,0,5,Hard,15,99,45,Advanced
1827,30,22,8,73.33,37,10,9,3,0,1,7,Medium,6,65,37,Intermediate
1828,30,30,0,100.0,25,10,9,11,0,1,0,Hard,13,96,61,Advanced
1829,30,22,8,73.33,31,10,8,4,0,2,6,Medium,7,75,38,Intermediate
1830,30,18,12,60.0,44,8,6,4,2,4,6,Easy,4,57,32,Beginner
1831,30,25,5,83.33,22,10,9,6,0,1,4,Hard,10,100,46,Advanced
1832,30,29,1,96.67,20,10,10,9,0,0,1,Hard,9,100,57,Advanced
1833,30,30,0,100.0,25,10,10,10,0,0,0,Hard,9,96,60,Advanced
1834,30,19,11,63.33,29,8,10,1,2,0,9,Medium,8,74,31,Intermediate
1835,30,29,1,96.67,25,10,8,11,0,2,0,Hard,10,87,59,Advanced
1836,30,30,0,100.0,24,10,10,10,0,0,0,Hard,11,93,60,Advanced
1837,30,23,7,76.67,35,8,10,5,2,0,5,Medium,7,61,43,Intermediate
1838,30,27,3,90.0,17,10,10,7,0,0,3,Hard,12,88,51,Advanced
1839,30,19,11,63.33,34,10,9,0,0,1,10,Medium,5,78,28,Intermediate
1840,30,23,7,76.67,36,9,9,5,1,1,5,Medium,6,77,42,Intermediate
1841,30,11,19,36.67,43,8,6,0,2,4,13,Easy,2,51,20,Beginner
1842,30,18,12,60.0,42,9,5,4,1,5,6,Easy,5,51,31,Beginner
1843,30,13,17,43.33,40,9,3,1,1,7,9,Easy,4,48,18,Beginner
1844,30,13,17,43.33,39,10,6,0,0,4,13,Easy,2,47,22,Beginner
1845,30,19,11,63.33,25,9,10,0,1,0,10,Medium,9,66,29,Intermediate
1846,30,20,10,66.67,34,8,7,5,2,3,5,Medium,8,63,37,Intermediate
1847,30,30,0,100.0,24,10,10,10,0,0,0,Hard,12,89,60,Advanced
1848,30,18,12,60.0,39,8,4,6,2,6,4,Easy,5,41,34,Beginner
1849,30,28,2,93.33,21,10,8,10,0,2,0,Hard,11,97,56,Advanced
1850,30,11,19,36.67,54,7,4,0,3,6,10,Easy,5,46,15,Beginner
1851,30,25,5,83.33,24,10,9,6,0,1,4,Hard,10,94,46,Advanced
1852,30,15,15,50.0,38,9,4,2,1,6,8,Easy,2,52,23,Beginner
1853,30,21,9,70.0,36,10,9,2,0,1,8,Medium,5,72,34,Intermediate
1854,30,22,8,73.33,25,8,7,7,2,3,3,Medium,9,66,43,Intermediate
1855,30,25,5,83.33,25,10,9,6,0,1,4,Hard,13,95,46,Advanced
1856,30,28,2,93.33,19,10,9,9,0,1,1,Hard,13,92,55,Advanced
1857,30,26,4,86.67,19,10,8,8,0,2,2,Hard,14,86,50,Advanced
1858,30,27,3,90.0,19,10,10,7,0,0,3,Hard,14,90,51,Advanced
1859,30,28,2,93.33,21,10,10,8,0,0,2,Hard,12,97,54,Advanced
1860,30,22,8,73.33,26,10,10,2,0,0,8,Medium,6,79,36,Intermediate
1861,30,24,6,80.0,25,8,10,6,2,0,4,Medium,8,72,46,Intermediate
1862,30,18,12,60.0,57,10,4,4,0,6,6,Easy,3,55,30,Beginner
1863,30,18,12,60.0,48,10,5,3,0,5,7,Easy,3,50,29,Beginner
1864,30,20,10,66.67,32,9,10,1,1,0,9,Medium,9,63,32,Intermediate
1865,30,17,13,56.67,44,7,5,5,3,5,5,Easy,4,55,32,Beginner
1866,30,30,0,100.0,18,10,10,10,0,0,0,Hard,13,99,60,Advanced
1867,30,12,18,40.0,38,7,6,0,3,4,11,Easy,4,40,19,Beginner
1868,30,28,2,93.33,20,10,9,9,0,1,1,Hard,13,83,55,Advanced
1869,30,14,16,46.67,58,6,6,2,4,4,8,Easy,2,60,24,Beginner
1870,30,29,1,96.67,21,10,8,11,0,2,0,Hard,9,83,59,Advanced
1871,30,22,8,73.33,25,9,10,3,1,0,7,Medium,5,75,38,Intermediate
1872,30,12,18,40.0,51,7,4,1,3,6,9,Easy,5,60,18,Beginner
1873,30,23,7,76.67,29,10,8,5,0,2,5,Medium,9,67,41,Intermediate
1874,30,15,15,50.0,50,9,3,3,1,7,7,Easy,2,54,24,Beginner
1875,30,20,10,66.67,25,9,7,4,1,3,6,Medium,5,74,35,Intermediate
1876,30,12,18,40.0,58,9,3,0,1,7,10,Easy,5,42,15,Beginner
1877,30,14,16,46.67,39,9,6,0,1,4,11,Easy,4,43,21,Beginner
1878,30,23,7,76.67,36,8,8,7,2,2,3,Medium,8,75,45,Intermediate
1879,30,20,10,66.67,37,9,10,1,1,0,9,Medium,6,73,32,Intermediate
1880,30,22,8,73.33,28,8,10,4,2,0,6,Medium,9,74,40,Intermediate
1881,30,25,5,83.33,18,10,10,5,0,0,5,Hard,15,95,45,Advanced
1882,30,25,5,83.33,20,10,10,5,0,0,5,Hard,12,81,45,Advanced
1883,30,29,1,96.67,21,10,8,11,0,2,0,Hard,9,85,59,Advanced
1884,30,23,7,76.67,29,10,8,5,0,2,5,Medium,8,78,41,Intermediate
1885,30,14,16,46.67,55,6,3,5,4,7,5,Easy,3,48,27,Beginner
1886,30,10,20,33.33,60,6,3,1,4,7,9,Easy,3,47,15,Beginner
1887,30,28,2,93.33,19,10,8,10,0,2,0,Hard,15,99,56,Advanced
1888,30,12,18,40.0,47,10,4,0,0,6,12,Easy,2,41,18,Beginner
1889,30,11,19,36.67,57,7,4,0,3,6,10,Easy,5,51,15,Beginner
1890,30,26,4,86.67,24,10,9,7,0,1,3,Hard,12,100,49,Advanced
1891,30,26,4,86.67,18,10,8,8,0,2,2,Hard,14,89,50,Advanced
1892,30,29,1,96.67,18,10,10,9,0,0,1,Hard,9,93,57,Advanced
1893,30,23,7,76.67,25,9,10,4,1,0,6,Medium,5,74,41,Intermediate
1894,30,19,11,63.33,35,10,9,0,0,1,10,Medium,6,65,28,Intermediate
1895,30,29,1,96.67,22,10,10,9,0,0,1,Hard,14,99,57,Advanced
1896,30,28,2,93.33,18,10,8,10,0,2,0,Hard,12,87,56,Advanced
1897,30,30,0,100.0,16,10,9,11,0,1,0,Hard,10,95,61,Advanced
1898,30,23,7,76.67,27,10,7,6,0,3,4,Medium,6,70,42,Intermediate
1899,30,19,11,63.33,36,10,8,1,0,2,9,Medium,7,67,29,Intermediate
1900,30,23,7,76.67,35,8,8,7,2,2,3,Medium,6,64,45,Intermediate
1901,30,22,8,73.33,29,10,7,5,0,3,5,Medium,5,63,39,Intermediate
1902,30,11,19,36.67,50,7,4,0,3,6,10,Easy,4,41,15,Beginner
1903,30,25,5,83.33,20,10,9,6,0,1,4,Hard,13,87,46,Advanced
1904,30,17,13,56.67,38,9,6,2,1,4,8,Easy,4,47,27,Beginner
1905,30,30,0,100.0,18,10,10,10,0,0,0,Hard,11,99,60,Advanced
1906,30,24,6,80.0,29,8,10,6,2,0,4,Medium,5,61,46,Intermediate
1907,30,27,3,90.0,25,10,8,9,0,2,1,Hard,14,87,53,Advanced
1908,30,29,1,96.67,16,10,10,9,0,0,1,Hard,15,94,57,Advanced
1909,30,19,11,63.33,25,8,9,2,2,1,8,Medium,5,70,32,Intermediate
1910,30,22,8,73.33,29,9,8,5,1,2,5,Medium,9,63,40,Intermediate
1911,30,30,0,100.0,20,10,9,11,0,1,0,Hard,11,98,61,Advanced
1912,30,11,19,36.67,60,9,5,0,1,5,13,Easy,5,58,19,Beginner
1913,30,21,9,70.0,32,10,9,2,0,1,8,Medium,5,77,34,Intermediate
1914,30,12,18,40.0,53,10,5,0,0,5,13,Easy,4,51,20,Beginner
1915,30,17,13,56.67,41,6,4,7,4,6,3,Easy,3,47,35,Beginner
1916,30,30,0,100.0,22,10,10,10,0,0,0,Hard,14,97,60,Advanced
1917,30,26,4,86.67,17,10,10,6,0,0,4,Hard,13,91,48,Advanced
1918,30,28,2,93.33,24,10,10,8,0,0,2,Hard,15,87,54,Advanced
1919,30,19,11,63.33,32,8,9,2,2,1,8,Medium,7,69,32,Intermediate
1920,30,12,18,40.0,42,10,3,0,0,7,11,Easy,3,44,16,Beginner
1921,30,23,7,76.67,33,8,7,8,2,3,2,Medium,9,76,46,Intermediate
1922,30,22,8,73.33,31,10,7,5,0,3,5,Medium,5,71,39,Intermediate
1923,30,17,13,56.67,42,6,3,8,4,7,2,Easy,2,49,36,Beginner
1924,30,22,8,73.33,28,8,9,5,2,1,5,Medium,6,61,41,Intermediate
1925,30,22,8,73.33,25,8,7,7,2,3,3,Medium,6,77,43,Intermediate
1926,30,26,4,86.67,18,10,8,8,0,2,2,Hard,13,83,50,Advanced
1927,30,16,14,53.33,59,9,6,1,1,4,9,Easy,2,51,24,Beginner
1928,30,11,19,36.67,50,9,3,0,1,7,11,Easy,4,53,15,Beginner
1929,30,10,20,33.33,51,8,6,0,2,4,14,Easy,3,40,20,Beginner
1930,30,17,13,56.67,49,7,5,5,3,5,5,Easy,3,51,32,Beginner
1931,30,26,4,86.67,23,10,8,8,0,2,2,Hard,8,88,50,Advanced
1932,30,28,2,93.33,21,10,8,10,0,2,0,Hard,15,100,56,Advanced
1933,30,14,16,46.67,44,7,3,4,3,7,6,Easy,2,56,25,Beginner
1934,30,18,12,60.0,54,8,3,7,2,7,3,Easy,4,52,35,Beginner
1935,30,22,8,73.33,26,8,7,7,2,3,3,Medium,9,80,43,Intermediate
1936,30,14,16,46.67,44,7,4,3,3,6,7,Easy,2,43,24,Beginner
1937,30,28,2,93.33,16,10,10,8,0,0,2,Hard,11,97,54,Advanced
1938,30,15,15,50.0,50,9,6,0,1,4,10,Easy,3,49,21,Beginner
1939,30,23,7,76.67,32,8,8,7,2,2,3,Medium,8,77,45,Intermediate
1940,30,16,14,53.33,58,9,6,1,1,4,9,Easy,5,59,24,Beginner
1941,30,16,14,53.33,38,9,5,2,1,5,8,Easy,3,42,25,Beginner
1942,30,19,11,63.33,34,9,9,1,1,1,9,Medium,7,63,30,Intermediate
1943,30,21,9,70.0,32,10,7,4,0,3,6,Medium,9,62,36,Intermediate
1944,30,18,12,60.0,52,10,3,5,0,7,5,Easy,3,42,31,Beginner
1945,30,23,7,76.67,29,8,7,8,2,3,2,Medium,5,71,46,Intermediate
1946,30,24,6,80.0,28,10,7,7,0,3,3,Medium,8,77,45,Intermediate
1947,30,29,1,96.67,25,10,8,11,0,2,0,Hard,8,100,59,Advanced
1948,30,21,9,70.0,34,8,10,3,2,0,7,Medium,6,70,37,Intermediate
1949,30,26,4,86.67,20,10,8,8,0,2,2,Hard,9,98,50,Advanced
1950,30,21,9,70.0,34,9,8,4,1,2,6,Medium,6,76,37,Intermediate
1951,30,28,2,93.33,15,10,10,8,0,0,2,Hard,15,88,54,Advanced
1952,30,26,4,86.67,24,10,10,6,0,0,4,Hard,8,86,48,Advanced
1953,30,12,18,40.0,49,6,6,0,4,4,10,Easy,2,48,18,Beginner
1954,30,20,10,66.67,26,8,9,3,2,1,7,Medium,5,72,35,Intermediate
1955,30,20,10,66.67,31,10,8,2,0,2,8,Medium,5,80,32,Intermediate
1956,30,21,9,70.0,28,9,9,3,1,1,7,Medium,8,64,36,Intermediate
1957,30,19,11,63.33,32,10,10,0,0,0,11,Medium,5,61,30,Intermediate
1958,30,11,19,36.67,59,10,6,0,0,4,15,Easy,2,59,22,Beginner
1959,30,29,1,96.67,21,10,8,11,0,2,0,Hard,12,83,59,Advanced
1960,30,14,16,46.67,57,9,3,2,1,7,8,Easy,4,59,21,Beginner
1961,30,15,15,50.0,39,8,4,3,2,6,7,Easy,3,51,25,Beginner
1962,30,19,11,63.33,25,8,8,3,2,2,7,Medium,7,61,33,Intermediate
1963,30,11,19,36.67,49,9,5,0,1,5,13,Easy,4,43,19,Beginner
1964,30,25,5,83.33,15,10,10,5,0,0,5,Hard,13,98,45,Advanced
1965,30,12,18,40.0,40,7,6,0,3,4,11,Easy,3,45,19,Beginner
1966,30,21,9,70.0,34,10,9,2,0,1,8,Medium,9,76,34,Intermediate
1967,30,30,0,100.0,15,10,9,11,0,1,0,Hard,11,96,61,Advanced
1968,30,28,2,93.33,15,10,10,8,0,0,2,Hard,13,90,54,Advanced
1969,30,30,0,100.0,20,10,8,12,0,2,0,Hard,14,86,62,Advanced
1970,30,13,17,43.33,42,8,3,2,2,7,8,Easy,4,44,20,Beginner
1971,30,16,14,53.33,42,9,3,4,1,7,6,Easy,2,54,27,Beginner
1972,30,20,10,66.67,34,8,10,2,2,0,8,Medium,8,68,34,Intermediate
1973,30,13,17,43.33,47,8,3,2,2,7,8,Easy,4,56,20,Beginner
1974,30,30,0,100.0,19,10,8,12,0,2,0,Hard,14,94,62,Advanced
1975,30,29,1,96.67,16,10,10,9,0,0,1,Hard,14,99,57,Advanced
1976,30,20,10,66.67,38,10,9,1,0,1,9,Medium,5,64,31,Intermediate
1977,30,13,17,43.33,49,7,6,0,3,4,10,Easy,2,48,19,Beginner
1978,30,18,12,60.0,47,8,4,6,2,6,4,Easy,5,43,34,Beginner
1979,30,11,19,36.67,45,10,4,0,0,6,13,Easy,2,40,18,Beginner
1980,30,22,8,73.33,31,9,10,3,1,0,7,Medium,7,79,38,Intermediate
1981,30,20,10,66.67,37,8,10,2,2,0,8,Medium,5,71,34,Intermediate
1982,30,22,8,73.33,30,8,8,6,2,2,4,Medium,9,68,42,Intermediate
1983,30,24,6,80.0,27,10,9,5,0,1,5,Medium,7,73,43,Intermediate
1984,30,28,2,93.33,19,10,10,8,0,0,2,Hard,9,90,54,Advanced
1985,30,22,8,73.33,32,8,9,5,2,1,5,Medium,5,69,41,Intermediate
1986,30,22,8,73.33,30,10,10,2,0,0,8,Medium,8,74,36,Intermediate
1987,30,16,14,53.33,54,9,3,4,1,7,6,Easy,2,41,27,Beginner
1988,30,21,9,70.0,36,8,7,6,2,3,4,Medium,9,74,40,Intermediate
1989,30,29,1,96.67,23,10,8,11,0,2,0,Hard,11,97,59,Advanced
1990,30,12,18,40.0,47,7,5,0,3,5,10,Easy,3,54,17,Beginner
1991,30,22,8,73.33,33,10,7,5,0,3,5,Medium,8,74,39,Intermediate
1992,30,22,8,73.33,27,9,9,4,1,1,6,Medium,9,80,39,Intermediate
1993,30,22,8,73.33,26,10,8,4,0,2,6,Medium,5,71,38,Intermediate
1994,30,19,11,63.33,38,10,8,1,0,2,9,Medium,5,80,29,Intermediate
1995,30,19,11,63.33,30,10,8,1,0,2,9,Medium,7,69,29,Intermediate
1996,30,30,0,100.0,17,10,8,12,0,2,0,Hard,12,100,62,Advanced
1997,30,20,10,66.67,29,8,10,2,2,0,8,Medium,7,62,34,Intermediate
1998,30,21,9,70.0,38,8,8,5,2,2,5,Medium,5,73,39,Intermediate
1999,30,17,13,56.67,58,7,3,7,3,7,3,Easy,5,59,34,Beginner
2000,30,29,1,96.67,18,10,9,10,0,1,0,Hard,12,90,58,Advanced
2001,30,15,15,50.0,40,9,6,0,1,4,10,Easy,2,59,21,Beginner
2002,30,16,14,53.33,47,6,6,4,4,4,6,Easy,4,52,30,Beginner
2003,30,28,2,93.33,22,10,8,10,0,2,0,Hard,12,92,56,Advanced
2004,30,21,9,70.0,34,8,9,4,2,1,6,Medium,8,67,38,Intermediate
2005,30,25,5,83.33,25,10,8,7,0,2,3,Hard,14,87,47,Advanced
2006,30,11,19,36.67,40,9,3,0,1,7,11,Easy,5,53,15,Beginner
2007,30,14,16,46.67,45,7,6,1,3,4,9,Easy,2,53,22,Beginner
2008,30,27,3,90.0,20,10,8,9,0,2,1,Hard,15,88,53,Advanced
2009,30,24,6,80.0,29,8,10,6,2,0,4,Medium,8,67,46,Intermediate
2010,30,24,6,80.0,34,9,8,7,1,2,3,Medium,5,73,46,Intermediate
2011,30,23,7,76.67,36,10,10,3,0,0,7,Medium,8,80,39,Intermediate
2012,30,25,5,83.33,20,10,8,7,0,2,3,Hard,11,85,47,Advanced
2013,30,19,11,63.33,26,8,10,1,2,0,9,Medium,7,71,31,Intermediate
2014,30,30,0,100.0,15,10,10,10,0,0,0,Hard,13,83,60,Advanced
2015,30,27,3,90.0,20,10,10,7,0,0,3,Hard,13,90,51,Advanced
2016,30,11,19,36.67,43,9,4,0,1,6,12,Easy,4,53,17,Beginner
2017,30,22,8,73.33,37,8,8,6,2,2,4,Medium,6,67,42,Intermediate
2018,30,25,5,83.33,15,10,8,7,0,2,3,Hard,12,90,47,Advanced
2019,30,20,10,66.67,32,10,10,0,0,0,10,Medium,6,69,30,Intermediate
2020,30,19,11,63.33,28,8,9,2,2,1,8,Medium,9,76,32,Intermediate
2021,30,27,3,90.0,21,10,9,8,0,1,2,Hard,11,86,52,Advanced
2022,30,27,3,90.0,19,10,8,9,0,2,1,Hard,11,95,53,Advanced
2023,30,22,8,73.33,34,10,9,3,0,1,7,Medium,5,64,37,Intermediate
2024,30,30,0,100.0,19,10,10,10,0,0,0,Hard,11,96,60,Advanced
2025,30,26,4,86.67,22,10,10,6,0,0,4,Hard,12,98,48,Advanced
2026,30,27,3,90.0,16,10,8,9,0,2,1,Hard,15,95,53,Advanced
2027,30,10,20,33.33,38,6,6,0,4,4,12,Easy,4,50,18,Beginner
2028,30,21,9,70.0,38,9,10,2,1,0,8,Medium,5,67,35,Intermediate
2029,30,14,16,46.67,50,9,3,2,1,7,8,Easy,5,48,21,Beginner
2030,30,10,20,33.33,46,6,4,0,4,6,10,Easy,5,43,14,Beginner
2031,30,29,1,96.67,19,10,8,11,0,2,0,Hard,15,86,59,Advanced
2032,30,21,9,70.0,32,8,7,6,2,3,4,Medium,8,74,40,Intermediate
2033,30,17,13,56.67,38,7,6,4,3,4,6,Easy,3,40,31,Beginner
2034,30,20,10,66.67,29,8,10,2,2,0,8,Medium,7,70,34,Intermediate
2035,30,27,3,90.0,22,10,9,8,0,1,2,Hard,15,82,52,Advanced
2036,30,23,7,76.67,37,8,10,5,2,0,5,Medium,6,72,43,Intermediate
2037,30,20,10,66.67,34,8,7,5,2,3,5,Medium,6,79,37,Intermediate
2038,30,14,16,46.67,41,6,6,2,4,4,8,Easy,5,57,24,Beginner
2039,30,29,1,96.67,20,10,8,11,0,2,0,Hard,14,94,59,Advanced
2040,30,26,4,86.67,25,10,8,8,0,2,2,Hard,15,96,50,Advanced
2041,30,14,16,46.67,38,9,5,0,1,5,10,Easy,5,53,19,Beginner
2042,30,29,1,96.67,17,10,8,11,0,2,0,Hard,15,88,59,Advanced
2043,30,22,8,73.33,37,10,10,2,0,0,8,Medium,8,65,36,Intermediate
2044,30,26,4,86.67,20,10,8,8,0,2,2,Hard,12,100,50,Advanced
2045,30,28,2,93.33,15,10,8,10,0,2,0,Hard,11,95,56,Advanced
2046,30,11,19,36.67,45,6,5,0,4,5,10,Easy,4,44,16,Beginner
2047,30,23,7,76.67,26,10,10,3,0,0,7,Medium,6,80,39,Intermediate
2048,30,20,10,66.67,33,8,10,2,2,0,8,Medium,7,78,34,Intermediate
2049,30,19,11,63.33,29,10,7,2,0,3,8,Medium,5,61,30,Intermediate
2050,30,24,6,80.0,25,9,7,8,1,3,2,Medium,6,78,47,Intermediate
2051,30,30,0,100.0,17,10,8,12,0,2,0,Hard,11,85,62,Advanced
2052,30,22,8,73.33,28,9,8,5,1,2,5,Medium,8,79,40,Intermediate
2053,30,28,2,93.33,20,10,10,8,0,0,2,Hard,13,93,54,Advanced
2054,30,12,18,40.0,42,9,6,0,1,4,13,Easy,3,60,21,Beginner
2055,30,20,10,66.67,26,10,9,1,0,1,9,Medium,6,68,31,Intermediate
2056,30,20,10,66.67,26,10,9,1,0,1,9,Medium,7,74,31,Intermediate
2057,30,12,18,40.0,43,6,6,0,4,4,10,Easy,4,60,18,Beginner
2058,30,10,20,33.33,60,8,4,0,2,6,12,Easy,4,54,16,Beginner
2059,30,19,11,63.33,28,8,8,3,2,2,7,Medium,6,66,33,Intermediate
2060,30,23,7,76.67,29,8,8,7,2,2,3,Medium,9,74,45,Intermediate
2061,30,16,14,53.33,42,6,6,4,4,4,6,Easy,2,51,30,Beginner
2062,30,12,18,40.0,47,9,4,0,1,6,11,Easy,4,45,17,Beginner
2063,30,21,9,70.0,32,10,8,3,0,2,7,Medium,7,72,35,Intermediate
2064,30,14,16,46.67,44,8,5,1,2,5,9,Easy,4,50,21,Beginner
2065,30,30,0,100.0,19,10,9,11,0,1,0,Hard,12,100,61,Advanced
2066,30,21,9,70.0,36,9,8,4,1,2,6,Medium,5,78,37,Intermediate
2067,30,22,8,73.33,27,9,8,5,1,2,5,Medium,8,64,40,Intermediate
2068,30,10,20,33.33,46,8,4,0,2,6,12,Easy,2,53,16,Beginner
2069,30,23,7,76.67,35,8,10,5,2,0,5,Medium,8,76,43,Intermediate
2070,30,23,7,76.67,30,8,7,8,2,3,2,Medium,9,80,46,Intermediate
2071,30,24,6,80.0,25,10,10,4,0,0,6,Medium,9,71,42,Intermediate
2072,30,19,11,63.33,26,8,8,3,2,2,7,Medium,5,76,33,Intermediate
2073,30,26,4,86.67,20,10,9,7,0,1,3,Hard,8,83,49,Advanced
2074,30,18,12,60.0,41,6,3,9,4,7,1,Easy,2,43,39,Beginner
2075,30,20,10,66.67,35,10,9,1,0,1,9,Medium,6,67,31,Intermediate
2076,30,20,10,66.67,32,8,10,2,2,0,8,Medium,7,74,34,Intermediate
2077,30,23,7,76.67,36,8,8,7,2,2,3,Medium,7,79,45,Intermediate
2078,30,10,20,33.33,57,9,3,0,1,7,12,Easy,3,43,15,Beginner
2079,30,12,18,40.0,45,7,5,0,3,5,10,Easy,2,46,17,Beginner
2080,30,18,12,60.0,49,6,3,9,4,7,1,Easy,4,60,39,Beginner
2081,30,26,4,86.67,16,10,8,8,0,2,2,Hard,14,82,50,Advanced
2082,30,21,9,70.0,37,9,7,5,1,3,5,Medium,6,68,38,Intermediate
2083,30,17,13,56.67,41,10,3,4,0,7,6,Easy,4,44,28,Beginner
2084,30,25,5,83.33,25,10,9,6,0,1,4,Hard,13,94,46,Advanced
2085,30,23,7,76.67,32,9,9,5,1,1,5,Medium,5,69,42,Intermediate
2086,30,23,7,76.67,33,8,8,7,2,2,3,Medium,8,76,45,Intermediate
2087,30,19,11,63.33,28,8,9,2,2,1,8,Medium,6,80,32,Intermediate
2088,30,27,3,90.0,16,10,10,7,0,0,3,Hard,8,98,51,Advanced
2089,30,22,8,73.33,28,10,9,3,0,1,7,Medium,7,77,37,Intermediate
2090,30,25,5,83.33,24,10,10,5,0,0,5,Hard,8,93,45,Advanced
2091,30,21,9,70.0,28,10,10,1,0,0,9,Medium,5,77,33,Intermediate
2092,30,20,10,66.67,36,10,7,3,0,3,7,Medium,7,68,33,Intermediate
2093,30,24,6,80.0,35,10,10,4,0,0,6,Medium,9,75,42,Intermediate
2094,30,27,3,90.0,22,10,8,9,0,2,1,Hard,14,90,53,Advanced
2095,30,20,10,66.67,29,10,9,1,0,1,9,Medium,7,68,31,Intermediate
2096,30,19,11,63.33,38,8,8,3,2,2,7,Medium,5,76,33,Intermediate
2097,30,13,17,43.33,51,6,4,3,4,6,7,Easy,5,48,23,Beginner
2098,30,10,20,33.33,40,9,6,0,1,4,15,Easy,3,40,21,Beginner
2099,30,29,1,96.67,21,10,10,9,0,0,1,Hard,12,89,57,Advanced
2100,30,11,19,36.67,45,6,6,0,4,4,11,Easy,3,45,18,Beginner
2101,30,28,2,93.33,19,10,9,9,0,1,1,Hard,12,93,55,Advanced
2102,30,25,5,83.33,16,10,9,6,0,1,4,Hard,9,99,46,Advanced
2103,30,21,9,70.0,26,10,7,4,0,3,6,Medium,9,66,36,Intermediate
2104,30,22,8,73.33,36,9,9,4,1,1,6,Medium,8,68,39,Intermediate
2105,30,13,17,43.33,51,6,5,2,4,5,8,Easy,2,56,22,Beginner
2106,30,22,8,73.33,29,10,10,2,0,0,8,Medium,7,65,36,Intermediate
2107,30,10,20,33.33,42,10,4,0,0,6,14,Easy,2,52,18,Beginner
2108,30,30,0,100.0,18,10,9,11,0,1,0,Hard,11,90,61,Advanced
2109,30,17,13,56.67,58,7,5,5,3,5,5,Easy,2,52,32,Beginner
2110,30,23,7,76.67,33,8,10,5,2,0,5,Medium,9,74,43,Intermediate
2111,30,14,16,46.67,59,8,5,1,2,5,9,Easy,5,47,21,Beginner
2112,30,29,1,96.67,15,10,10,9,0,0,1,Hard,9,82,57,Advanced
2113,30,16,14,53.33,52,7,4,5,3,6,5,Easy,3,45,30,Beginner
2114,30,21,9,70.0,36,9,10,2,1,0,8,Medium,8,64,35,Intermediate
2115,30,20,10,66.67,31,10,7,3,0,3,7,Medium,8,67,33,Intermediate
2116,30,22,8,73.33,25,8,9,5,2,1,5,Medium,5,63,41,Intermediate
2117,30,29,1,96.67,16,10,9,10,0,1,0,Hard,15,100,58,Advanced
2118,30,14,16,46.67,56,8,5,1,2,5,9,Easy,5,59,21,Beginner
2119,30,23,7,76.67,28,8,9,6,2,1,4,Medium,9,75,44,Intermediate
2120,30,18,12,60.0,49,7,3,8,3,7,2,Easy,5,47,37,Beginner
2121,30,20,10,66.67,26,8,8,4,2,2,6,Medium,8,65,36,Intermediate
2122,30,22,8,73.33,30,9,10,3,1,0,7,Medium,7,67,38,Intermediate
2123,30,20,10,66.67,30,8,8,4,2,2,6,Medium,7,79,36,Intermediate
2124,30,20,10,66.67,31,9,7,4,1,3,6,Medium,5,79,35,Intermediate
2125,30,28,2,93.33,25,10,9,9,0,1,1,Hard,13,99,55,Advanced
2126,30,17,13,56.67,41,8,6,3,2,4,7,Easy,2,44,29,Beginner
2127,30,27,3,90.0,15,10,8,9,0,2,1,Hard,14,91,53,Advanced
2128,30,26,4,86.67,15,10,8,8,0,2,2,Hard,8,91,50,Advanced
2129,30,21,9,70.0,35,8,9,4,2,1,6,Medium,7,78,38,Intermediate
2130,30,28,2,93.33,20,10,8,10,0,2,0,Hard,11,84,56,Advanced
2131,30,21,9,70.0,26,10,8,3,0,2,7,Medium,9,61,35,Intermediate
2132,30,24,6,80.0,36,9,7,8,1,3,2,Medium,9,62,47,Intermediate
2133,30,11,19,36.67,52,6,4,1,4,6,9,Easy,3,55,17,Beginner
2134,30,28,2,93.33,23,10,8,10,0,2,0,Hard,13,87,56,Advanced
2135,30,11,19,36.67,49,7,3,1,3,7,9,Easy,5,51,16,Beginner
2136,30,21,9,70.0,36,10,9,2,0,1,8,Medium,5,61,34,Intermediate
2137,30,20,10,66.67,27,9,10,1,1,0,9,Medium,5,74,32,Intermediate
2138,30,28,2,93.33,20,10,10,8,0,0,2,Hard,12,85,54,Advanced
2139,30,23,7,76.67,35,9,8,6,1,2,4,Medium,5,68,43,Intermediate
2140,30,27,3,90.0,15,10,10,7,0,0,3,Hard,9,82,51,Advanced
2141,30,18,12,60.0,49,10,6,2,0,4,8,Easy,5,58,28,Beginner
2142,30,27,3,90.0,25,10,10,7,0,0,3,Hard,12,81,51,Advanced
2143,30,22,8,73.33,31,9,7,6,1,3,4,Medium,8,76,41,Intermediate
2144,30,11,19,36.67,54,8,6,0,2,4,13,Easy,2,56,20,Beginner
2145,30,30,0,100.0,22,10,10,10,0,0,0,Hard,15,97,60,Advanced
2146,30,18,12,60.0,55,10,4,4,0,6,6,Easy,4,57,30,Beginner
2147,30,10,20,33.33,48,6,3,1,4,7,9,Easy,5,54,15,Beginner
2148,30,12,18,40.0,56,6,3,3,4,7,7,Easy,3,47,21,Beginner
2149,30,12,18,40.0,60,7,5,0,3,5,10,Easy,5,44,17,Beginner
2150,30,26,4,86.67,18,10,9,7,0,1,3,Hard,14,86,49,Advanced
2151,30,22,8,73.33,27,8,8,6,2,2,4,Medium,6,79,42,Intermediate
2152,30,27,3,90.0,18,10,9,8,0,1,2,Hard,8,94,52,Advanced
2153,30,18,12,60.0,43,9,6,3,1,4,7,Easy,3,48,30,Beginner
2154,30,13,17,43.33,50,6,6,1,4,4,9,Easy,2,41,21,Beginner
2155,30,26,4,86.67,18,10,8,8,0,2,2,Hard,15,81,50,Advanced
2156,30,23,7,76.67,34,8,7,8,2,3,2,Medium,7,78,46,Intermediate
2157,30,26,4,86.67,19,10,9,7,0,1,3,Hard,9,86,49,Advanced
2158,30,28,2,93.33,15,10,10,8,0,0,2,Hard,13,81,54,Advanced
2159,30,17,13,56.67,50,10,3,4,0,7,6,Easy,2,53,28,Beginner
2160,30,21,9,70.0,34,8,10,3,2,0,7,Medium,5,78,37,Intermediate
2161,30,29,1,96.67,20,10,9,10,0,1,0,Hard,11,88,58,Advanced
2162,30,16,14,53.33,55,7,3,6,3,7,4,Easy,2,42,31,Beginner
2163,30,20,10,66.67,32,10,8,2,0,2,8,Medium,8,66,32,Intermediate
2164,30,24,6,80.0,25,8,7,9,2,3,1,Medium,7,70,49,Intermediate
2165,30,12,18,40.0,58,9,4,0,1,6,11,Easy,5,55,17,Beginner
2166,30,11,19,36.67,54,7,6,0,3,4,12,Easy,3,51,19,Beginner
2167,30,16,14,53.33,49,7,5,4,3,5,6,Easy,4,46,29,Beginner
2168,30,14,16,46.67,38,10,3,1,0,7,9,Easy,4,50,19,Beginner
2169,30,26,4,86.67,20,10,10,6,0,0,4,Hard,12,89,48,Advanced
2170,30,22,8,73.33,31,8,8,6,2,2,4,Medium,6,61,42,Intermediate
2171,30,23,7,76.67,36,9,7,7,1,3,3,Medium,7,61,44,Intermediate
2172,30,28,2,93.33,24,10,10,8,0,0,2,Hard,15,87,54,Advanced
2173,30,13,17,43.33,40,7,4,2,3,6,8,Easy,4,56,21,Beginner
2174,30,25,5,83.33,18,10,9,6,0,1,4,Hard,10,100,46,Advanced
2175,30,20,10,66.67,26,9,7,4,1,3,6,Medium,7,77,35,Intermediate
2176,30,30,0,100.0,20,10,10,10,0,0,0,Hard,15,82,60,Advanced
2177,30,24,6,80.0,36,8,8,8,2,2,2,Medium,6,70,48,Intermediate
2178,30,21,9,70.0,25,10,7,4,0,3,6,Medium,7,76,36,Intermediate
2179,30,29,1,96.67,22,10,9,10,0,1,0,Hard,15,91,58,Advanced
2180,30,15,15,50.0,56,6,4,5,4,6,5,Easy,4,43,29,Beginner
2181,30,12,18,40.0,56,10,3,0,0,7,11,Easy,2,59,16,Beginner
2182,30,24,6,80.0,32,9,8,7,1,2,3,Medium,6,79,46,Intermediate
2183,30,14,16,46.67,58,6,4,4,4,6,6,Easy,2,43,26,Beginner
2184,30,19,11,63.33,34,9,8,2,1,2,8,Medium,6,70,31,Intermediate
2185,30,29,1,96.67,17,10,8,11,0,2,0,Hard,13,98,59,Advanced
2186,30,19,11,63.33,36,10,9,0,0,1,10,Medium,6,63,28,Intermediate
2187,30,25,5,83.33,19,10,10,5,0,0,5,Hard,10,81,45,Advanced
2188,30,28,2,93.33,25,10,9,9,0,1,1,Hard,15,100,55,Advanced
2189,30,23,7,76.67,38,8,9,6,2,1,4,Medium,9,79,44,Intermediate
2190,30,29,1,96.67,17,10,8,11,0,2,0,Hard,8,87,59,Advanced
2191,30,23,7,76.67,28,10,9,4,0,1,6,Medium,7,62,40,Intermediate
2192,30,18,12,60.0,48,10,5,3,0,5,7,Easy,4,48,29,Beginner
2193,30,11,19,36.67,51,8,3,0,2,7,10,Easy,3,57,14,Beginner
2194,30,27,3,90.0,19,10,9,8,0,1,2,Hard,8,97,52,Advanced
2195,30,19,11,63.33,30,10,9,0,0,1,10,Medium,6,65,28,Intermediate
2196,30,14,16,46.67,53,8,4,2,2,6,8,Easy,2,58,22,Beginner
2197,30,28,2,93.33,15,10,10,8,0,0,2,Hard,11,83,54,Advanced
2198,30,27,3,90.0,16,10,9,8,0,1,2,Hard,11,95,52,Advanced
2199,30,29,1,96.67,15,10,9,10,0,1,0,Hard,9,97,58,Advanced
2200,30,12,18,40.0,38,7,3,2,3,7,8,Easy,2,43,19,Beginner
2201,30,21,9,70.0,32,9,10,2,1,0,8,Medium,5,66,35,Intermediate
2202,30,27,3,90.0,15,10,10,7,0,0,3,Hard,12,93,51,Advanced
2203,30,12,18,40.0,47,8,4,0,2,6,10,Easy,3,50,16,Beginner
2204,30,25,5,83.33,19,10,10,5,0,0,5,Hard,8,98,45,Advanced
2205,30,15,15,50.0,45,7,3,5,3,7,5,Easy,3,50,28,Beginner
2206,30,30,0,100.0,16,10,8,12,0,2,0,Hard,8,87,62,Advanced
2207,30,26,4,86.67,19,10,8,8,0,2,2,Hard,9,98,50,Advanced
2208,30,24,6,80.0,33,10,8,6,0,2,4,Medium,8,67,44,Intermediate
2209,30,26,4,86.67,18,10,10,6,0,0,4,Hard,15,87,48,Advanced
2210,30,20,10,66.67,37,9,8,3,1,2,7,Medium,5,73,34,Intermediate
2211,30,10,20,33.33,44,6,3,1,4,7,9,Easy,2,47,15,Beginner
2212,30,28,2,93.33,21,10,10,8,0,0,2,Hard,14,88,54,Advanced
2213,30,25,5,83.33,25,10,8,7,0,2,3,Hard,9,90,47,Advanced
2214,30,29,1,96.67,22,10,9,10,0,1,0,Hard,8,84,58,Advanced
2215,30,21,9,70.0,29,10,9,2,0,1,8,Medium,6,62,34,Intermediate
2216,30,16,14,53.33,55,9,5,2,1,5,8,Easy,4,45,25,Beginner
2217,30,21,9,70.0,29,9,8,4,1,2,6,Medium,6,72,37,Intermediate
2218,30,14,16,46.67,55,6,3,5,4,7,5,Easy,3,52,27,Beginner
2219,30,26,4,86.67,17,10,10,6,0,0,4,Hard,14,85,48,Advanced
2220,30,18,12,60.0,50,6,5,7,4,5,3,Easy,2,46,37,Beginner
2221,30,15,15,50.0,41,8,6,1,2,4,9,Easy,2,60,23,Beginner
2222,30,22,8,73.33,28,9,8,5,1,2,5,Medium,7,78,40,Intermediate
2223,30,28,2,93.33,20,10,9,9,0,1,1,Hard,12,91,55,Advanced
2224,30,23,7,76.67,32,8,8,7,2,2,3,Medium,5,69,45,Intermediate
2225,30,24,6,80.0,33,8,7,9,2,3,1,Medium,7,71,49,Intermediate
2226,30,16,14,53.33,51,8,6,2,2,4,8,Easy,4,51,26,Beginner
2227,30,21,9,70.0,28,9,10,2,1,0,8,Medium,5,72,35,Intermediate
2228,30,19,11,63.33,32,10,9,0,0,1,10,Medium,8,68,28,Intermediate
2229,30,26,4,86.67,25,10,8,8,0,2,2,Hard,13,90,50,Advanced
2230,30,20,10,66.67,34,8,10,2,2,0,8,Medium,9,62,34,Intermediate
2231,30,26,4,86.67,19,10,10,6,0,0,4,Hard,13,91,48,Advanced
2232,30,19,11,63.33,35,9,9,1,1,1,9,Medium,9,63,30,Intermediate
2233,30,24,6,80.0,32,8,8,8,2,2,2,Medium,5,78,48,Intermediate
2234,30,15,15,50.0,41,8,4,3,2,6,7,Easy,5,42,25,Beginner
2235,30,16,14,53.33,41,9,6,1,1,4,9,Easy,3,57,24,Beginner
2236,30,13,17,43.33,47,8,3,2,2,7,8,Easy,3,48,20,Beginner
2237,30,18,12,60.0,51,10,5,3,0,5,7,Easy,3,51,29,Beginner
2238,30,26,4,86.67,15,10,8,8,0,2,2,Hard,14,85,50,Advanced
2239,30,11,19,36.67,54,10,5,0,0,5,14,Easy,4,57,20,Beginner
2240,30,25,5,83.33,16,10,9,6,0,1,4,Hard,8,82,46,Advanced
2241,30,24,6,80.0,37,9,9,6,1,1,4,Medium,9,80,45,Intermediate
2242,30,26,4,86.67,23,10,9,7,0,1,3,Hard,15,84,49,Advanced
2243,30,27,3,90.0,25,10,8,9,0,2,1,Hard,12,81,53,Advanced
2244,30,22,8,73.33,35,10,7,5,0,3,5,Medium,8,74,39,Intermediate
2245,30,30,0,100.0,15,10,9,11,0,1,0,Hard,15,82,61,Advanced
2246,30,28,2,93.33,24,10,9,9,0,1,1,Hard,8,82,55,Advanced
2247,30,29,1,96.67,25,10,8,11,0,2,0,Hard,8,95,59,Advanced
2248,30,27,3,90.0,21,10,8,9,0,2,1,Hard,12,96,53,Advanced
2249,30,13,17,43.33,58,10,3,0,0,7,10,Easy,3,46,16,Beginner
2250,30,30,0,100.0,15,10,9,11,0,1,0,Hard,15,84,61,Advanced
2251,30,23,7,76.67,30,8,9,6,2,1,4,Medium,5,75,44,Intermediate
2252,30,24,6,80.0,32,8,8,8,2,2,2,Medium,8,67,48,Intermediate
2253,30,20,10,66.67,35,9,10,1,1,0,9,Medium,6,65,32,Intermediate
2254,30,30,0,100.0,17,10,8,12,0,2,0,Hard,15,92,62,Advanced
2255,30,15,15,50.0,59,6,3,6,4,7,4,Easy,3,54,30,Beginner
2256,30,24,6,80.0,30,9,10,5,1,0,5,Medium,5,66,44,Intermediate
2257,30,22,8,73.33,27,10,8,4,0,2,6,Medium,6,70,38,Intermediate
2258,30,24,6,80.0,31,10,8,6,0,2,4,Medium,9,62,44,Intermediate
2259,30,25,5,83.33,22,10,8,7,0,2,3,Hard,12,95,47,Advanced
2260,30,22,8,73.33,34,10,7,5,0,3,5,Medium,6,68,39,Intermediate
2261,30,14,16,46.67,50,10,4,0,0,6,10,Easy,5,48,18,Beginner
2262,30,20,10,66.67,36,8,7,5,2,3,5,Medium,6,73,37,Intermediate
2263,30,25,5,83.33,21,10,8,7,0,2,3,Hard,8,93,47,Advanced
2264,30,11,19,36.67,60,9,3,0,1,7,11,Easy,4,51,15,Beginner
2265,30,16,14,53.33,51,7,5,4,3,5,6,Easy,4,57,29,Beginner
2266,30,14,16,46.67,57,9,6,0,1,4,11,Easy,3,40,21,Beginner
2267,30,21,9,70.0,34,9,10,2,1,0,8,Medium,9,77,35,Intermediate
2268,30,21,9,70.0,30,9,9,3,1,1,7,Medium,8,68,36,Intermediate
2269,30,15,15,50.0,55,8,4,3,2,6,7,Easy,5,43,25,Beginner
2270,30,16,14,53.33,49,6,3,7,4,7,3,Easy,3,46,33,Beginner
2271,30,22,8,73.33,26,9,9,4,1,1,6,Medium,9,63,39,Intermediate
2272,30,30,0,100.0,20,10,10,10,0,0,0,Hard,14,92,60,Advanced
2273,30,22,8,73.33,30,10,8,4,0,2,6,Medium,6,65,38,Intermediate
2274,30,27,3,90.0,18,10,10,7,0,0,3,Hard,8,88,51,Advanced
2275,30,25,5,83.33,24,10,8,7,0,2,3,Hard,11,97,47,Advanced
2276,30,22,8,73.33,27,10,8,4,0,2,6,Medium,6,69,38,Intermediate
2277,30,27,3,90.0,23,10,10,7,0,0,3,Hard,11,92,51,Advanced
2278,30,20,10,66.67,29,8,7,5,2,3,5,Medium,9,61,37,Intermediate
2279,30,22,8,73.33,28,8,9,5,2,1,5,Medium,6,73,41,Intermediate
2280,30,19,11,63.33,37,9,7,3,1,3,7,Medium,7,65,32,Intermediate
2281,30,19,11,63.33,27,8,10,1,2,0,9,Medium,9,73,31,Intermediate
2282,30,29,1,96.67,22,10,9,10,0,1,0,Hard,14,96,58,Advanced
2283,30,14,16,46.67,48,9,4,1,1,6,9,Easy,3,53,20,Beginner
2284,30,22,8,73.33,32,9,8,5,1,2,5,Medium,5,68,40,Intermediate
2285,30,12,18,40.0,56,7,3,2,3,7,8,Easy,4,47,19,Beginner
2286,30,30,0,100.0,22,10,8,12,0,2,0,Hard,11,91,62,Advanced
2287,30,29,1,96.67,16,10,10,9,0,0,1,Hard,15,87,57,Advanced
2288,30,30,0,100.0,16,10,10,10,0,0,0,Hard,10,89,60,Advanced
2289,30,21,9,70.0,26,10,10,1,0,0,9,Medium,9,78,33,Intermediate
2290,30,28,2,93.33,21,10,9,9,0,1,1,Hard,8,88,55,Advanced
2291,30,17,13,56.67,44,9,3,5,1,7,5,Easy,4,48,30,Beginner
2292,30,24,6,80.0,25,10,7,7,0,3,3,Medium,6,69,45,Intermediate
2293,30,19,11,63.33,27,10,9,0,0,1,10,Medium,6,77,28,Intermediate
2294,30,20,10,66.67,25,8,10,2,2,0,8,Medium,9,72,34,Intermediate
2295,30,20,10,66.67,37,9,10,1,1,0,9,Medium,5,78,32,Intermediate
2296,30,11,19,36.67,56,6,4,1,4,6,9,Easy,5,52,17,Beginner
2297,30,22,8,73.33,35,8,8,6,2,2,4,Medium,9,63,42,Intermediate
2298,30,27,3,90.0,21,10,10,7,0,0,3,Hard,8,97,51,Advanced
2299,30,26,4,86.67,18,10,9,7,0,1,3,Hard,11,84,49,Advanced
2300,30,20,10,66.67,27,8,9,3,2,1,7,Medium,9,72,35,Intermediate
2301,30,20,10,66.67,34,9,8,3,1,2,7,Medium,8,75,34,Intermediate
2302,30,25,5,83.33,17,10,8,7,0,2,3,Hard,14,100,47,Advanced
2303,30,30,0,100.0,23,10,10,10,0,0,0,Hard,10,81,60,Advanced
2304,30,17,13,56.67,51,9,3,5,1,7,5,Easy,4,45,30,Beginner
2305,30,22,8,73.33,26,8,9,5,2,1,5,Medium,8,68,41,Intermediate
2306,30,17,13,56.67,44,7,4,6,3,6,4,Easy,3,49,33,Beginner
2307,30,28,2,93.33,25,10,10,8,0,0,2,Hard,12,92,54,Advanced
2308,30,20,10,66.67,27,10,8,2,0,2,8,Medium,7,65,32,Intermediate
2309,30,24,6,80.0,37,10,10,4,0,0,6,Medium,9,73,42,Intermediate
2310,30,14,16,46.67,51,7,4,3,3,6,7,Easy,5,45,24,Beginner
2311,30,25,5,83.33,18,10,9,6,0,1,4,Hard,14,86,46,Advanced
2312,30,30,0,100.0,16,10,10,10,0,0,0,Hard,8,96,60,Advanced
2313,30,10,20,33.33,41,9,4,0,1,6,13,Easy,4,60,17,Beginner
2314,30,13,17,43.33,43,9,4,0,1,6,10,Easy,2,56,17,Beginner
2315,30,15,15,50.0,59,9,5,1,1,5,9,Easy,5,50,22,Beginner
2316,30,12,18,40.0,47,6,3,3,4,7,7,Easy,4,41,21,Beginner
2317,30,15,15,50.0,57,9,5,1,1,5,9,Easy,3,45,22,Beginner
2318,30,12,18,40.0,52,10,5,0,0,5,13,Easy,5,50,20,Beginner
2319,30,11,19,36.67,41,10,4,0,0,6,13,Easy,2,48,18,Beginner
2320,30,24,6,80.0,30,10,10,4,0,0,6,Medium,8,72,42,Intermediate
2321,30,28,2,93.33,20,10,8,10,0,2,0,Hard,10,96,56,Advanced
2322,30,13,17,43.33,51,10,5,0,0,5,12,Easy,2,59,20,Beginner
2323,30,26,4,86.67,20,10,10,6,0,0,4,Hard,8,81,48,Advanced
2324,30,17,13,56.67,50,10,6,1,0,4,9,Easy,5,42,25,Beginner
2325,30,19,11,63.33,26,10,7,2,0,3,8,Medium,8,74,30,Intermediate
2326,30,17,13,56.67,51,6,5,6,4,5,4,Easy,5,44,34,Beginner
2327,30,27,3,90.0,18,10,10,7,0,0,3,Hard,8,98,51,Advanced
2328,30,19,11,63.33,26,9,7,3,1,3,7,Medium,5,76,32,Intermediate
2329,30,22,8,73.33,29,10,8,4,0,2,6,Medium,9,68,38,Intermediate
2330,30,23,7,76.67,25,10,9,4,0,1,6,Medium,6,70,40,Intermediate
2331,30,26,4,86.67,17,10,10,6,0,0,4,Hard,10,96,48,Advanced
2332,30,20,10,66.67,36,10,8,2,0,2,8,Medium,8,79,32,Intermediate
2333,30,17,13,56.67,42,6,6,5,4,4,5,Easy,3,56,33,Beginner
2334,30,13,17,43.33,55,6,5,2,4,5,8,Easy,3,50,22,Beginner
2335,30,30,0,100.0,21,10,9,11,0,1,0,Hard,12,91,61,Advanced
2336,30,30,0,100.0,23,10,9,11,0,1,0,Hard,13,99,61,Advanced
2337,30,21,9,70.0,31,8,9,4,2,1,6,Medium,7,70,38,Intermediate
2338,30,21,9,70.0,27,10,7,4,0,3,6,Medium,7,64,36,Intermediate
2339,30,20,10,66.67,25,10,7,3,0,3,7,Medium,8,62,33,Intermediate
2340,30,15,15,50.0,47,8,3,4,2,7,6,Easy,5,52,26,Beginner
2341,30,15,15,50.0,51,9,5,1,1,5,9,Easy,3,52,22,Beginner
2342,30,23,7,76.67,27,8,9,6,2,1,4,Medium,6,73,44,Intermediate
2343,30,25,5,83.33,19,10,9,6,0,1,4,Hard,13,92,46,Advanced
2344,30,16,14,53.33,50,6,3,7,4,7,3,Easy,2,45,33,Beginner
2345,30,22,8,73.33,28,8,8,6,2,2,4,Medium,8,71,42,Intermediate
2346,30,30,0,100.0,22,10,9,11,0,1,0,Hard,13,87,61,Advanced
2347,30,21,9,70.0,35,9,7,5,1,3,5,Medium,8,66,38,Intermediate
2348,30,16,14,53.33,57,6,5,5,4,5,5,Easy,5,49,31,Beginner
2349,30,12,18,40.0,43,8,4,0,2,6,10,Easy,3,42,16,Beginner
2350,30,22,8,73.33,33,8,7,7,2,3,3,Medium,9,69,43,Intermediate
2351,30,13,17,43.33,47,8,6,0,2,4,11,Easy,4,52,20,Beginner
2352,30,25,5,83.33,18,10,9,6,0,1,4,Hard,9,89,46,Advanced
2353,30,22,8,73.33,37,9,7,6,1,3,4,Medium,5,77,41,Intermediate
2354,30,13,17,43.33,60,7,4,2,3,6,8,Easy,2,53,21,Beginner
2355,30,27,3,90.0,22,10,8,9,0,2,1,Hard,11,98,53,Advanced
2356,30,20,10,66.67,38,10,10,0,0,0,10,Medium,9,69,30,Intermediate
2357,30,28,2,93.33,19,10,9,9,0,1,1,Hard,11,85,55,Advanced
2358,30,30,0,100.0,20,10,10,10,0,0,0,Hard,13,98,60,Advanced
2359,30,21,9,70.0,38,10,9,2,0,1,8,Medium,5,64,34,Intermediate
2360,30,29,1,96.67,25,10,10,9,0,0,1,Hard,10,91,57,Advanced
2361,30,30,0,100.0,20,10,10,10,0,0,0,Hard,14,93,60,Advanced
2362,30,10,20,33.33,40,9,4,0,1,6,13,Easy,3,49,17,Beginner
2363,30,15,15,50.0,46,10,6,0,0,4,11,Easy,4,55,22,Beginner
2364,30,22,8,73.33,35,8,9,5,2,1,5,Medium,9,71,41,Intermediate
2365,30,19,11,63.33,26,9,8,2,1,2,8,Medium,9,73,31,Intermediate
2366,30,21,9,70.0,35,9,9,3,1,1,7,Medium,8,71,36,Intermediate
2367,30,19,11,63.33,33,10,8,1,0,2,9,Medium,9,66,29,Intermediate
2368,30,20,10,66.67,36,10,8,2,0,2,8,Medium,6,78,32,Intermediate
2369,30,11,19,36.67,54,10,5,0,0,5,14,Easy,4,40,20,Beginner
2370,30,16,14,53.33,60,10,4,2,0,6,8,Easy,5,57,24,Beginner
2371,30,10,20,33.33,57,6,5,0,4,5,11,Easy,5,53,16,Beginner
2372,30,14,16,46.67,49,10,6,0,0,4,12,Easy,5,45,22,Beginner
2373,30,23,7,76.67,25,10,9,4,0,1,6,Medium,7,75,40,Intermediate
2374,30,27,3,90.0,16,10,9,8,0,1,2,Hard,12,88,52,Advanced
2375,30,22,8,73.33,28,9,8,5,1,2,5,Medium,6,66,40,Intermediate
2376,30,29,1,96.67,24,10,9,10,0,1,0,Hard,15,97,58,Advanced
2377,30,23,7,76.67,28,10,7,6,0,3,4,Medium,9,68,42,Intermediate
2378,30,22,8,73.33,27,10,8,4,0,2,6,Medium,7,70,38,Intermediate
2379,30,19,11,63.33,35,9,10,0,1,0,10,Medium,9,66,29,Intermediate
2380,30,29,1,96.67,21,10,10,9,0,0,1,Hard,8,98,57,Advanced
2381,30,18,12,60.0,50,8,4,6,2,6,4,Easy,3,45,34,Beginner
2382,30,18,12,60.0,49,7,5,6,3,5,4,Easy,5,49,35,Beginner
2383,30,27,3,90.0,19,10,9,8,0,1,2,Hard,14,87,52,Advanced
2384,30,21,9,70.0,38,9,10,2,1,0,8,Medium,7,71,35,Intermediate
2385,30,19,11,63.33,34,10,8,1,0,2,9,Medium,8,62,29,Intermediate
2386,30,12,18,40.0,55,10,4,0,0,6,12,Easy,2,40,18,Beginner
2387,30,24,6,80.0,27,8,10,6,2,0,4,Medium,5,61,46,Intermediate
2388,30,24,6,80.0,25,9,9,6,1,1,4,Medium,5,77,45,Intermediate
2389,30,25,5,83.33,18,10,10,5,0,0,5,Hard,9,82,45,Advanced
2390,30,26,4,86.67,22,10,9,7,0,1,3,Hard,15,95,49,Advanced
2391,30,24,6,80.0,36,9,9,6,1,1,4,Medium,5,74,45,Intermediate
2392,30,10,20,33.33,59,7,4,0,3,6,11,Easy,3,44,15,Beginner
2393,30,13,17,43.33,46,9,5,0,1,5,11,Easy,2,59,19,Beginner
2394,30,11,19,36.67,53,6,3,2,4,7,8,Easy,2,55,18,Beginner
2395,30,19,11,63.33,35,10,9,0,0,1,10,Medium,8,63,28,Intermediate
2396,30,14,16,46.67,46,6,4,4,4,6,6,Easy,2,47,26,Beginner
2397,30,20,10,66.67,25,9,8,3,1,2,7,Medium,5,72,34,Intermediate
2398,30,10,20,33.33,47,10,5,0,0,5,15,Easy,3,58,20,Beginner
2399,30,19,11,63.33,37,8,8,3,2,2,7,Medium,8,80,33,Intermediate
2400,30,30,0,100.0,23,10,8,12,0,2,0,Hard,13,94,62,Advanced
2401,30,30,0,100.0,20,10,9,11,0,1,0,Hard,9,84,61,Advanced
2402,30,24,6,80.0,34,8,10,6,2,0,4,Medium,5,70,46,Intermediate
2403,30,29,1,96.67,15,10,10,9,0,0,1,Hard,11,100,57,Advanced
2404,30,19,11,63.33,27,10,10,0,0,0,11,Medium,9,66,30,Intermediate
2405,30,21,9,70.0,37,10,7,4,0,3,6,Medium,7,69,36,Intermediate
2406,30,30,0,100.0,25,10,8,12,0,2,0,Hard,11,88,62,Advanced
2407,30,21,9,70.0,28,10,7,4,0,3,6,Medium,9,64,36,Intermediate
2408,30,26,4,86.67,18,10,10,6,0,0,4,Hard,13,82,48,Advanced
2409,30,12,18,40.0,39,7,6,0,3,4,11,Easy,2,44,19,Beginner
2410,30,14,16,46.67,56,9,3,2,1,7,8,Easy,4,54,21,Beginner
2411,30,23,7,76.67,29,8,10,5,2,0,5,Medium,9,80,43,Intermediate
2412,30,28,2,93.33,20,10,9,9,0,1,1,Hard,13,99,55,Advanced
2413,30,21,9,70.0,28,8,9,4,2,1,6,Medium,8,71,38,Intermediate
2414,30,23,7,76.67,28,10,8,5,0,2,5,Medium,8,62,41,Intermediate
2415,30,20,10,66.67,35,10,8,2,0,2,8,Medium,5,79,32,Intermediate
2416,30,19,11,63.33,38,10,10,0,0,0,11,Medium,8,69,30,Intermediate
2417,30,28,2,93.33,17,10,10,8,0,0,2,Hard,13,98,54,Advanced
2418,30,15,15,50.0,48,7,3,5,3,7,5,Easy,5,40,28,Beginner
2419,30,11,19,36.67,40,9,4,0,1,6,12,Easy,5,51,17,Beginner
2420,30,25,5,83.33,25,10,8,7,0,2,3,Hard,13,86,47,Advanced
2421,30,24,6,80.0,27,9,9,6,1,1,4,Medium,6,73,45,Intermediate
2422,30,28,2,93.33,17,10,8,10,0,2,0,Hard,14,97,56,Advanced
2423,30,22,8,73.33,32,9,7,6,1,3,4,Medium,6,76,41,Intermediate
2424,30,20,10,66.67,25,8,10,2,2,0,8,Medium,9,65,34,Intermediate
2425,30,14,16,46.67,41,6,3,5,4,7,5,Easy,5,51,27,Beginner
2426,30,24,6,80.0,31,10,8,6,0,2,4,Medium,8,72,44,Intermediate
2427,30,19,11,63.33,36,8,7,4,2,3,6,Medium,8,68,34,Intermediate
2428,30,29,1,96.67,16,10,10,9,0,0,1,Hard,12,83,57,Advanced
2429,30,18,12,60.0,47,8,4,6,2,6,4,Easy,4,52,34,Beginner
2430,30,24,6,80.0,34,8,10,6,2,0,4,Medium,8,62,46,Intermediate
2431,30,30,0,100.0,22,10,8,12,0,2,0,Hard,15,81,62,Advanced
2432,30,26,4,86.67,24,10,9,7,0,1,3,Hard,8,82,49,Advanced
2433,30,10,20,33.33,56,8,5,0,2,5,13,Easy,4,52,18,Beginner
2434,30,10,20,33.33,54,6,5,0,4,5,11,Easy,2,49,16,Beginner
2435,30,23,7,76.67,38,10,9,4,0,1,6,Medium,8,63,40,Intermediate
2436,30,24,6,80.0,25,10,8,6,0,2,4,Medium,8,75,44,Intermediate
2437,30,22,8,73.33,32,10,7,5,0,3,5,Medium,7,63,39,Intermediate
2438,30,13,17,43.33,41,8,3,2,2,7,8,Easy,2,42,20,Beginner
2439,30,12,18,40.0,43,9,3,0,1,7,10,Easy,3,44,15,Beginner
2440,30,19,11,63.33,38,9,10,0,1,0,10,Medium,7,73,29,Intermediate
2441,30,17,13,56.67,55,9,6,2,1,4,8,Easy,4,51,27,Beginner
2442,30,28,2,93.33,24,10,8,10,0,2,0,Hard,9,85,56,Advanced
2443,30,13,17,43.33,47,6,3,4,4,7,6,Easy,3,47,24,Beginner
2444,30,16,14,53.33,58,6,5,5,4,5,5,Easy,5,46,31,Beginner
2445,30,17,13,56.67,54,6,6,5,4,4,5,Easy,5,57,33,Beginner
2446,30,13,17,43.33,48,10,3,0,0,7,10,Easy,2,49,16,Beginner
2447,30,24,6,80.0,30,9,8,7,1,2,3,Medium,9,80,46,Intermediate
2448,30,26,4,86.67,23,10,9,7,0,1,3,Hard,15,91,49,Advanced
2449,30,21,9,70.0,34,10,10,1,0,0,9,Medium,5,79,33,Intermediate
2450,30,11,19,36.67,60,6,3,2,4,7,8,Easy,4,48,18,Beginner
2451,30,20,10,66.67,25,8,9,3,2,1,7,Medium,6,63,35,Intermediate
2452,30,23,7,76.67,30,9,10,4,1,0,6,Medium,7,72,41,Intermediate
2453,30,22,8,73.33,34,9,8,5,1,2,5,Medium,9,74,40,Intermediate
2454,30,29,1,96.67,15,10,8,11,0,2,0,Hard,8,81,59,Advanced
2455,30,23,7,76.67,27,10,10,3,0,0,7,Medium,8,70,39,Intermediate
2456,30,15,15,50.0,46,9,3,3,1,7,7,Easy,3,48,24,Beginner
2457,30,13,17,43.33,39,9,4,0,1,6,10,Easy,5,47,17,Beginner
2458,30,19,11,63.33,35,8,7,4,2,3,6,Medium,7,63,34,Intermediate
2459,30,13,17,43.33,47,6,5,2,4,5,8,Easy,3,53,22,Beginner
2460,30,19,11,63.33,25,10,7,2,0,3,8,Medium,7,80,30,Intermediate
2461,30,23,7,76.67,28,9,9,5,1,1,5,Medium,7,72,42,Intermediate
2462,30,20,10,66.67,28,10,8,2,0,2,8,Medium,5,64,32,Intermediate
2463,30,21,9,70.0,25,9,8,4,1,2,6,Medium,7,63,37,Intermediate
2464,30,10,20,33.33,60,9,3,0,1,7,12,Easy,4,47,15,Beginner
2465,30,17,13,56.67,42,10,3,4,0,7,6,Easy,5,60,28,Beginner
2466,30,12,18,40.0,48,9,6,0,1,4,13,Easy,2,42,21,Beginner
2467,30,20,10,66.67,30,9,9,2,1,1,8,Medium,8,78,33,Intermediate
2468,30,12,18,40.0,43,9,5,0,1,5,12,Easy,4,43,19,Beginner
2469,30,10,20,33.33,46,10,4,0,0,6,14,Easy,4,59,18,Beginner
2470,30,18,12,60.0,60,10,3,5,0,7,5,Easy,2,59,31,Beginner
2471,30,17,13,56.67,56,10,6,1,0,4,9,Easy,4,43,25,Beginner
2472,30,30,0,100.0,15,10,8,12,0,2,0,Hard,13,83,62,Advanced
2473,30,11,19,36.67,56,6,6,0,4,4,11,Easy,4,57,18,Beginner
2474,30,20,10,66.67,35,8,7,5,2,3,5,Medium,7,74,37,Intermediate
2475,30,24,6,80.0,26,8,8,8,2,2,2,Medium,7,67,48,Intermediate
2476,30,29,1,96.67,22,10,8,11,0,2,0,Hard,15,81,59,Advanced
2477,30,29,1,96.67,22,10,9,10,0,1,0,Hard,10,92,58,Advanced
2478,30,29,1,96.67,23,10,8,11,0,2,0,Hard,11,93,59,Advanced
2479,30,26,4,86.67,15,10,9,7,0,1,3,Hard,14,84,49,Advanced
2480,30,19,11,63.33,33,8,8,3,2,2,7,Medium,7,62,33,Intermediate
2481,30,25,5,83.33,21,10,10,5,0,0,5,Hard,8,94,45,Advanced
2482,30,18,12,60.0,53,8,5,5,2,5,5,Easy,3,49,33,Beginner
2483,30,25,5,83.33,23,10,8,7,0,2,3,Hard,8,90,47,Advanced
2484,30,15,15,50.0,40,8,5,2,2,5,8,Easy,3,58,24,Beginner
2485,30,19,11,63.33,26,9,8,2,1,2,8,Medium,9,70,31,Intermediate
2486,30,22,8,73.33,30,9,10,3,1,0,7,Medium,5,62,38,Intermediate
2487,30,23,7,76.67,33,10,7,6,0,3,4,Medium,8,65,42,Intermediate
2488,30,29,1,96.67,20,10,9,10,0,1,0,Hard,9,88,58,Advanced
2489,30,18,12,60.0,46,8,3,7,2,7,3,Easy,5,59,35,Beginner
2490,30,18,12,60.0,45,9,5,4,1,5,6,Easy,5,48,31,Beginner
2491,30,21,9,70.0,35,10,10,1,0,0,9,Medium,6,69,33,Intermediate
2492,30,20,10,66.67,36,9,8,3,1,2,7,Medium,5,63,34,Intermediate
2493,30,21,9,70.0,26,8,10,3,2,0,7,Medium,7,80,37,Intermediate
2494,30,29,1,96.67,23,10,8,11,0,2,0,Hard,13,81,59,Advanced
2495,30,19,11,63.33,36,10,7,2,0,3,8,Medium,8,80,30,Intermediate
2496,30,22,8,73.33,29,9,7,6,1,3,4,Medium,8,65,41,Intermediate
2497,30,20,10,66.67,36,10,10,0,0,0,10,Medium,5,61,30,Intermediate
2498,30,19,11,63.33,34,9,8,2,1,2,8,Medium,8,71,31,Intermediate
2499,30,19,11,63.33,26,10,9,0,0,1,10,Medium,8,64,28,Intermediate
2500,30,20,10,66.67,28,8,8,4,2,2,6,Medium,6,69,36,Intermediate
2501,30,21,9,70.0,35,9,10,2,1,0,8,Medium,7,76,35,Intermediate
2502,30,18,12,60.0,54,8,3,7,2,7,3,Easy,2,41,35,Beginner
2503,30,18,12,60.0,46,7,6,5,3,4,5,Easy,2,51,34,Beginner
2504,30,28,2,93.33,24,10,8,10,0,2,0,Hard,15,91,56,Advanced
2505,30,23,7,76.67,29,8,9,6,2,1,4,Medium,8,75,44,Intermediate
2506,30,20,10,66.67,37,9,7,4,1,3,6,Medium,6,75,35,Intermediate
2507,30,15,15,50.0,42,10,6,0,0,4,11,Easy,2,47,22,Beginner
2508,30,21,9,70.0,33,10,10,1,0,0,9,Medium,8,64,33,Intermediate
2509,30,11,19,36.67,38,8,3,0,2,7,10,Easy,5,51,14,Beginner
2510,30,30,0,100.0,18,10,10,10,0,0,0,Hard,8,89,60,Advanced
2511,30,30,0,100.0,18,10,9,11,0,1,0,Hard,15,88,61,Advanced
2512,30,20,10,66.67,37,8,10,2,2,0,8,Medium,5,64,34,Intermediate
2513,30,23,7,76.67,34,9,9,5,1,1,5,Medium,9,69,42,Intermediate
2514,30,29,1,96.67,21,10,10,9,0,0,1,Hard,11,86,57,Advanced
2515,30,30,0,100.0,15,10,9,11,0,1,0,Hard,14,91,61,Advanced
2516,30,23,7,76.67,34,9,9,5,1,1,5,Medium,6,69,42,Intermediate
2517,30,26,4,86.67,21,10,9,7,0,1,3,Hard,12,83,49,Advanced
2518,30,24,6,80.0,37,8,8,8,2,2,2,Medium,9,68,48,Intermediate
2519,30,18,12,60.0,49,6,6,6,4,4,4,Easy,5,40,36,Beginner
2520,30,20,10,66.67,38,9,9,2,1,1,8,Medium,8,70,33,Intermediate
2521,30,24,6,80.0,33,8,8,8,2,2,2,Medium,8,77,48,Intermediate
2522,30,21,9,70.0,29,8,8,5,2,2,5,Medium,8,76,39,Intermediate
2523,30,22,8,73.33,31,8,8,6,2,2,4,Medium,6,63,42,Intermediate
2524,30,15,15,50.0,38,6,6,3,4,4,7,Easy,3,57,27,Beginner
2525,30,20,10,66.67,37,10,10,0,0,0,10,Medium,6,64,30,Intermediate
2526,30,26,4,86.67,19,10,8,8,0,2,2,Hard,9,87,50,Advanced
2527,30,16,14,53.33,56,7,5,4,3,5,6,Easy,2,49,29,Beginner
2528,30,21,9,70.0,31,9,8,4,1,2,6,Medium,6,74,37,Intermediate
2529,30,19,11,63.33,30,8,8,3,2,2,7,Medium,8,74,33,Intermediate
2530,30,11,19,36.67,52,9,4,0,1,6,12,Easy,2,60,17,Beginner
2531,30,24,6,80.0,27,8,10,6,2,0,4,Medium,6,80,46,Intermediate
2532,30,27,3,90.0,23,10,8,9,0,2,1,Hard,12,89,53,Advanced
2533,30,30,0,100.0,25,10,8,12,0,2,0,Hard,10,94,62,Advanced
2534,30,11,19,36.67,56,8,4,0,2,6,11,Easy,5,54,16,Beginner
2535,30,19,11,63.33,26,9,9,1,1,1,9,Medium,9,70,30,Intermediate
2536,30,23,7,76.67,35,8,9,6,2,1,4,Medium,8,73,44,Intermediate
2537,30,22,8,73.33,38,9,8,5,1,2,5,Medium,7,80,40,Intermediate
2538,30,11,19,36.67,55,8,5,0,2,5,12,Easy,2,43,18,Beginner
2539,30,19,11,63.33,28,10,8,1,0,2,9,Medium,6,74,29,Intermediate
2540,30,14,16,46.67,40,8,4,2,2,6,8,Easy,2,40,22,Beginner
2541,30,30,0,100.0,24,10,8,12,0,2,0,Hard,8,86,62,Advanced
2542,30,27,3,90.0,17,10,9,8,0,1,2,Hard,9,82,52,Advanced
2543,30,28,2,93.33,25,10,9,9,0,1,1,Hard,14,90,55,Advanced
2544,30,19,11,63.33,36,8,8,3,2,2,7,Medium,6,63,33,Intermediate
2545,30,27,3,90.0,25,10,10,7,0,0,3,Hard,9,92,51,Advanced
2546,30,29,1,96.67,20,10,10,9,0,0,1,Hard,13,91,57,Advanced
2547,30,13,17,43.33,52,9,4,0,1,6,10,Easy,3,53,17,Beginner
2548,30,17,13,56.67,53,6,5,6,4,5,4,Easy,5,59,34,Beginner
2549,30,17,13,56.67,42,10,6,1,0,4,9,Easy,4,51,25,Beginner
2550,30,14,16,46.67,59,7,3,4,3,7,6,Easy,5,50,25,Beginner
2551,30,15,15,50.0,51,9,4,2,1,6,8,Easy,3,40,23,Beginner
2552,30,12,18,40.0,38,7,5,0,3,5,10,Easy,2,41,17,Beginner
2553,30,19,11,63.33,26,9,10,0,1,0,10,Medium,5,62,29,Intermediate
2554,30,24,6,80.0,32,10,9,5,0,1,5,Medium,7,80,43,Intermediate
2555,30,22,8,73.33,36,8,8,6,2,2,4,Medium,6,77,42,Intermediate
2556,30,22,8,73.33,34,10,8,4,0,2,6,Medium,9,64,38,Intermediate
2557,30,10,20,33.33,48,6,4,0,4,6,10,Easy,4,47,14,Beginner
2558,30,25,5,83.33,17,10,9,6,0,1,4,Hard,11,90,46,Advanced
2559,30,14,16,46.67,49,9,6,0,1,4,11,Easy,2,56,21,Beginner
2560,30,20,10,66.67,29,8,10,2,2,0,8,Medium,9,72,34,Intermediate
2561,30,13,17,43.33,41,9,5,0,1,5,11,Easy,2,49,19,Beginner
2562,30,17,13,56.67,46,8,3,6,2,7,4,Easy,4,48,32,Beginner
2563,30,19,11,63.33,29,9,9,1,1,1,9,Medium,7,73,30,Intermediate
2564,30,30,0,100.0,19,10,10,10,0,0,0,Hard,12,99,60,Advanced
2565,30,29,1,96.67,22,10,8,11,0,2,0,Hard,13,87,59,Advanced
2566,30,25,5,83.33,20,10,9,6,0,1,4,Hard,10,84,46,Advanced
2567,30,23,7,76.67,26,9,10,4,1,0,6,Medium,7,78,41,Intermediate
2568,30,13,17,43.33,58,6,3,4,4,7,6,Easy,2,42,24,Beginner
2569,30,21,9,70.0,34,10,10,1,0,0,9,Medium,8,67,33,Intermediate
2570,30,16,14,53.33,52,9,4,3,1,6,7,Easy,4,54,26,Beginner
2571,30,28,2,93.33,20,10,9,9,0,1,1,Hard,12,91,55,Advanced
2572,30,28,2,93.33,19,10,8,10,0,2,0,Hard,10,100,56,Advanced
2573,30,12,18,40.0,44,6,4,2,4,6,8,Easy,4,60,20,Beginner
2574,30,16,14,53.33,60,7,3,6,3,7,4,Easy,2,46,31,Beginner
2575,30,21,9,70.0,26,9,7,5,1,3,5,Medium,7,70,38,Intermediate
2576,30,20,10,66.67,29,10,9,1,0,1,9,Medium,5,65,31,Intermediate
2577,30,11,19,36.67,54,10,3,0,0,7,12,Easy,4,44,16,Beginner
2578,30,11,19,36.67,38,7,5,0,3,5,11,Easy,4,58,17,Beginner
2579,30,23,7,76.67,38,9,10,4,1,0,6,Medium,8,64,41,Intermediate
2580,30,22,8,73.33,33,9,9,4,1,1,6,Medium,6,74,39,Intermediate
2581,30,22,8,73.33,30,9,9,4,1,1,6,Medium,6,80,39,Intermediate
2582,30,23,7,76.67,26,10,9,4,0,1,6,Medium,8,63,40,Intermediate
2583,30,26,4,86.67,24,10,10,6,0,0,4,Hard,10,83,48,Advanced
2584,30,26,4,86.67,25,10,8,8,0,2,2,Hard,12,95,50,Advanced
2585,30,25,5,83.33,15,10,9,6,0,1,4,Hard,10,88,46,Advanced
2586,30,16,14,53.33,49,8,3,5,2,7,5,Easy,2,42,29,Beginner
2587,30,27,3,90.0,22,10,8,9,0,2,1,Hard,11,81,53,Advanced
2588,30,19,11,63.33,25,8,8,3,2,2,7,Medium,8,76,33,Intermediate
2589,30,23,7,76.67,30,10,9,4,0,1,6,Medium,6,71,40,Intermediate
2590,30,20,10,66.67,33,8,9,3,2,1,7,Medium,5,69,35,Intermediate
2591,30,25,5,83.33,18,10,9,6,0,1,4,Hard,14,99,46,Advanced
2592,30,22,8,73.33,34,10,9,3,0,1,7,Medium,7,69,37,Intermediate
2593,30,19,11,63.33,26,8,9,2,2,1,8,Medium,9,80,32,Intermediate
2594,30,23,7,76.67,32,9,10,4,1,0,6,Medium,6,65,41,Intermediate
2595,30,22,8,73.33,30,9,7,6,1,3,4,Medium,7,65,41,Intermediate
2596,30,23,7,76.67,25,8,10,5,2,0,5,Medium,9,74,43,Intermediate
2597,30,20,10,66.67,32,9,7,4,1,3,6,Medium,8,66,35,Intermediate
2598,30,19,11,63.33,26,10,8,1,0,2,9,Medium,6,63,29,Intermediate
2599,30,13,17,43.33,41,10,5,0,0,5,12,Easy,4,59,20,Beginner
2600,30,19,11,63.33,26,10,8,1,0,2,9,Medium,6,68,29,Intermediate
2601,30,29,1,96.67,19,10,10,9,0,0,1,Hard,10,91,57,Advanced
2602,30,22,8,73.33,38,8,10,4,2,0,6,Medium,6,68,40,Intermediate
2603,30,24,6,80.0,25,8,8,8,2,2,2,Medium,5,78,48,Intermediate
2604,30,13,17,43.33,38,7,3,3,3,7,7,Easy,2,58,22,Beginner
2605,30,22,8,73.33,38,10,7,5,0,3,5,Medium,6,78,39,Intermediate
2606,30,10,20,33.33,40,9,6,0,1,4,15,Easy,3,49,21,Beginner
2607,30,29,1,96.67,25,10,10,9,0,0,1,Hard,10,84,57,Advanced
2608,30,27,3,90.0,19,10,9,8,0,1,2,Hard,9,90,52,Advanced
2609,30,23,7,76.67,28,9,8,6,1,2,4,Medium,7,78,43,Intermediate
2610,30,11,19,36.67,39,9,3,0,1,7,11,Easy,5,55,15,Beginner
2611,30,30,0,100.0,20,10,10,10,0,0,0,Hard,15,100,60,Advanced
2612,30,11,19,36.67,53,7,3,1,3,7,9,Easy,4,46,16,Beginner
2613,30,24,6,80.0,36,8,7,9,2,3,1,Medium,8,65,49,Intermediate
2614,30,24,6,80.0,37,9,7,8,1,3,2,Medium,5,75,47,Intermediate
2615,30,13,17,43.33,48,9,4,0,1,6,10,Easy,2,49,17,Beginner
2616,30,21,9,70.0,36,9,9,3,1,1,7,Medium,6,73,36,Intermediate
2617,30,28,2,93.33,24,10,8,10,0,2,0,Hard,10,100,56,Advanced
2618,30,22,8,73.33,27,8,7,7,2,3,3,Medium,7,76,43,Intermediate
2619,30,22,8,73.33,32,8,10,4,2,0,6,Medium,5,72,40,Intermediate
2620,30,27,3,90.0,17,10,10,7,0,0,3,Hard,8,91,51,Advanced
2621,30,19,11,63.33,37,9,8,2,1,2,8,Medium,7,73,31,Intermediate
2622,30,23,7,76.67,27,9,8,6,1,2,4,Medium,9,70,43,Intermediate
2623,30,12,18,40.0,50,10,4,0,0,6,12,Easy,3,46,18,Beginner
2624,30,30,0,100.0,22,10,10,10,0,0,0,Hard,11,98,60,Advanced
2625,30,12,18,40.0,40,8,3,1,2,7,9,Easy,5,43,17,Beginner
2626,30,20,10,66.67,27,9,9,2,1,1,8,Medium,8,71,33,Intermediate
2627,30,23,7,76.67,25,9,9,5,1,1,5,Medium,9,65,42,Intermediate
2628,30,11,19,36.67,42,9,4,0,1,6,12,Easy,3,57,17,Beginner
2629,30,26,4,86.67,23,10,10,6,0,0,4,Hard,14,98,48,Advanced
2630,30,23,7,76.67,31,10,8,5,0,2,5,Medium,7,71,41,Intermediate
2631,30,23,7,76.67,38,8,7,8,2,3,2,Medium,5,62,46,Intermediate
2632,30,23,7,76.67,26,8,7,8,2,3,2,Medium,8,64,46,Intermediate
2633,30,26,4,86.67,17,10,8,8,0,2,2,Hard,10,83,50,Advanced
2634,30,30,0,100.0,25,10,8,12,0,2,0,Hard,14,98,62,Advanced
2635,30,19,11,63.33,34,10,7,2,0,3,8,Medium,5,79,30,Intermediate
2636,30,23,7,76.67,29,9,10,4,1,0,6,Medium,5,69,41,Intermediate
2637,30,24,6,80.0,33,9,10,5,1,0,5,Medium,7,71,44,Intermediate
2638,30,21,9,70.0,37,8,8,5,2,2,5,Medium,5,77,39,Intermediate
2639,30,22,8,73.33,29,10,10,2,0,0,8,Medium,7,68,36,Intermediate
2640,30,26,4,86.67,19,10,9,7,0,1,3,Hard,11,91,49,Advanced
2641,30,21,9,70.0,29,9,8,4,1,2,6,Medium,8,69,37,Intermediate
2642,30,27,3,90.0,23,10,8,9,0,2,1,Hard,8,85,53,Advanced
2643,30,11,19,36.67,47,7,5,0,3,5,11,Easy,2,57,17,Beginner
2644,30,16,14,53.33,60,6,5,5,4,5,5,Easy,5,49,31,Beginner
2645,30,29,1,96.67,23,10,10,9,0,0,1,Hard,10,91,57,Advanced
2646,30,13,17,43.33,42,9,5,0,1,5,11,Easy,5,44,19,Beginner
2647,30,14,16,46.67,46,10,4,0,0,6,10,Easy,4,60,18,Beginner
2648,30,30,0,100.0,23,10,10,10,0,0,0,Hard,15,89,60,Advanced
2649,30,22,8,73.33,25,10,9,3,0,1,7,Medium,9,65,37,Intermediate
2650,30,26,4,86.67,24,10,8,8,0,2,2,Hard,11,92,50,Advanced
2651,30,23,7,76.67,32,8,10,5,2,0,5,Medium,8,63,43,Intermediate
2652,30,19,11,63.33,36,9,10,0,1,0,10,Medium,5,63,29,Intermediate
2653,30,23,7,76.67,25,9,9,5,1,1,5,Medium,6,64,42,Intermediate
2654,30,23,7,76.67,34,8,10,5,2,0,5,Medium,5,70,43,Intermediate
2655,30,21,9,70.0,25,8,7,6,2,3,4,Medium,8,61,40,Intermediate
2656,30,18,12,60.0,44,6,4,8,4,6,2,Easy,4,53,38,Beginner
2657,30,26,4,86.67,24,10,8,8,0,2,2,Hard,12,91,50,Advanced
2658,30,26,4,86.67,21,10,10,6,0,0,4,Hard,9,90,48,Advanced
2659,30,23,7,76.67,27,10,9,4,0,1,6,Medium,9,71,40,Intermediate
2660,30,23,7,76.67,37,10,7,6,0,3,4,Medium,8,80,42,Intermediate
2661,30,18,12,60.0,51,10,3,5,0,7,5,Easy,5,53,31,Beginner
2662,30,29,1,96.67,16,10,8,11,0,2,0,Hard,11,98,59,Advanced
2663,30,21,9,70.0,26,10,9,2,0,1,8,Medium,5,77,34,Intermediate
2664,30,24,6,80.0,30,10,10,4,0,0,6,Medium,5,80,42,Intermediate
2665,30,22,8,73.33,25,9,8,5,1,2,5,Medium,9,73,40,Intermediate
2666,30,13,17,43.33,40,8,6,0,2,4,11,Easy,3,52,20,Beginner
2667,30,27,3,90.0,16,10,10,7,0,0,3,Hard,15,81,51,Advanced
2668,30,24,6,80.0,28,8,9,7,2,1,3,Medium,9,71,47,Intermediate
2669,30,12,18,40.0,39,9,6,0,1,4,13,Easy,2,49,21,Beginner
2670,30,23,7,76.67,34,9,10,4,1,0,6,Medium,6,77,41,Intermediate
2671,30,26,4,86.67,25,10,10,6,0,0,4,Hard,14,100,48,Advanced
2672,30,12,18,40.0,52,9,6,0,1,4,13,Easy,3,58,21,Beginner
2673,30,11,19,36.67,47,8,4,0,2,6,11,Easy,2,56,16,Beginner
2674,30,22,8,73.33,30,10,7,5,0,3,5,Medium,7,72,39,Intermediate
2675,30,16,14,53.33,38,10,6,0,0,4,10,Easy,4,50,22,Beginner
2676,30,26,4,86.67,25,10,8,8,0,2,2,Hard,12,96,50,Advanced
2677,30,24,6,80.0,30,10,9,5,0,1,5,Medium,8,67,43,Intermediate
2678,30,20,10,66.67,30,10,7,3,0,3,7,Medium,9,69,33,Intermediate
2679,30,29,1,96.67,24,10,8,11,0,2,0,Hard,15,94,59,Advanced
2680,30,24,6,80.0,26,10,7,7,0,3,3,Medium,7,65,45,Intermediate
2681,30,29,1,96.67,16,10,10,9,0,0,1,Hard,10,98,57,Advanced
2682,30,24,6,80.0,34,10,9,5,0,1,5,Medium,6,66,43,Intermediate
2683,30,23,7,76.67,26,9,8,6,1,2,4,Medium,6,71,43,Intermediate
2684,30,25,5,83.33,18,10,10,5,0,0,5,Hard,15,88,45,Advanced
2685,30,27,3,90.0,15,10,9,8,0,1,2,Hard,14,90,52,Advanced
2686,30,24,6,80.0,38,10,10,4,0,0,6,Medium,9,73,42,Intermediate
2687,30,25,5,83.33,15,10,8,7,0,2,3,Hard,14,86,47,Advanced
2688,30,12,18,40.0,43,8,6,0,2,4,12,Easy,2,48,20,Beginner
2689,30,22,8,73.33,36,8,8,6,2,2,4,Medium,7,70,42,Intermediate
2690,30,29,1,96.67,25,10,10,9,0,0,1,Hard,9,92,57,Advanced
2691,30,26,4,86.67,17,10,9,7,0,1,3,Hard,8,98,49,Advanced
2692,30,16,14,53.33,54,8,6,2,2,4,8,Easy,5,54,26,Beginner
2693,30,10,20,33.33,55,8,3,0,2,7,11,Easy,3,52,14,Beginner
2694,30,29,1,96.67,23,10,9,10,0,1,0,Hard,15,83,58,Advanced
2695,30,15,15,50.0,57,10,3,2,0,7,8,Easy,4,42,22,Beginner
2696,30,17,13,56.67,39,7,4,6,3,6,4,Easy,5,44,33,Beginner
2697,30,14,16,46.67,49,7,6,1,3,4,9,Easy,3,50,22,Beginner
2698,30,15,15,50.0,41,9,6,0,1,4,10,Easy,5,52,21,Beginner
2699,30,24,6,80.0,37,10,8,6,0,2,4,Medium,7,65,44,Intermediate
2700,30,27,3,90.0,22,10,9,8,0,1,2,Hard,10,88,52,Advanced
2701,30,27,3,90.0,18,10,9,8,0,1,2,Hard,9,95,52,Advanced
2702,30,30,0,100.0,17,10,10,10,0,0,0,Hard,8,87,60,Advanced
2703,30,26,4,86.67,18,10,9,7,0,1,3,Hard,9,95,49,Advanced
2704,30,12,18,40.0,43,7,6,0,3,4,11,Easy,3,53,19,Beginner
2705,30,23,7,76.67,29,10,10,3,0,0,7,Medium,5,64,39,Intermediate
2706,30,15,15,50.0,43,9,4,2,1,6,8,Easy,2,46,23,Beginner
2707,30,14,16,46.67,38,10,6,0,0,4,12,Easy,3,45,22,Beginner
2708,30,19,11,63.33,38,8,9,2,2,1,8,Medium,6,67,32,Intermediate
2709,30,22,8,73.33,30,9,9,4,1,1,6,Medium,8,72,39,Intermediate
2710,30,25,5,83.33,20,10,8,7,0,2,3,Hard,10,86,47,Advanced
2711,30,23,7,76.67,30,9,10,4,1,0,6,Medium,7,65,41,Intermediate
2712,30,12,18,40.0,41,6,5,1,4,5,9,Easy,3,48,19,Beginner
2713,30,12,18,40.0,49,7,5,0,3,5,10,Easy,2,51,17,Beginner
2714,30,24,6,80.0,34,9,7,8,1,3,2,Medium,7,78,47,Intermediate
2715,30,23,7,76.67,38,10,8,5,0,2,5,Medium,8,61,41,Intermediate
2716,30,11,19,36.67,59,9,6,0,1,4,14,Easy,3,40,21,Beginner
2717,30,18,12,60.0,58,8,6,4,2,4,6,Easy,5,56,32,Beginner
2718,30,18,12,60.0,57,7,4,7,3,6,3,Easy,2,59,36,Beginner
2719,30,13,17,43.33,53,6,6,1,4,4,9,Easy,5,48,21,Beginner
2720,30,12,18,40.0,58,9,6,0,1,4,13,Easy,4,43,21,Beginner
2721,30,28,2,93.33,15,10,10,8,0,0,2,Hard,13,83,54,Advanced
2722,30,26,4,86.67,15,10,10,6,0,0,4,Hard,11,81,48,Advanced
2723,30,14,16,46.67,44,7,4,3,3,6,7,Easy,2,48,24,Beginner
2724,30,13,17,43.33,40,6,4,3,4,6,7,Easy,4,42,23,Beginner
2725,30,29,1,96.67,16,10,8,11,0,2,0,Hard,8,85,59,Advanced
2726,30,22,8,73.33,32,9,8,5,1,2,5,Medium,5,75,40,Intermediate
2727,30,26,4,86.67,21,10,8,8,0,2,2,Hard,14,84,50,Advanced
2728,30,19,11,63.33,34,9,7,3,1,3,7,Medium,6,74,32,Intermediate
2729,30,13,17,43.33,60,9,4,0,1,6,10,Easy,3,48,17,Beginner
2730,30,20,10,66.67,35,9,8,3,1,2,7,Medium,7,77,34,Intermediate
2731,30,23,7,76.67,31,9,7,7,1,3,3,Medium,8,73,44,Intermediate
2732,30,27,3,90.0,15,10,10,7,0,0,3,Hard,8,94,51,Advanced
2733,30,15,15,50.0,52,6,3,6,4,7,4,Easy,3,45,30,Beginner
2734,30,24,6,80.0,38,9,9,6,1,1,4,Medium,9,69,45,Intermediate
2735,30,24,6,80.0,36,10,7,7,0,3,3,Medium,5,67,45,Intermediate
2736,30,24,6,80.0,36,10,10,4,0,0,6,Medium,5,71,42,Intermediate
2737,30,23,7,76.67,29,8,10,5,2,0,5,Medium,9,67,43,Intermediate
2738,30,19,11,63.33,35,10,9,0,0,1,10,Medium,5,68,28,Intermediate
2739,30,22,8,73.33,28,10,8,4,0,2,6,Medium,7,69,38,Intermediate
2740,30,25,5,83.33,23,10,9,6,0,1,4,Hard,9,83,46,Advanced
2741,30,26,4,86.67,16,10,9,7,0,1,3,Hard,8,88,49,Advanced
2742,30,12,18,40.0,39,7,3,2,3,7,8,Easy,3,40,19,Beginner
2743,30,13,17,43.33,51,6,5,2,4,5,8,Easy,2,51,22,Beginner
2744,30,24,6,80.0,26,8,8,8,2,2,2,Medium,7,75,48,Intermediate
2745,30,10,20,33.33,42,9,3,0,1,7,12,Easy,5,57,15,Beginner
2746,30,23,7,76.67,27,8,7,8,2,3,2,Medium,7,69,46,Intermediate
2747,30,29,1,96.67,16,10,10,9,0,0,1,Hard,15,88,57,Advanced
2748,30,25,5,83.33,19,10,8,7,0,2,3,Hard,8,82,47,Advanced
2749,30,21,9,70.0,25,9,8,4,1,2,6,Medium,6,77,37,Intermediate
2750,30,16,14,53.33,58,10,6,0,0,4,10,Easy,2,51,22,Beginner
2751,30,11,19,36.67,38,7,6,0,3,4,12,Easy,5,45,19,Beginner
2752,30,24,6,80.0,34,10,10,4,0,0,6,Medium,5,67,42,Intermediate
2753,30,23,7,76.67,34,8,8,7,2,2,3,Medium,5,65,45,Intermediate
2754,30,28,2,93.33,21,10,9,9,0,1,1,Hard,10,96,55,Advanced
2755,30,29,1,96.67,16,10,9,10,0,1,0,Hard,8,83,58,Advanced
2756,30,23,7,76.67,30,10,10,3,0,0,7,Medium,8,70,39,Intermediate
2757,30,18,12,60.0,45,7,3,8,3,7,2,Easy,2,57,37,Beginner
2758,30,18,12,60.0,54,9,3,6,1,7,4,Easy,5,56,33,Beginner
2759,30,20,10,66.67,30,9,9,2,1,1,8,Medium,6,73,33,Intermediate
2760,30,13,17,43.33,43,6,5,2,4,5,8,Easy,3,58,22,Beginner
2761,30,21,9,70.0,34,8,10,3,2,0,7,Medium,9,78,37,Intermediate
2762,30,28,2,93.33,15,10,9,9,0,1,1,Hard,8,87,55,Advanced
2763,30,19,11,63.33,27,9,10,0,1,0,10,Medium,5,67,29,Intermediate
2764,30,30,0,100.0,21,10,8,12,0,2,0,Hard,15,100,62,Advanced
2765,30,12,18,40.0,59,8,5,0,2,5,11,Easy,2,42,18,Beginner
2766,30,22,8,73.33,31,8,9,5,2,1,5,Medium,5,61,41,Intermediate
2767,30,26,4,86.67,18,10,10,6,0,0,4,Hard,8,97,48,Advanced
2768,30,30,0,100.0,24,10,10,10,0,0,0,Hard,9,90,60,Advanced
2769,30,12,18,40.0,45,7,4,1,3,6,9,Easy,5,48,18,Beginner
2770,30,11,19,36.67,44,8,3,0,2,7,10,Easy,3,46,14,Beginner
2771,30,25,5,83.33,17,10,9,6,0,1,4,Hard,14,82,46,Advanced
2772,30,21,9,70.0,31,8,9,4,2,1,6,Medium,8,72,38,Intermediate
2773,30,26,4,86.67,17,10,9,7,0,1,3,Hard,15,84,49,Advanced
2774,30,29,1,96.67,20,10,9,10,0,1,0,Hard,13,85,58,Advanced
2775,30,27,3,90.0,21,10,9,8,0,1,2,Hard,14,97,52,Advanced
2776,30,25,5,83.33,16,10,10,5,0,0,5,Hard,9,94,45,Advanced
2777,30,11,19,36.67,47,8,4,0,2,6,11,Easy,2,47,16,Beginner
2778,30,27,3,90.0,15,10,9,8,0,1,2,Hard,10,95,52,Advanced
2779,30,13,17,43.33,57,9,6,0,1,4,12,Easy,3,59,21,Beginner
2780,30,18,12,60.0,39,10,3,5,0,7,5,Easy,4,40,31,Beginner
2781,30,26,4,86.67,21,10,8,8,0,2,2,Hard,14,97,50,Advanced
2782,30,19,11,63.33,33,10,8,1,0,2,9,Medium,9,70,29,Intermediate
2783,30,14,16,46.67,47,9,4,1,1,6,9,Easy,3,44,20,Beginner
2784,30,12,18,40.0,59,8,6,0,2,4,12,Easy,5,54,20,Beginner
2785,30,28,2,93.33,21,10,9,9,0,1,1,Hard,13,87,55,Advanced
2786,30,10,20,33.33,58,8,3,0,2,7,11,Easy,4,47,14,Beginner
2787,30,21,9,70.0,34,8,7,6,2,3,4,Medium,6,68,40,Intermediate
2788,30,12,18,40.0,59,6,4,2,4,6,8,Easy,2,52,20,Beginner
2789,30,27,3,90.0,20,10,10,7,0,0,3,Hard,14,90,51,Advanced
2790,30,18,12,60.0,45,8,6,4,2,4,6,Easy,5,43,32,Beginner
2791,30,17,13,56.67,55,6,4,7,4,6,3,Easy,4,41,35,Beginner
2792,30,30,0,100.0,21,10,10,10,0,0,0,Hard,10,91,60,Advanced
2793,30,28,2,93.33,20,10,8,10,0,2,0,Hard,10,96,56,Advanced
2794,30,21,9,70.0,35,10,10,1,0,0,9,Medium,7,63,33,Intermediate
2795,30,13,17,43.33,46,7,6,0,3,4,10,Easy,2,41,19,Beginner
2796,30,24,6,80.0,27,9,8,7,1,2,3,Medium,9,67,46,Intermediate
2797,30,12,18,40.0,56,8,4,0,2,6,10,Easy,3,48,16,Beginner
2798,30,19,11,63.33,34,10,10,0,0,0,11,Medium,6,62,30,Intermediate
2799,30,23,7,76.67,35,9,9,5,1,1,5,Medium,6,74,42,Intermediate
2800,30,27,3,90.0,19,10,10,7,0,0,3,Hard,12,94,51,Advanced
2801,30,27,3,90.0,19,10,10,7,0,0,3,Hard,11,81,51,Advanced
2802,30,20,10,66.67,32,8,7,5,2,3,5,Medium,9,80,37,Intermediate
2803,30,16,14,53.33,41,8,6,2,2,4,8,Easy,5,57,26,Beginner
2804,30,19,11,63.33,25,9,10,0,1,0,10,Medium,7,63,29,Intermediate
2805,30,23,7,76.67,26,9,8,6,1,2,4,Medium,5,71,43,Intermediate
2806,30,22,8,73.33,36,9,7,6,1,3,4,Medium,6,71,41,Intermediate
2807,30,23,7,76.67,34,9,8,6,1,2,4,Medium,8,79,43,Intermediate
2808,30,12,18,40.0,60,6,5,1,4,5,9,Easy,5,52,19,Beginner
2809,30,24,6,80.0,33,10,9,5,0,1,5,Medium,9,71,43,Intermediate
2810,30,28,2,93.33,25,10,9,9,0,1,1,Hard,15,100,55,Advanced
2811,30,28,2,93.33,25,10,10,8,0,0,2,Hard,11,89,54,Advanced
2812,30,18,12,60.0,48,9,6,3,1,4,7,Easy,3,58,30,Beginner
2813,30,14,16,46.67,54,7,4,3,3,6,7,Easy,5,50,24,Beginner
2814,30,24,6,80.0,38,8,9,7,2,1,3,Medium,9,74,47,Intermediate
2815,30,26,4,86.67,16,10,8,8,0,2,2,Hard,11,94,50,Advanced
2816,30,29,1,96.67,23,10,8,11,0,2,0,Hard,10,85,59,Advanced
2817,30,10,20,33.33,41,10,3,0,0,7,13,Easy,3,54,16,Beginner
2818,30,24,6,80.0,37,8,8,8,2,2,2,Medium,5,80,48,Intermediate
2819,30,14,16,46.67,39,8,3,3,2,7,7,Easy,5,40,23,Beginner
2820,30,14,16,46.67,53,10,5,0,0,5,11,Easy,2,46,20,Beginner
2821,30,30,0,100.0,24,10,10,10,0,0,0,Hard,11,85,60,Advanced
2822,30,13,17,43.33,56,7,6,0,3,4,10,Easy,5,48,19,Beginner
2823,30,21,9,70.0,38,9,9,3,1,1,7,Medium,7,71,36,Intermediate
2824,30,28,2,93.33,24,10,10,8,0,0,2,Hard,9,88,54,Advanced
2825,30,21,9,70.0,38,10,10,1,0,0,9,Medium,7,62,33,Intermediate
2826,30,16,14,53.33,44,7,6,3,3,4,7,Easy,4,43,28,Beginner
2827,30,24,6,80.0,29,9,8,7,1,2,3,Medium,5,64,46,Intermediate
2828,30,12,18,40.0,48,6,5,1,4,5,9,Easy,4,55,19,Beginner
2829,30,26,4,86.67,17,10,8,8,0,2,2,Hard,10,93,50,Advanced
2830,30,30,0,100.0,15,10,8,12,0,2,0,Hard,9,90,62,Advanced
2831,30,19,11,63.33,35,9,7,3,1,3,7,Medium,5,74,32,Intermediate
2832,30,25,5,83.33,20,10,8,7,0,2,3,Hard,13,99,47,Advanced
2833,30,23,7,76.67,26,9,7,7,1,3,3,Medium,5,73,44,Intermediate
2834,30,25,5,83.33,24,10,10,5,0,0,5,Hard,14,88,45,Advanced
2835,30,18,12,60.0,43,6,3,9,4,7,1,Easy,3,52,39,Beginner
2836,30,10,20,33.33,50,7,4,0,3,6,11,Easy,4,43,15,Beginner
2837,30,28,2,93.33,21,10,9,9,0,1,1,Hard,13,85,55,Advanced
2838,30,21,9,70.0,30,8,7,6,2,3,4,Medium,7,63,40,Intermediate
2839,30,22,8,73.33,37,9,7,6,1,3,4,Medium,9,66,41,Intermediate
2840,30,20,10,66.67,25,8,7,5,2,3,5,Medium,8,64,37,Intermediate
2841,30,30,0,100.0,21,10,9,11,0,1,0,Hard,14,82,61,Advanced
2842,30,30,0,100.0,18,10,9,11,0,1,0,Hard,8,96,61,Advanced
2843,30,26,4,86.67,20,10,10,6,0,0,4,Hard,9,85,48,Advanced
2844,30,20,10,66.67,29,8,8,4,2,2,6,Medium,6,65,36,Intermediate
2845,30,10,20,33.33,57,7,4,0,3,6,11,Easy,3,44,15,Beginner
2846,30,28,2,93.33,15,10,8,10,0,2,0,Hard,14,96,56,Advanced
2847,30,27,3,90.0,18,10,8,9,0,2,1,Hard,12,90,53,Advanced
2848,30,29,1,96.67,24,10,8,11,0,2,0,Hard,10,90,59,Advanced
2849,30,20,10,66.67,27,9,8,3,1,2,7,Medium,5,70,34,Intermediate
2850,30,11,19,36.67,45,7,6,0,3,4,12,Easy,5,46,19,Beginner
2851,30,13,17,43.33,55,9,4,0,1,6,10,Easy,5,59,17,Beginner
2852,30,23,7,76.67,30,8,10,5,2,0,5,Medium,9,79,43,Intermediate
2853,30,22,8,73.33,27,9,9,4,1,1,6,Medium,9,65,39,Intermediate
2854,30,10,20,33.33,60,10,3,0,0,7,13,Easy,4,46,16,Beginner
2855,30,30,0,100.0,25,10,8,12,0,2,0,Hard,13,84,62,Advanced
2856,30,20,10,66.67,30,10,7,3,0,3,7,Medium,9,65,33,Intermediate
2857,30,21,9,70.0,32,8,10,3,2,0,7,Medium,6,63,37,Intermediate
2858,30,28,2,93.33,23,10,8,10,0,2,0,Hard,9,84,56,Advanced
2859,30,24,6,80.0,31,9,7,8,1,3,2,Medium,6,66,47,Intermediate
2860,30,20,10,66.67,28,10,8,2,0,2,8,Medium,7,62,32,Intermediate
2861,30,23,7,76.67,34,8,9,6,2,1,4,Medium,6,74,44,Intermediate
2862,30,19,11,63.33,30,9,10,0,1,0,10,Medium,9,68,29,Intermediate
2863,30,18,12,60.0,57,9,5,4,1,5,6,Easy,4,54,31,Beginner
2864,30,19,11,63.33,35,10,9,0,0,1,10,Medium,6,70,28,Intermediate
2865,30,17,13,56.67,38,9,4,4,1,6,6,Easy,4,51,29,Beginner
2866,30,21,9,70.0,26,9,7,5,1,3,5,Medium,9,77,38,Intermediate
2867,30,23,7,76.67,37,10,9,4,0,1,6,Medium,8,74,40,Intermediate
2868,30,18,12,60.0,53,9,4,5,1,6,5,Easy,4,47,32,Beginner
2869,30,19,11,63.33,32,9,10,0,1,0,10,Medium,5,76,29,Intermediate
2870,30,11,19,36.67,39,10,6,0,0,4,15,Easy,3,40,22,Beginner
2871,30,20,10,66.67,25,8,7,5,2,3,5,Medium,5,72,37,Intermediate
2872,30,12,18,40.0,54,9,6,0,1,4,13,Easy,2,40,21,Beginner
2873,30,14,16,46.67,51,7,6,1,3,4,9,Easy,5,43,22,Beginner
2874,30,14,16,46.67,43,6,6,2,4,4,8,Easy,3,43,24,Beginner
2875,30,14,16,46.67,43,6,5,3,4,5,7,Easy,4,51,25,Beginner
2876,30,30,0,100.0,17,10,9,11,0,1,0,Hard,11,94,61,Advanced
2877,30,29,1,96.67,15,10,9,10,0,1,0,Hard,14,92,58,Advanced
2878,30,24,6,80.0,36,9,8,7,1,2,3,Medium,8,78,46,Intermediate
2879,30,24,6,80.0,26,10,10,4,0,0,6,Medium,8,74,42,Intermediate
2880,30,22,8,73.33,27,8,10,4,2,0,6,Medium,7,68,40,Intermediate
2881,30,13,17,43.33,55,6,6,1,4,4,9,Easy,5,55,21,Beginner
2882,30,24,6,80.0,33,8,9,7,2,1,3,Medium,9,70,47,Intermediate
2883,30,29,1,96.67,25,10,9,10,0,1,0,Hard,13,88,58,Advanced
2884,30,10,20,33.33,48,8,4,0,2,6,12,Easy,2,45,16,Beginner
2885,30,24,6,80.0,30,8,9,7,2,1,3,Medium,8,77,47,Intermediate
2886,30,30,0,100.0,25,10,9,11,0,1,0,Hard,8,99,61,Advanced
2887,30,23,7,76.67,34,8,10,5,2,0,5,Medium,9,74,43,Intermediate
2888,30,20,10,66.67,34,9,9,2,1,1,8,Medium,5,80,33,Intermediate
2889,30,13,17,43.33,48,10,5,0,0,5,12,Easy,5,57,20,Beginner
2890,30,29,1,96.67,24,10,9,10,0,1,0,Hard,13,91,58,Advanced
2891,30,13,17,43.33,52,9,5,0,1,5,11,Easy,4,58,19,Beginner
2892,30,20,10,66.67,37,9,8,3,1,2,7,Medium,6,68,34,Intermediate
2893,30,16,14,53.33,50,7,3,6,3,7,4,Easy,5,47,31,Beginner
2894,30,14,16,46.67,48,8,5,1,2,5,9,Easy,4,52,21,Beginner
2895,30,27,3,90.0,23,10,8,9,0,2,1,Hard,10,90,53,Advanced
2896,30,27,3,90.0,18,10,10,7,0,0,3,Hard,13,99,51,Advanced
2897,30,25,5,83.33,16,10,9,6,0,1,4,Hard,9,95,46,Advanced
2898,30,20,10,66.67,36,10,7,3,0,3,7,Medium,6,73,33,Intermediate
2899,30,23,7,76.67,35,8,9,6,2,1,4,Medium,9,67,44,Intermediate
2900,30,19,11,63.33,33,9,7,3,1,3,7,Medium,9,69,32,Intermediate
2901,30,26,4,86.67,20,10,10,6,0,0,4,Hard,10,83,48,Advanced
2902,30,15,15,50.0,51,6,3,6,4,7,4,Easy,2,41,30,Beginner
2903,30,16,14,53.33,55,9,3,4,1,7,6,Easy,5,49,27,Beginner
2904,30,24,6,80.0,31,8,9,7,2,1,3,Medium,7,79,47,Intermediate
2905,30,21,9,70.0,27,10,9,2,0,1,8,Medium,7,71,34,Intermediate
2906,30,21,9,70.0,30,8,8,5,2,2,5,Medium,7,80,39,Intermediate
2907,30,15,15,50.0,46,10,4,1,0,6,9,Easy,3,45,21,Beginner
2908,30,20,10,66.67,37,10,8,2,0,2,8,Medium,5,76,32,Intermediate
2909,30,10,20,33.33,59,10,6,0,0,4,16,Easy,3,45,22,Beginner
2910,30,12,18,40.0,56,7,4,1,3,6,9,Easy,2,48,18,Beginner
2911,30,27,3,90.0,15,10,8,9,0,2,1,Hard,13,82,53,Advanced
2912,30,23,7,76.67,34,8,9,6,2,1,4,Medium,5,72,44,Intermediate
2913,30,20,10,66.67,34,10,9,1,0,1,9,Medium,5,62,31,Intermediate
2914,30,29,1,96.67,24,10,8,11,0,2,0,Hard,13,86,59,Advanced
2915,30,14,16,46.67,44,9,3,2,1,7,8,Easy,3,56,21,Beginner
2916,30,23,7,76.67,27,9,8,6,1,2,4,Medium,8,76,43,Intermediate
2917,30,19,11,63.33,33,10,8,1,0,2,9,Medium,6,77,29,Intermediate
2918,30,10,20,33.33,57,8,4,0,2,6,12,Easy,4,46,16,Beginner
2919,30,23,7,76.67,27,9,10,4,1,0,6,Medium,5,73,41,Intermediate
2920,30,15,15,50.0,49,6,4,5,4,6,5,Easy,2,41,29,Beginner
2921,30,25,5,83.33,21,10,8,7,0,2,3,Hard,13,95,47,Advanced
2922,30,29,1,96.67,20,10,8,11,0,2,0,Hard,14,91,59,Advanced
2923,30,23,7,76.67,37,8,8,7,2,2,3,Medium,8,77,45,Intermediate
2924,30,13,17,43.33,58,9,6,0,1,4,12,Easy,4,48,21,Beginner
2925,30,28,2,93.33,21,10,9,9,0,1,1,Hard,15,88,55,Advanced
2926,30,20,10,66.67,32,8,8,4,2,2,6,Medium,7,74,36,Intermediate
2927,30,15,15,50.0,48,6,4,5,4,6,5,Easy,3,45,29,Beginner
2928,30,26,4,86.67,16,10,9,7,0,1,3,Hard,10,93,49,Advanced
2929,30,21,9,70.0,30,10,8,3,0,2,7,Medium,6,64,35,Intermediate
2930,30,18,12,60.0,39,10,4,4,0,6,6,Easy,4,57,30,Beginner
2931,30,16,14,53.33,47,8,5,3,2,5,7,Easy,4,53,27,Beginner
2932,30,25,5,83.33,25,10,9,6,0,1,4,Hard,8,91,46,Advanced
2933,30,19,11,63.33,38,8,10,1,2,0,9,Medium,9,77,31,Intermediate
2934,30,17,13,56.67,60,7,3,7,3,7,3,Easy,4,51,34,Beginner
2935,30,21,9,70.0,31,9,10,2,1,0,8,Medium,9,69,35,Intermediate
2936,30,20,10,66.67,34,10,8,2,0,2,8,Medium,6,61,32,Intermediate
2937,30,16,14,53.33,39,7,3,6,3,7,4,Easy,2,59,31,Beginner
2938,30,23,7,76.67,38,10,10,3,0,0,7,Medium,6,73,39,Intermediate
2939,30,12,18,40.0,44,7,6,0,3,4,11,Easy,5,53,19,Beginner
2940,30,28,2,93.33,24,10,10,8,0,0,2,Hard,9,91,54,Advanced
2941,30,14,16,46.67,50,6,6,2,4,4,8,Easy,3,48,24,Beginner
2942,30,21,9,70.0,38,9,10,2,1,0,8,Medium,9,73,35,Intermediate
2943,30,22,8,73.33,33,10,10,2,0,0,8,Medium,9,77,36,Intermediate
2944,30,18,12,60.0,42,9,6,3,1,4,7,Easy,5,55,30,Beginner
2945,30,21,9,70.0,27,10,7,4,0,3,6,Medium,6,68,36,Intermediate
2946,30,20,10,66.67,31,9,9,2,1,1,8,Medium,9,63,33,Intermediate
2947,30,30,0,100.0,19,10,9,11,0,1,0,Hard,15,91,61,Advanced
2948,30,25,5,83.33,23,10,10,5,0,0,5,Hard,10,83,45,Advanced
2949,30,18,12,60.0,49,6,5,7,4,5,3,Easy,5,50,37,Beginner
2950,30,23,7,76.67,27,8,10,5,2,0,5,Medium,9,77,43,Intermediate
2951,30,16,14,53.33,41,10,6,0,0,4,10,Easy,3,47,22,Beginner
2952,30,24,6,80.0,31,9,8,7,1,2,3,Medium,5,80,46,Intermediate
2953,30,16,14,53.33,60,9,6,1,1,4,9,Easy,5,49,24,Beginner
2954,30,14,16,46.67,59,7,3,4,3,7,6,Easy,4,41,25,Beginner
2955,30,10,20,33.33,50,10,3,0,0,7,13,Easy,5,57,16,Beginner
2956,30,18,12,60.0,41,10,5,3,0,5,7,Easy,4,46,29,Beginner
2957,30,27,3,90.0,21,10,10,7,0,0,3,Hard,13,85,51,Advanced
2958,30,24,6,80.0,25,8,9,7,2,1,3,Medium,6,79,47,Intermediate
2959,30,19,11,63.33,27,8,7,4,2,3,6,Medium,7,71,34,Intermediate
2960,30,25,5,83.33,18,10,8,7,0,2,3,Hard,12,99,47,Advanced
2961,30,28,2,93.33,19,10,10,8,0,0,2,Hard,9,99,54,Advanced
2962,30,22,8,73.33,27,9,10,3,1,0,7,Medium,8,74,38,Intermediate
2963,30,22,8,73.33,28,9,7,6,1,3,4,Medium,8,66,41,Intermediate
2964,30,24,6,80.0,26,8,10,6,2,0,4,Medium,8,72,46,Intermediate
2965,30,13,17,43.33,54,8,4,1,2,6,9,Easy,2,49,19,Beginner
2966,30,10,20,33.33,47,9,6,0,1,4,15,Easy,4,56,21,Beginner
2967,30,17,13,56.67,40,7,3,7,3,7,3,Easy,4,47,34,Beginner
2968,30,14,16,46.67,51,10,3,1,0,7,9,Easy,3,50,19,Beginner
2969,30,24,6,80.0,34,8,8,8,2,2,2,Medium,7,73,48,Intermediate
2970,30,24,6,80.0,26,8,10,6,2,0,4,Medium,6,70,46,Intermediate
2971,30,17,13,56.67,44,9,3,5,1,7,5,Easy,4,50,30,Beginner
2972,30,20,10,66.67,26,10,7,3,0,3,7,Medium,8,76,33,Intermediate
2973,30,24,6,80.0,37,10,8,6,0,2,4,Medium,7,67,44,Intermediate
2974,30,23,7,76.67,27,9,9,5,1,1,5,Medium,9,67,42,Intermediate
2975,30,30,0,100.0,20,10,9,11,0,1,0,Hard,9,81,61,Advanced
2976,30,19,11,63.33,25,9,10,0,1,0,10,Medium,6,80,29,Intermediate
2977,30,24,6,80.0,27,10,9,5,0,1,5,Medium,6,61,43,Intermediate
2978,30,19,11,63.33,32,8,10,1,2,0,9,Medium,8,77,31,Intermediate
2979,30,19,11,63.33,26,9,10,0,1,0,10,Medium,8,72,29,Intermediate
2980,30,22,8,73.33,30,9,9,4,1,1,6,Medium,7,61,39,Intermediate
2981,30,10,20,33.33,51,7,4,0,3,6,11,Easy,3,58,15,Beginner
2982,30,27,3,90.0,24,10,10,7,0,0,3,Hard,9,93,51,Advanced
2983,30,24,6,80.0,35,8,10,6,2,0,4,Medium,5,62,46,Intermediate
2984,30,12,18,40.0,51,9,5,0,1,5,12,Easy,3,59,19,Beginner
2985,30,18,12,60.0,41,9,4,5,1,6,5,Easy,2,44,32,Beginner
2986,30,25,5,83.33,15,10,9,6,0,1,4,Hard,15,89,46,Advanced
2987,30,10,20,33.33,54,8,5,0,2,5,13,Easy,4,51,18,Beginner
2988,30,11,19,36.67,53,9,4,0,1,6,12,Easy,5,50,17,Beginner
2989,30,26,4,86.67,17,10,10,6,0,0,4,Hard,15,86,48,Advanced
2990,30,25,5,83.33,18,10,8,7,0,2,3,Hard,8,81,47,Advanced
2991,30,21,9,70.0,34,10,10,1,0,0,9,Medium,5,76,33,Intermediate
2992,30,25,5,83.33,23,10,9,6,0,1,4,Hard,14,82,46,Advanced
2993,30,21,9,70.0,38,8,7,6,2,3,4,Medium,9,74,40,Intermediate
2994,30,24,6,80.0,38,9,10,5,1,0,5,Medium,6,78,44,Intermediate
2995,30,19,11,63.33,27,8,9,2,2,1,8,Medium,9,73,32,Intermediate
2996,30,27,3,90.0,24,10,10,7,0,0,3,Hard,15,89,51,Advanced
2997,30,22,8,73.33,29,9,7,6,1,3,4,Medium,9,68,41,Intermediate
2998,30,25,5,83.33,18,10,9,6,0,1,4,Hard,12,89,46,Advanced
2999,30,17,13,56.67,53,7,5,5,3,5,5,Easy,5,53,32,Beginner
3000,30,22,8,73.33,34,10,9,3,0,1,7,Medium,7,66,37,Intermediate
3001,30,19,11,63.33,30,10,8,1,0,2,9,Medium,7,62,29,Intermediate
3002,30,20,10,66.67,34,8,8,4,2,2,6,Medium,9,69,36,Intermediate
3003,30,19,11,63.33,28,8,8,3,2,2,7,Medium,8,75,33,Intermediate
3004,30,26,4,86.67,23,10,9,7,0,1,3,Hard,10,90,49,Advanced
3005,30,26,4,86.67,23,10,10,6,0,0,4,Hard,13,96,48,Advanced
3006,30,25,5,83.33,24,10,10,5,0,0,5,Hard,13,96,45,Advanced
3007,30,23,7,76.67,30,8,9,6,2,1,4,Medium,6,67,44,Intermediate
3008,30,22,8,73.33,27,10,10,2,0,0,8,Medium,6,78,36,Intermediate
3009,30,22,8,73.33,32,10,9,3,0,1,7,Medium,6,79,37,Intermediate
3010,30,17,13,56.67,58,6,5,6,4,5,4,Easy,3,56,34,Beginner
3011,30,23,7,76.67,32,9,9,5,1,1,5,Medium,6,80,42,Intermediate
3012,30,21,9,70.0,27,8,9,4,2,1,6,Medium,5,72,38,Intermediate
3013,30,12,18,40.0,51,10,5,0,0,5,13,Easy,3,53,20,Beginner
3014,30,24,6,80.0,28,9,10,5,1,0,5,Medium,8,61,44,Intermediate
3015,30,11,19,36.67,57,8,5,0,2,5,12,Easy,2,41,18,Beginner
3016,30,13,17,43.33,56,9,5,0,1,5,11,Easy,4,46,19,Beginner
3017,30,24,6,80.0,36,8,8,8,2,2,2,Medium,8,67,48,Intermediate
3018,30,28,2,93.33,15,10,10,8,0,0,2,Hard,15,94,54,Advanced
3019,30,14,16,46.67,40,9,3,2,1,7,8,Easy,3,40,21,Beginner
3020,30,25,5,83.33,19,10,10,5,0,0,5,Hard,10,88,45,Advanced
3021,30,12,18,40.0,58,6,3,3,4,7,7,Easy,2,41,21,Beginner
3022,30,19,11,63.33,33,8,9,2,2,1,8,Medium,6,80,32,Intermediate
3023,30,19,11,63.33,27,9,7,3,1,3,7,Medium,8,73,32,Intermediate
3024,30,13,17,43.33,42,6,5,2,4,5,8,Easy,2,49,22,Beginner
3025,30,20,10,66.67,36,9,8,3,1,2,7,Medium,6,80,34,Intermediate
3026,30,26,4,86.67,20,10,10,6,0,0,4,Hard,13,88,48,Advanced
3027,30,20,10,66.67,26,9,7,4,1,3,6,Medium,9,70,35,Intermediate
3028,30,23,7,76.67,29,8,10,5,2,0,5,Medium,8,66,43,Intermediate
3029,30,13,17,43.33,41,10,6,0,0,4,13,Easy,2,56,22,Beginner
3030,30,19,11,63.33,34,9,7,3,1,3,7,Medium,6,70,32,Intermediate
3031,30,17,13,56.67,39,9,3,5,1,7,5,Easy,5,50,30,Beginner
3032,30,22,8,73.33,30,8,8,6,2,2,4,Medium,8,69,42,Intermediate
3033,30,28,2,93.33,19,10,9,9,0,1,1,Hard,8,92,55,Advanced
3034,30,25,5,83.33,20,10,8,7,0,2,3,Hard,13,97,47,Advanced
3035,30,22,8,73.33,38,10,10,2,0,0,8,Medium,6,75,36,Intermediate
3036,30,19,11,63.33,29,9,10,0,1,0,10,Medium,9,71,29,Intermediate
3037,30,15,15,50.0,47,9,5,1,1,5,9,Easy,3,42,22,Beginner
3038,30,26,4,86.67,16,10,8,8,0,2,2,Hard,8,100,50,Advanced
3039,30,22,8,73.33,35,9,10,3,1,0,7,Medium,5,73,38,Intermediate
3040,30,23,7,76.67,26,8,7,8,2,3,2,Medium,9,77,46,Intermediate
3041,30,21,9,70.0,36,10,10,1,0,0,9,Medium,7,69,33,Intermediate
3042,30,28,2,93.33,25,10,10,8,0,0,2,Hard,8,91,54,Advanced
3043,30,27,3,90.0,25,10,10,7,0,0,3,Hard,13,94,51,Advanced
3044,30,24,6,80.0,34,9,7,8,1,3,2,Medium,8,76,47,Intermediate
3045,30,23,7,76.67,26,9,9,5,1,1,5,Medium,5,68,42,Intermediate
3046,30,27,3,90.0,17,10,8,9,0,2,1,Hard,13,91,53,Advanced
3047,30,26,4,86.67,23,10,10,6,0,0,4,Hard,10,95,48,Advanced
3048,30,27,3,90.0,25,10,9,8,0,1,2,Hard,10,99,52,Advanced
3049,30,27,3,90.0,15,10,9,8,0,1,2,Hard,15,90,52,Advanced
3050,30,24,6,80.0,34,10,7,7,0,3,3,Medium,5,68,45,Intermediate
3051,30,26,4,86.67,23,10,10,6,0,0,4,Hard,10,85,48,Advanced
3052,30,19,11,63.33,31,10,9,0,0,1,10,Medium,9,64,28,Intermediate
3053,30,15,15,50.0,49,6,5,4,4,5,6,Easy,2,50,28,Beginner
3054,30,29,1,96.67,25,10,9,10,0,1,0,Hard,14,94,58,Advanced
3055,30,22,8,73.33,31,9,7,6,1,3,4,Medium,7,74,41,Intermediate
3056,30,21,9,70.0,29,10,7,4,0,3,6,Medium,5,72,36,Intermediate
3057,30,23,7,76.67,33,9,8,6,1,2,4,Medium,7,73,43,Intermediate
3058,30,19,11,63.33,32,8,8,3,2,2,7,Medium,9,63,33,Intermediate
3059,30,21,9,70.0,36,10,7,4,0,3,6,Medium,9,62,36,Intermediate
3060,30,27,3,90.0,24,10,9,8,0,1,2,Hard,13,88,52,Advanced
3061,30,27,3,90.0,18,10,10,7,0,0,3,Hard,8,94,51,Advanced
3062,30,23,7,76.67,29,9,10,4,1,0,6,Medium,7,76,41,Intermediate
3063,30,21,9,70.0,35,9,9,3,1,1,7,Medium,8,77,36,Intermediate
3064,30,22,8,73.33,26,10,10,2,0,0,8,Medium,6,67,36,Intermediate
3065,30,17,13,56.67,47,9,4,4,1,6,6,Easy,3,59,29,Beginner
3066,30,23,7,76.67,27,9,9,5,1,1,5,Medium,9,73,42,Intermediate
3067,30,24,6,80.0,31,10,9,5,0,1,5,Medium,5,71,43,Intermediate
3068,30,23,7,76.67,25,10,9,4,0,1,6,Medium,5,71,40,Intermediate
3069,30,24,6,80.0,25,9,8,7,1,2,3,Medium,6,78,46,Intermediate
3070,30,28,2,93.33,20,10,9,9,0,1,1,Hard,14,84,55,Advanced
3071,30,10,20,33.33,44,10,4,0,0,6,14,Easy,4,43,18,Beginner
3072,30,22,8,73.33,29,8,8,6,2,2,4,Medium,5,78,42,Intermediate
3073,30,20,10,66.67,35,8,10,2,2,0,8,Medium,5,70,34,Intermediate
3074,30,23,7,76.67,38,8,8,7,2,2,3,Medium,7,63,45,Intermediate
3075,30,28,2,93.33,21,10,9,9,0,1,1,Hard,8,81,55,Advanced
3076,30,26,4,86.67,20,10,9,7,0,1,3,Hard,10,100,49,Advanced
3077,30,25,5,83.33,22,10,9,6,0,1,4,Hard,12,84,46,Advanced
3078,30,22,8,73.33,28,8,10,4,2,0,6,Medium,7,62,40,Intermediate
3079,30,24,6,80.0,33,9,7,8,1,3,2,Medium,6,75,47,Intermediate
3080,30,15,15,50.0,53,10,6,0,0,4,11,Easy,2,46,22,Beginner
3081,30,20,10,66.67,38,8,9,3,2,1,7,Medium,7,75,35,Intermediate
3082,30,29,1,96.67,21,10,9,10,0,1,0,Hard,14,93,58,Advanced
3083,30,13,17,43.33,52,7,5,1,3,5,9,Easy,3,52,20,Beginner
3084,30,19,11,63.33,28,9,8,2,1,2,8,Medium,9,80,31,Intermediate
3085,30,23,7,76.67,27,8,9,6,2,1,4,Medium,9,79,44,Intermediate
3086,30,26,4,86.67,16,10,8,8,0,2,2,Hard,12,91,50,Advanced
3087,30,29,1,96.67,25,10,8,11,0,2,0,Hard,11,99,59,Advanced
3088,30,22,8,73.33,27,9,10,3,1,0,7,Medium,6,69,38,Intermediate
3089,30,19,11,63.33,30,10,10,0,0,0,11,Medium,5,77,30,Intermediate
3090,30,24,6,80.0,37,8,9,7,2,1,3,Medium,8,80,47,Intermediate
3091,30,14,16,46.67,46,9,3,2,1,7,8,Easy,4,58,21,Beginner
3092,30,25,5,83.33,17,10,10,5,0,0,5,Hard,8,99,45,Advanced
3093,30,18,12,60.0,55,8,3,7,2,7,3,Easy,2,48,35,Beginner
3094,30,29,1,96.67,21,10,10,9,0,0,1,Hard,13,85,57,Advanced
3095,30,21,9,70.0,30,8,9,4,2,1,6,Medium,7,63,38,Intermediate
3096,30,13,17,43.33,53,8,3,2,2,7,8,Easy,4,52,20,Beginner
3097,30,30,0,100.0,18,10,8,12,0,2,0,Hard,12,93,62,Advanced
3098,30,23,7,76.67,32,8,8,7,2,2,3,Medium,6,80,45,Intermediate
3099,30,26,4,86.67,15,10,10,6,0,0,4,Hard,9,81,48,Advanced
3100,30,16,14,53.33,43,6,6,4,4,4,6,Easy,4,48,30,Beginner
3101,30,19,11,63.33,35,9,8,2,1,2,8,Medium,8,68,31,Intermediate
3102,30,24,6,80.0,29,8,7,9,2,3,1,Medium,7,68,49,Intermediate
3103,30,27,3,90.0,20,10,10,7,0,0,3,Hard,10,99,51,Advanced
3104,30,24,6,80.0,37,9,7,8,1,3,2,Medium,7,72,47,Intermediate
3105,30,23,7,76.67,28,8,10,5,2,0,5,Medium,6,75,43,Intermediate
3106,30,12,18,40.0,39,7,5,0,3,5,10,Easy,5,43,17,Beginner
3107,30,19,11,63.33,38,8,10,1,2,0,9,Medium,7,64,31,Intermediate
3108,30,24,6,80.0,35,8,7,9,2,3,1,Medium,8,76,49,Intermediate
3109,30,25,5,83.33,19,10,10,5,0,0,5,Hard,15,87,45,Advanced
3110,30,26,4,86.67,23,10,8,8,0,2,2,Hard,13,95,50,Advanced
3111,30,18,12,60.0,52,9,3,6,1,7,4,Easy,4,55,33,Beginner
3112,30,24,6,80.0,25,10,10,4,0,0,6,Medium,5,78,42,Intermediate
3113,30,14,16,46.67,38,7,3,4,3,7,6,Easy,4,45,25,Beginner
3114,30,29,1,96.67,21,10,8,11,0,2,0,Hard,14,100,59,Advanced
3115,30,14,16,46.67,56,8,6,0,2,4,10,Easy,4,56,20,Beginner
3116,30,29,1,96.67,18,10,9,10,0,1,0,Hard,10,100,58,Advanced
3117,30,22,8,73.33,29,9,8,5,1,2,5,Medium,8,78,40,Intermediate
3118,30,23,7,76.67,36,9,9,5,1,1,5,Medium,6,80,42,Intermediate
3119,30,11,19,36.67,55,7,6,0,3,4,12,Easy,2,50,19,Beginner
3120,30,30,0,100.0,20,10,10,10,0,0,0,Hard,8,93,60,Advanced
3121,30,22,8,73.33,33,10,8,4,0,2,6,Medium,9,73,38,Intermediate
3122,30,13,17,43.33,52,7,5,1,3,5,9,Easy,4,58,20,Beginner
3123,30,24,6,80.0,31,10,10,4,0,0,6,Medium,7,70,42,Intermediate
3124,30,28,2,93.33,21,10,9,9,0,1,1,Hard,15,96,55,Advanced
3125,30,16,14,53.33,46,6,5,5,4,5,5,Easy,2,47,31,Beginner
3126,30,24,6,80.0,30,8,9,7,2,1,3,Medium,7,63,47,Intermediate
3127,30,25,5,83.33,20,10,10,5,0,0,5,Hard,9,91,45,Advanced
3128,30,21,9,70.0,35,9,10,2,1,0,8,Medium,9,73,35,Intermediate
3129,30,12,18,40.0,48,8,6,0,2,4,12,Easy,2,43,20,Beginner
3130,30,22,8,73.33,29,10,8,4,0,2,6,Medium,7,76,38,Intermediate
3131,30,24,6,80.0,27,8,9,7,2,1,3,Medium,9,64,47,Intermediate
3132,30,29,1,96.67,25,10,10,9,0,0,1,Hard,15,88,57,Advanced
3133,30,26,4,86.67,21,10,10,6,0,0,4,Hard,8,85,48,Advanced
3134,30,23,7,76.67,38,8,10,5,2,0,5,Medium,6,67,43,Intermediate
3135,30,11,19,36.67,54,9,3,0,1,7,11,Easy,4,55,15,Beginner
3136,30,25,5,83.33,21,10,8,7,0,2,3,Hard,10,86,47,Advanced
3137,30,30,0,100.0,19,10,9,11,0,1,0,Hard,8,92,61,Advanced
3138,30,21,9,70.0,29,8,9,4,2,1,6,Medium,9,67,38,Intermediate
3139,30,24,6,80.0,31,10,7,7,0,3,3,Medium,6,64,45,Intermediate
3140,30,19,11,63.33,33,10,10,0,0,0,11,Medium,9,79,30,Intermediate
3141,30,29,1,96.67,19,10,9,10,0,1,0,Hard,8,95,58,Advanced
3142,30,14,16,46.67,59,10,5,0,0,5,11,Easy,5,52,20,Beginner
3143,30,25,5,83.33,15,10,10,5,0,0,5,Hard,10,100,45,Advanced
3144,30,14,16,46.67,50,6,6,2,4,4,8,Easy,3,40,24,Beginner
3145,30,26,4,86.67,18,10,10,6,0,0,4,Hard,11,83,48,Advanced
3146,30,20,10,66.67,25,9,8,3,1,2,7,Medium,5,64,34,Intermediate
3147,30,17,13,56.67,46,7,5,5,3,5,5,Easy,4,59,32,Beginner
3148,30,22,8,73.33,26,10,10,2,0,0,8,Medium,9,72,36,Intermediate
3149,30,24,6,80.0,29,8,9,7,2,1,3,Medium,7,65,47,Intermediate
3150,30,20,10,66.67,37,8,9,3,2,1,7,Medium,5,70,35,Intermediate
3151,30,30,0,100.0,17,10,9,11,0,1,0,Hard,13,94,61,Advanced
3152,30,29,1,96.67,19,10,8,11,0,2,0,Hard,14,99,59,Advanced
3153,30,10,20,33.33,55,8,4,0,2,6,12,Easy,3,48,16,Beginner
3154,30,20,10,66.67,37,10,10,0,0,0,10,Medium,5,76,30,Intermediate
3155,30,24,6,80.0,33,8,7,9,2,3,1,Medium,7,79,49,Intermediate
3156,30,14,16,46.67,50,9,5,0,1,5,10,Easy,3,58,19,Beginner
3157,30,26,4,86.67,19,10,10,6,0,0,4,Hard,9,96,48,Advanced
3158,30,10,20,33.33,47,9,5,0,1,5,14,Easy,4,45,19,Beginner
3159,30,11,19,36.67,57,10,4,0,0,6,13,Easy,3,58,18,Beginner
3160,30,20,10,66.67,38,8,9,3,2,1,7,Medium,9,67,35,Intermediate
3161,30,20,10,66.67,38,8,10,2,2,0,8,Medium,7,77,34,Intermediate
3162,30,11,19,36.67,53,7,4,0,3,6,10,Easy,2,52,15,Beginner
3163,30,15,15,50.0,41,8,5,2,2,5,8,Easy,3,49,24,Beginner
3164,30,26,4,86.67,24,10,10,6,0,0,4,Hard,14,84,48,Advanced
3165,30,30,0,100.0,15,10,10,10,0,0,0,Hard,15,82,60,Advanced
3166,30,13,17,43.33,50,6,6,1,4,4,9,Easy,2,40,21,Beginner
3167,30,10,20,33.33,39,7,6,0,3,4,13,Easy,5,56,19,Beginner
3168,30,23,7,76.67,38,9,9,5,1,1,5,Medium,9,77,42,Intermediate
3169,30,23,7,76.67,32,9,9,5,1,1,5,Medium,5,74,42,Intermediate
3170,30,30,0,100.0,15,10,8,12,0,2,0,Hard,14,90,62,Advanced
3171,30,25,5,83.33,18,10,10,5,0,0,5,Hard,14,97,45,Advanced
3172,30,26,4,86.67,17,10,10,6,0,0,4,Hard,14,83,48,Advanced
3173,30,28,2,93.33,15,10,8,10,0,2,0,Hard,15,99,56,Advanced
3174,30,16,14,53.33,60,7,5,4,3,5,6,Easy,3,43,29,Beginner
3175,30,17,13,56.67,55,10,4,3,0,6,7,Easy,2,40,27,Beginner
3176,30,21,9,70.0,25,8,7,6,2,3,4,Medium,7,64,40,Intermediate
3177,30,26,4,86.67,16,10,10,6,0,0,4,Hard,13,92,48,Advanced
3178,30,25,5,83.33,23,10,8,7,0,2,3,Hard,11,94,47,Advanced
3179,30,24,6,80.0,36,9,7,8,1,3,2,Medium,6,68,47,Intermediate
3180,30,21,9,70.0,26,10,8,3,0,2,7,Medium,7,72,35,Intermediate
3181,30,30,0,100.0,21,10,10,10,0,0,0,Hard,14,88,60,Advanced
3182,30,23,7,76.67,25,10,10,3,0,0,7,Medium,6,79,39,Intermediate
3183,30,20,10,66.67,36,8,7,5,2,3,5,Medium,8,69,37,Intermediate
3184,30,19,11,63.33,37,8,10,1,2,0,9,Medium,8,74,31,Intermediate
3185,30,20,10,66.67,38,8,9,3,2,1,7,Medium,8,74,35,Intermediate
3186,30,19,11,63.33,31,10,10,0,0,0,11,Medium,7,63,30,Intermediate
3187,30,26,4,86.67,24,10,9,7,0,1,3,Hard,9,85,49,Advanced
3188,30,13,17,43.33,51,10,5,0,0,5,12,Easy,4,44,20,Beginner
3189,30,22,8,73.33,28,9,8,5,1,2,5,Medium,6,72,40,Intermediate
3190,30,20,10,66.67,28,8,7,5,2,3,5,Medium,7,76,37,Intermediate
3191,30,12,18,40.0,59,9,6,0,1,4,13,Easy,3,51,21,Beginner
3192,30,20,10,66.67,35,9,7,4,1,3,6,Medium,6,65,35,Intermediate
3193,30,26,4,86.67,15,10,8,8,0,2,2,Hard,15,89,50,Advanced
3194,30,28,2,93.33,23,10,9,9,0,1,1,Hard,12,83,55,Advanced
3195,30,14,16,46.67,49,8,3,3,2,7,7,Easy,3,46,23,Beginner
3196,30,19,11,63.33,29,9,8,2,1,2,8,Medium,7,76,31,Intermediate
3197,30,13,17,43.33,45,10,4,0,0,6,11,Easy,2,59,18,Beginner
3198,30,19,11,63.33,27,9,10,0,1,0,10,Medium,8,80,29,Intermediate
3199,30,10,20,33.33,44,9,3,0,1,7,12,Easy,4,54,15,Beginner
3200,30,22,8,73.33,34,9,10,3,1,0,7,Medium,7,64,38,Intermediate
3201,30,26,4,86.67,21,10,10,6,0,0,4,Hard,13,91,48,Advanced
3202,30,26,4,86.67,15,10,10,6,0,0,4,Hard,11,81,48,Advanced
3203,30,20,10,66.67,33,9,10,1,1,0,9,Medium,7,74,32,Intermediate
3204,30,23,7,76.67,38,10,9,4,0,1,6,Medium,6,68,40,Intermediate
3205,30,20,10,66.67,35,9,9,2,1,1,8,Medium,7,72,33,Intermediate
3206,30,18,12,60.0,60,10,4,4,0,6,6,Easy,3,50,30,Beginner
3207,30,12,18,40.0,43,9,4,0,1,6,11,Easy,5,48,17,Beginner
3208,30,22,8,73.33,28,10,7,5,0,3,5,Medium,7,79,39,Intermediate
3209,30,26,4,86.67,18,10,8,8,0,2,2,Hard,14,81,50,Advanced
3210,30,17,13,56.67,47,10,4,3,0,6,7,Easy,5,52,27,Beginner
3211,30,15,15,50.0,53,7,3,5,3,7,5,Easy,4,41,28,Beginner
3212,30,17,13,56.67,56,8,3,6,2,7,4,Easy,3,54,32,Beginner
3213,30,24,6,80.0,38,9,9,6,1,1,4,Medium,9,62,45,Intermediate
3214,30,23,7,76.67,35,9,9,5,1,1,5,Medium,8,65,42,Intermediate
3215,30,16,14,53.33,45,9,4,3,1,6,7,Easy,3,50,26,Beginner
3216,30,25,5,83.33,24,10,9,6,0,1,4,Hard,15,87,46,Advanced
3217,30,29,1,96.67,23,10,9,10,0,1,0,Hard,10,95,58,Advanced
3218,30,25,5,83.33,24,10,8,7,0,2,3,Hard,14,100,47,Advanced
3219,30,18,12,60.0,58,8,4,6,2,6,4,Easy,5,58,34,Beginner
3220,30,22,8,73.33,38,9,10,3,1,0,7,Medium,7,74,38,Intermediate
3221,30,12,18,40.0,44,7,4,1,3,6,9,Easy,4,41,18,Beginner
3222,30,20,10,66.67,38,9,9,2,1,1,8,Medium,5,73,33,Intermediate
3223,30,14,16,46.67,40,7,6,1,3,4,9,Easy,2,45,22,Beginner
3224,30,21,9,70.0,29,10,7,4,0,3,6,Medium,7,63,36,Intermediate
3225,30,21,9,70.0,29,8,9,4,2,1,6,Medium,9,69,38,Intermediate
3226,30,18,12,60.0,44,10,5,3,0,5,7,Easy,4,57,29,Beginner
3227,30,27,3,90.0,23,10,9,8,0,1,2,Hard,8,98,52,Advanced
3228,30,25,5,83.33,22,10,8,7,0,2,3,Hard,12,95,47,Advanced
3229,30,19,11,63.33,38,10,8,1,0,2,9,Medium,9,65,29,Intermediate
3230,30,22,8,73.33,26,9,7,6,1,3,4,Medium,8,76,41,Intermediate
3231,30,26,4,86.67,15,10,10,6,0,0,4,Hard,10,96,48,Advanced
3232,30,19,11,63.33,26,9,9,1,1,1,9,Medium,6,76,30,Intermediate
3233,30,25,5,83.33,15,10,9,6,0,1,4,Hard,15,90,46,Advanced
3234,30,22,8,73.33,30,9,7,6,1,3,4,Medium,5,70,41,Intermediate
3235,30,30,0,100.0,17,10,9,11,0,1,0,Hard,15,95,61,Advanced
3236,30,18,12,60.0,45,6,6,6,4,4,4,Easy,2,45,36,Beginner
3237,30,24,6,80.0,31,10,7,7,0,3,3,Medium,5,68,45,Intermediate
3238,30,20,10,66.67,26,9,8,3,1,2,7,Medium,5,69,34,Intermediate
3239,30,19,11,63.33,32,8,9,2,2,1,8,Medium,7,79,32,Intermediate
3240,30,28,2,93.33,19,10,9,9,0,1,1,Hard,8,86,55,Advanced
3241,30,19,11,63.33,31,8,10,1,2,0,9,Medium,9,63,31,Intermediate
3242,30,22,8,73.33,31,8,8,6,2,2,4,Medium,6,78,42,Intermediate
3243,30,29,1,96.67,25,10,10,9,0,0,1,Hard,14,87,57,Advanced
3244,30,26,4,86.67,22,10,8,8,0,2,2,Hard,13,90,50,Advanced
3245,30,15,15,50.0,50,8,4,3,2,6,7,Easy,2,40,25,Beginner
3246,30,14,16,46.67,45,7,3,4,3,7,6,Easy,5,60,25,Beginner
3247,30,11,19,36.67,49,7,4,0,3,6,10,Easy,3,54,15,Beginner
3248,30,25,5,83.33,18,10,9,6,0,1,4,Hard,14,84,46,Advanced
3249,30,17,13,56.67,55,7,6,4,3,4,6,Easy,3,43,31,Beginner
3250,30,23,7,76.67,30,10,8,5,0,2,5,Medium,6,69,41,Intermediate
3251,30,19,11,63.33,25,8,8,3,2,2,7,Medium,5,61,33,Intermediate
3252,30,29,1,96.67,23,10,9,10,0,1,0,Hard,11,83,58,Advanced
3253,30,23,7,76.67,28,10,8,5,0,2,5,Medium,8,71,41,Intermediate
3254,30,20,10,66.67,29,8,7,5,2,3,5,Medium,6,69,37,Intermediate
3255,30,19,11,63.33,29,8,10,1,2,0,9,Medium,7,71,31,Intermediate
3256,30,10,20,33.33,40,10,5,0,0,5,15,Easy,5,50,20,Beginner
3257,30,26,4,86.67,21,10,8,8,0,2,2,Hard,15,96,50,Advanced
3258,30,26,4,86.67,17,10,8,8,0,2,2,Hard,11,84,50,Advanced
3259,30,19,11,63.33,37,9,9,1,1,1,9,Medium,9,64,30,Intermediate
3260,30,26,4,86.67,20,10,8,8,0,2,2,Hard,8,94,50,Advanced
3261,30,14,16,46.67,49,9,6,0,1,4,11,Easy,4,51,21,Beginner
3262,30,27,3,90.0,15,10,9,8,0,1,2,Hard,12,100,52,Advanced
3263,30,23,7,76.67,34,9,7,7,1,3,3,Medium,5,63,44,Intermediate
3264,30,23,7,76.67,33,8,7,8,2,3,2,Medium,7,75,46,Intermediate
3265,30,29,1,96.67,23,10,8,11,0,2,0,Hard,8,86,59,Advanced
3266,30,28,2,93.33,23,10,9,9,0,1,1,Hard,11,92,55,Advanced
3267,30,16,14,53.33,39,6,5,5,4,5,5,Easy,4,54,31,Beginner
3268,30,22,8,73.33,38,9,10,3,1,0,7,Medium,5,75,38,Intermediate
3269,30,20,10,66.67,29,10,9,1,0,1,9,Medium,6,80,31,Intermediate
3270,30,20,10,66.67,35,9,8,3,1,2,7,Medium,5,64,34,Intermediate
3271,30,26,4,86.67,18,10,10,6,0,0,4,Hard,11,90,48,Advanced
3272,30,12,18,40.0,49,7,5,0,3,5,10,Easy,2,43,17,Beginner
3273,30,30,0,100.0,17,10,10,10,0,0,0,Hard,13,100,60,Advanced
3274,30,13,17,43.33,55,9,3,1,1,7,9,Easy,5,51,18,Beginner
3275,30,30,0,100.0,17,10,8,12,0,2,0,Hard,11,93,62,Advanced
3276,30,13,17,43.33,58,10,4,0,0,6,11,Easy,3,49,18,Beginner
3277,30,28,2,93.33,15,10,8,10,0,2,0,Hard,10,88,56,Advanced
3278,30,11,19,36.67,56,7,3,1,3,7,9,Easy,5,56,16,Beginner
3279,30,21,9,70.0,33,10,8,3,0,2,7,Medium,5,69,35,Intermediate
3280,30,19,11,63.33,37,10,10,0,0,0,11,Medium,9,75,30,Intermediate
3281,30,26,4,86.67,15,10,10,6,0,0,4,Hard,15,81,48,Advanced
3282,30,28,2,93.33,20,10,8,10,0,2,0,Hard,11,94,56,Advanced
3283,30,16,14,53.33,56,10,4,2,0,6,8,Easy,4,40,24,Beginner
3284,30,19,11,63.33,28,9,9,1,1,1,9,Medium,6,75,30,Intermediate
3285,30,21,9,70.0,35,9,7,5,1,3,5,Medium,9,68,38,Intermediate
3286,30,20,10,66.67,26,9,10,1,1,0,9,Medium,8,62,32,Intermediate
3287,30,27,3,90.0,24,10,8,9,0,2,1,Hard,15,98,53,Advanced
3288,30,18,12,60.0,48,10,3,5,0,7,5,Easy,4,51,31,Beginner
3289,30,18,12,60.0,56,7,3,8,3,7,2,Easy,4,53,37,Beginner
3290,30,24,6,80.0,36,9,9,6,1,1,4,Medium,5,77,45,Intermediate
3291,30,26,4,86.67,19,10,9,7,0,1,3,Hard,10,90,49,Advanced
3292,30,14,16,46.67,50,10,3,1,0,7,9,Easy,5,44,19,Beginner
3293,30,18,12,60.0,49,9,6,3,1,4,7,Easy,3,51,30,Beginner
3294,30,19,11,63.33,28,9,7,3,1,3,7,Medium,5,68,32,Intermediate
3295,30,19,11,63.33,25,9,10,0,1,0,10,Medium,9,77,29,Intermediate
3296,30,20,10,66.67,27,8,9,3,2,1,7,Medium,9,73,35,Intermediate
3297,30,25,5,83.33,15,10,9,6,0,1,4,Hard,13,81,46,Advanced
3298,30,12,18,40.0,45,9,3,0,1,7,10,Easy,2,51,15,Beginner
3299,30,20,10,66.67,35,10,10,0,0,0,10,Medium,7,76,30,Intermediate
3300,30,22,8,73.33,35,9,7,6,1,3,4,Medium,9,74,41,Intermediate
3301,30,12,18,40.0,51,7,6,0,3,4,11,Easy,2,58,19,Beginner
3302,30,30,0,100.0,15,10,9,11,0,1,0,Hard,14,96,61,Advanced
3303,30,21,9,70.0,29,8,7,6,2,3,4,Medium,8,73,40,Intermediate
3304,30,27,3,90.0,21,10,8,9,0,2,1,Hard,8,95,53,Advanced
3305,30,15,15,50.0,58,8,3,4,2,7,6,Easy,2,55,26,Beginner
3306,30,25,5,83.33,20,10,8,7,0,2,3,Hard,9,86,47,Advanced
3307,30,20,10,66.67,29,9,7,4,1,3,6,Medium,8,64,35,Intermediate
3308,30,23,7,76.67,37,8,10,5,2,0,5,Medium,8,68,43,Intermediate
3309,30,24,6,80.0,28,9,7,8,1,3,2,Medium,5,74,47,Intermediate
3310,30,27,3,90.0,15,10,10,7,0,0,3,Hard,14,81,51,Advanced
3311,30,24,6,80.0,35,10,7,7,0,3,3,Medium,5,75,45,Intermediate
3312,30,27,3,90.0,16,10,9,8,0,1,2,Hard,14,88,52,Advanced
3313,30,21,9,70.0,34,10,9,2,0,1,8,Medium,5,77,34,Intermediate
3314,30,23,7,76.67,35,8,10,5,2,0,5,Medium,5,73,43,Intermediate
3315,30,21,9,70.0,30,10,8,3,0,2,7,Medium,6,79,35,Intermediate
3316,30,23,7,76.67,30,8,8,7,2,2,3,Medium,7,70,45,Intermediate
3317,30,22,8,73.33,26,10,9,3,0,1,7,Medium,8,62,37,Intermediate
3318,30,28,2,93.33,23,10,9,9,0,1,1,Hard,14,98,55,Advanced
3319,30,21,9,70.0,35,9,10,2,1,0,8,Medium,6,61,35,Intermediate
3320,30,11,19,36.67,50,7,5,0,3,5,11,Easy,4,55,17,Beginner
3321,30,18,12,60.0,39,7,6,5,3,4,5,Easy,4,50,34,Beginner
3322,30,24,6,80.0,26,8,8,8,2,2,2,Medium,9,61,48,Intermediate
3323,30,24,6,80.0,37,10,10,4,0,0,6,Medium,8,62,42,Intermediate
3324,30,10,20,33.33,59,9,4,0,1,6,13,Easy,5,59,17,Beginner
3325,30,12,18,40.0,48,6,6,0,4,4,10,Easy,4,49,18,Beginner
3326,30,28,2,93.33,20,10,8,10,0,2,0,Hard,8,100,56,Advanced
3327,30,21,9,70.0,31,10,8,3,0,2,7,Medium,8,78,35,Intermediate
3328,30,29,1,96.67,23,10,8,11,0,2,0,Hard,9,94,59,Advanced
3329,30,30,0,100.0,24,10,9,11,0,1,0,Hard,11,82,61,Advanced
3330,30,12,18,40.0,52,8,5,0,2,5,11,Easy,5,40,18,Beginner
3331,30,20,10,66.67,25,8,7,5,2,3,5,Medium,6,77,37,Intermediate
3332,30,27,3,90.0,22,10,8,9,0,2,1,Hard,11,88,53,Advanced
3333,30,26,4,86.67,16,10,9,7,0,1,3,Hard,9,96,49,Advanced
3334,30,21,9,70.0,25,10,7,4,0,3,6,Medium,7,67,36,Intermediate
3335,30,23,7,76.67,26,10,8,5,0,2,5,Medium,7,78,41,Intermediate
3336,30,16,14,53.33,48,8,3,5,2,7,5,Easy,2,57,29,Beginner
3337,30,30,0,100.0,23,10,9,11,0,1,0,Hard,10,83,61,Advanced
3338,30,24,6,80.0,34,8,7,9,2,3,1,Medium,8,76,49,Intermediate
3339,30,20,10,66.67,33,10,9,1,0,1,9,Medium,5,71,31,Intermediate
3340,30,23,7,76.67,30,8,10,5,2,0,5,Medium,5,79,43,Intermediate
3341,30,20,10,66.67,28,9,7,4,1,3,6,Medium,9,75,35,Intermediate
3342,30,23,7,76.67,37,8,8,7,2,2,3,Medium,9,69,45,Intermediate
3343,30,21,9,70.0,32,10,8,3,0,2,7,Medium,8,79,35,Intermediate
3344,30,25,5,83.33,15,10,10,5,0,0,5,Hard,11,93,45,Advanced
3345,30,29,1,96.67,17,10,9,10,0,1,0,Hard,12,86,58,Advanced
3346,30,16,14,53.33,60,6,4,6,4,6,4,Easy,2,45,32,Beginner
3347,30,13,17,43.33,49,6,4,3,4,6,7,Easy,3,52,23,Beginner
3348,30,19,11,63.33,27,9,9,1,1,1,9,Medium,7,64,30,Intermediate
3349,30,19,11,63.33,27,8,9,2,2,1,8,Medium,8,76,32,Intermediate
3350,30,22,8,73.33,32,8,8,6,2,2,4,Medium,8,71,42,Intermediate
3351,30,17,13,56.67,47,8,5,4,2,5,6,Easy,5,41,30,Beginner
3352,30,20,10,66.67,34,8,8,4,2,2,6,Medium,6,65,36,Intermediate
3353,30,21,9,70.0,31,9,9,3,1,1,7,Medium,8,67,36,Intermediate
3354,30,20,10,66.67,28,8,8,4,2,2,6,Medium,9,62,36,Intermediate
3355,30,11,19,36.67,44,6,5,0,4,5,10,Easy,2,43,16,Beginner
3356,30,10,20,33.33,55,8,6,0,2,4,14,Easy,5,50,20,Beginner
3357,30,12,18,40.0,39,6,4,2,4,6,8,Easy,2,51,20,Beginner
3358,30,21,9,70.0,33,10,7,4,0,3,6,Medium,9,74,36,Intermediate
3359,30,30,0,100.0,16,10,8,12,0,2,0,Hard,10,99,62,Advanced
3360,30,26,4,86.67,22,10,8,8,0,2,2,Hard,13,83,50,Advanced
3361,30,14,16,46.67,50,6,4,4,4,6,6,Easy,4,43,26,Beginner
3362,30,14,16,46.67,48,10,6,0,0,4,12,Easy,2,59,22,Beginner
3363,30,26,4,86.67,25,10,10,6,0,0,4,Hard,10,98,48,Advanced
3364,30,27,3,90.0,25,10,10,7,0,0,3,Hard,10,98,51,Advanced
3365,30,30,0,100.0,22,10,10,10,0,0,0,Hard,15,92,60,Advanced
3366,30,14,16,46.67,44,8,6,0,2,4,10,Easy,2,57,20,Beginner
3367,30,30,0,100.0,23,10,9,11,0,1,0,Hard,9,92,61,Advanced
3368,30,19,11,63.33,33,10,8,1,0,2,9,Medium,9,69,29,Intermediate
3369,30,28,2,93.33,24,10,8,10,0,2,0,Hard,15,89,56,Advanced
3370,30,30,0,100.0,22,10,8,12,0,2,0,Hard,15,92,62,Advanced
3371,30,14,16,46.67,45,9,5,0,1,5,10,Easy,2,49,19,Beginner
3372,30,22,8,73.33,27,10,9,3,0,1,7,Medium,6,77,37,Intermediate
3373,30,28,2,93.33,22,10,9,9,0,1,1,Hard,8,94,55,Advanced
3374,30,11,19,36.67,46,9,4,0,1,6,12,Easy,5,59,17,Beginner
3375,30,30,0,100.0,16,10,9,11,0,1,0,Hard,15,87,61,Advanced
3376,30,22,8,73.33,32,9,8,5,1,2,5,Medium,9,75,40,Intermediate
3377,30,22,8,73.33,36,9,10,3,1,0,7,Medium,5,63,38,Intermediate
3378,30,21,9,70.0,37,8,7,6,2,3,4,Medium,5,64,40,Intermediate
3379,30,14,16,46.67,47,6,3,5,4,7,5,Easy,4,49,27,Beginner
3380,30,16,14,53.33,52,8,3,5,2,7,5,Easy,3,43,29,Beginner
3381,30,24,6,80.0,34,10,7,7,0,3,3,Medium,7,79,45,Intermediate
3382,30,21,9,70.0,30,10,10,1,0,0,9,Medium,8,72,33,Intermediate
3383,30,21,9,70.0,28,8,9,4,2,1,6,Medium,5,69,38,Intermediate
3384,30,16,14,53.33,38,10,6,0,0,4,10,Easy,2,55,22,Beginner
3385,30,26,4,86.67,19,10,9,7,0,1,3,Hard,11,87,49,Advanced
3386,30,28,2,93.33,21,10,10,8,0,0,2,Hard,10,98,54,Advanced
3387,30,28,2,93.33,16,10,8,10,0,2,0,Hard,12,94,56,Advanced
3388,30,22,8,73.33,32,10,7,5,0,3,5,Medium,8,78,39,Intermediate
3389,30,26,4,86.67,25,10,10,6,0,0,4,Hard,15,98,48,Advanced
3390,30,19,11,63.33,25,10,8,1,0,2,9,Medium,6,64,29,Intermediate
3391,30,11,19,36.67,48,9,4,0,1,6,12,Easy,5,48,17,Beginner
3392,30,21,9,70.0,28,8,10,3,2,0,7,Medium,8,77,37,Intermediate
3393,30,12,18,40.0,46,7,4,1,3,6,9,Easy,2,44,18,Beginner
3394,30,21,9,70.0,34,8,8,5,2,2,5,Medium,5,61,39,Intermediate
3395,30,18,12,60.0,43,7,3,8,3,7,2,Easy,5,41,37,Beginner
3396,30,17,13,56.67,47,9,5,3,1,5,7,Easy,4,56,28,Beginner
3397,30,19,11,63.33,26,9,9,1,1,1,9,Medium,9,71,30,Intermediate
3398,30,21,9,70.0,25,8,8,5,2,2,5,Medium,9,65,39,Intermediate
3399,30,13,17,43.33,51,7,3,3,3,7,7,Easy,5,42,22,Beginner
3400,30,27,3,90.0,15,10,10,7,0,0,3,Hard,12,89,51,Advanced
3401,30,26,4,86.67,16,10,9,7,0,1,3,Hard,9,81,49,Advanced
3402,30,20,10,66.67,31,8,9,3,2,1,7,Medium,5,71,35,Intermediate
3403,30,28,2,93.33,19,10,9,9,0,1,1,Hard,14,84,55,Advanced
3404,30,28,2,93.33,20,10,10,8,0,0,2,Hard,15,84,54,Advanced
3405,30,21,9,70.0,30,8,10,3,2,0,7,Medium,9,75,37,Intermediate
3406,30,28,2,93.33,16,10,8,10,0,2,0,Hard,10,97,56,Advanced
3407,30,21,9,70.0,36,8,9,4,2,1,6,Medium,5,75,38,Intermediate
3408,30,29,1,96.67,19,10,10,9,0,0,1,Hard,12,98,57,Advanced
3409,30,20,10,66.67,35,8,8,4,2,2,6,Medium,5,74,36,Intermediate
3410,30,13,17,43.33,59,8,6,0,2,4,11,Easy,4,51,20,Beginner
3411,30,22,8,73.33,25,9,10,3,1,0,7,Medium,8,75,38,Intermediate
3412,30,22,8,73.33,25,9,8,5,1,2,5,Medium,5,76,40,Intermediate
3413,30,28,2,93.33,15,10,8,10,0,2,0,Hard,15,96,56,Advanced
3414,30,28,2,93.33,25,10,8,10,0,2,0,Hard,15,100,56,Advanced
3415,30,29,1,96.67,15,10,8,11,0,2,0,Hard,8,89,59,Advanced
3416,30,29,1,96.67,18,10,8,11,0,2,0,Hard,13,88,59,Advanced
3417,30,17,13,56.67,58,10,4,3,0,6,7,Easy,3,47,27,Beginner
3418,30,15,15,50.0,59,8,3,4,2,7,6,Easy,4,42,26,Beginner
3419,30,27,3,90.0,18,10,8,9,0,2,1,Hard,14,95,53,Advanced
3420,30,24,6,80.0,30,8,9,7,2,1,3,Medium,8,70,47,Intermediate
3421,30,29,1,96.67,16,10,10,9,0,0,1,Hard,15,98,57,Advanced
3422,30,15,15,50.0,46,8,5,2,2,5,8,Easy,2,46,24,Beginner
3423,30,17,13,56.67,59,10,5,2,0,5,8,Easy,4,42,26,Beginner
3424,30,30,0,100.0,15,10,9,11,0,1,0,Hard,10,81,61,Advanced
3425,30,14,16,46.67,40,7,5,2,3,5,8,Easy,3,57,23,Beginner
3426,30,18,12,60.0,45,6,6,6,4,4,4,Easy,2,40,36,Beginner
3427,30,10,20,33.33,50,10,5,0,0,5,15,Easy,2,46,20,Beginner
3428,30,11,19,36.67,44,9,6,0,1,4,14,Easy,5,51,21,Beginner
3429,30,18,12,60.0,46,10,4,4,0,6,6,Easy,5,41,30,Beginner
3430,30,24,6,80.0,38,9,9,6,1,1,4,Medium,7,64,45,Intermediate
3431,30,10,20,33.33,60,10,5,0,0,5,15,Easy,4,46,20,Beginner
3432,30,19,11,63.33,33,9,10,0,1,0,10,Medium,6,69,29,Intermediate
3433,30,27,3,90.0,20,10,8,9,0,2,1,Hard,8,83,53,Advanced
3434,30,11,19,36.67,43,7,4,0,3,6,10,Easy,3,40,15,Beginner
3435,30,19,11,63.33,36,8,10,1,2,0,9,Medium,6,73,31,Intermediate
3436,30,22,8,73.33,37,10,7,5,0,3,5,Medium,5,68,39,Intermediate
3437,30,28,2,93.33,16,10,8,10,0,2,0,Hard,15,85,56,Advanced
3438,30,23,7,76.67,28,9,8,6,1,2,4,Medium,8,69,43,Intermediate
3439,30,27,3,90.0,15,10,10,7,0,0,3,Hard,10,98,51,Advanced
3440,30,24,6,80.0,32,9,8,7,1,2,3,Medium,9,71,46,Intermediate
3441,30,27,3,90.0,23,10,10,7,0,0,3,Hard,8,96,51,Advanced
3442,30,30,0,100.0,16,10,8,12,0,2,0,Hard,9,82,62,Advanced
3443,30,29,1,96.67,17,10,8,11,0,2,0,Hard,14,94,59,Advanced
3444,30,20,10,66.67,38,10,10,0,0,0,10,Medium,6,75,30,Intermediate
3445,30,23,7,76.67,33,10,8,5,0,2,5,Medium,8,75,41,Intermediate
3446,30,10,20,33.33,60,9,4,0,1,6,13,Easy,5,43,17,Beginner
3447,30,25,5,83.33,15,10,10,5,0,0,5,Hard,12,82,45,Advanced
3448,30,28,2,93.33,16,10,10,8,0,0,2,Hard,10,84,54,Advanced
3449,30,17,13,56.67,54,9,3,5,1,7,5,Easy,2,44,30,Beginner
3450,30,27,3,90.0,22,10,8,9,0,2,1,Hard,10,98,53,Advanced
3451,30,30,0,100.0,19,10,10,10,0,0,0,Hard,11,91,60,Advanced
3452,30,12,18,40.0,48,10,3,0,0,7,11,Easy,3,57,16,Beginner
3453,30,15,15,50.0,58,6,6,3,4,4,7,Easy,5,43,27,Beginner
3454,30,26,4,86.67,17,10,9,7,0,1,3,Hard,12,92,49,Advanced
3455,30,23,7,76.67,35,10,9,4,0,1,6,Medium,7,76,40,Intermediate
3456,30,19,11,63.33,30,10,10,0,0,0,11,Medium,7,74,30,Intermediate
3457,30,23,7,76.67,38,10,9,4,0,1,6,Medium,9,70,40,Intermediate
3458,30,10,20,33.33,48,9,3,0,1,7,12,Easy,4,48,15,Beginner
3459,30,24,6,80.0,30,8,8,8,2,2,2,Medium,7,64,48,Intermediate
3460,30,14,16,46.67,52,6,5,3,4,5,7,Easy,3,48,25,Beginner
3461,30,11,19,36.67,52,9,6,0,1,4,14,Easy,2,55,21,Beginner
3462,30,30,0,100.0,24,10,9,11,0,1,0,Hard,14,97,61,Advanced
3463,30,16,14,53.33,53,7,6,3,3,4,7,Easy,2,43,28,Beginner
3464,30,10,20,33.33,44,8,5,0,2,5,13,Easy,4,51,18,Beginner
3465,30,22,8,73.33,25,8,9,5,2,1,5,Medium,7,63,41,Intermediate
3466,30,29,1,96.67,24,10,8,11,0,2,0,Hard,8,98,59,Advanced
3467,30,10,20,33.33,50,9,3,0,1,7,12,Easy,3,60,15,Beginner
3468,30,23,7,76.67,31,9,7,7,1,3,3,Medium,7,74,44,Intermediate
3469,30,21,9,70.0,33,9,8,4,1,2,6,Medium,7,73,37,Intermediate
3470,30,12,18,40.0,41,7,6,0,3,4,11,Easy,4,40,19,Beginner
3471,30,30,0,100.0,24,10,10,10,0,0,0,Hard,13,91,60,Advanced
3472,30,24,6,80.0,35,9,8,7,1,2,3,Medium,7,68,46,Intermediate
3473,30,23,7,76.67,31,10,9,4,0,1,6,Medium,6,71,40,Intermediate
3474,30,14,16,46.67,48,8,5,1,2,5,9,Easy,3,57,21,Beginner
3475,30,25,5,83.33,15,10,8,7,0,2,3,Hard,12,84,47,Advanced
3476,30,22,8,73.33,26,8,8,6,2,2,4,Medium,5,69,42,Intermediate
3477,30,20,10,66.67,35,9,10,1,1,0,9,Medium,8,65,32,Intermediate
3478,30,10,20,33.33,53,7,3,0,3,7,10,Easy,2,49,13,Beginner
3479,30,20,10,66.67,26,8,7,5,2,3,5,Medium,5,61,37,Intermediate
3480,30,24,6,80.0,36,9,9,6,1,1,4,Medium,8,66,45,Intermediate
3481,30,29,1,96.67,19,10,10,9,0,0,1,Hard,11,89,57,Advanced
3482,30,26,4,86.67,24,10,8,8,0,2,2,Hard,8,86,50,Advanced
3483,30,29,1,96.67,16,10,9,10,0,1,0,Hard,13,98,58,Advanced
3484,30,24,6,80.0,34,9,9,6,1,1,4,Medium,9,71,45,Intermediate
3485,30,27,3,90.0,20,10,8,9,0,2,1,Hard,9,89,53,Advanced
3486,30,19,11,63.33,37,8,7,4,2,3,6,Medium,5,73,34,Intermediate
3487,30,14,16,46.67,58,6,4,4,4,6,6,Easy,3,47,26,Beginner
3488,30,26,4,86.67,23,10,9,7,0,1,3,Hard,12,88,49,Advanced
3489,30,24,6,80.0,37,8,7,9,2,3,1,Medium,9,74,49,Intermediate
3490,30,20,10,66.67,38,10,7,3,0,3,7,Medium,9,61,33,Intermediate
3491,30,23,7,76.67,33,10,7,6,0,3,4,Medium,7,80,42,Intermediate
3492,30,19,11,63.33,29,10,10,0,0,0,11,Medium,7,80,30,Intermediate
3493,30,26,4,86.67,23,10,9,7,0,1,3,Hard,14,100,49,Advanced
3494,30,21,9,70.0,26,8,10,3,2,0,7,Medium,8,62,37,Intermediate
3495,30,24,6,80.0,38,10,7,7,0,3,3,Medium,7,79,45,Intermediate
3496,30,29,1,96.67,18,10,8,11,0,2,0,Hard,12,87,59,Advanced
3497,30,21,9,70.0,25,8,10,3,2,0,7,Medium,7,78,37,Intermediate
3498,30,11,19,36.67,41,6,4,1,4,6,9,Easy,5,51,17,Beginner
3499,30,15,15,50.0,47,8,3,4,2,7,6,Easy,5,51,26,Beginner
3500,30,21,9,70.0,34,10,7,4,0,3,6,Medium,6,69,36,Intermediate
3501,30,11,19,36.67,53,7,4,0,3,6,10,Easy,4,57,15,Beginner
3502,30,16,14,53.33,55,9,3,4,1,7,6,Easy,3,51,27,Beginner
3503,30,30,0,100.0,19,10,9,11,0,1,0,Hard,10,89,61,Advanced
3504,30,15,15,50.0,41,10,5,0,0,5,10,Easy,5,59,20,Beginner
3505,30,29,1,96.67,19,10,10,9,0,0,1,Hard,11,99,57,Advanced
3506,30,20,10,66.67,27,9,7,4,1,3,6,Medium,6,65,35,Intermediate
3507,30,19,11,63.33,28,8,7,4,2,3,6,Medium,8,64,34,Intermediate
3508,30,23,7,76.67,32,9,8,6,1,2,4,Medium,8,66,43,Intermediate
3509,30,16,14,53.33,46,10,4,2,0,6,8,Easy,2,51,24,Beginner
3510,30,11,19,36.67,53,6,4,1,4,6,9,Easy,2,52,17,Beginner
3511,30,13,17,43.33,54,9,4,0,1,6,10,Easy,4,49,17,Beginner
3512,30,28,2,93.33,25,10,8,10,0,2,0,Hard,13,88,56,Advanced
3513,30,30,0,100.0,15,10,9,11,0,1,0,Hard,14,81,61,Advanced
3514,30,20,10,66.67,27,8,7,5,2,3,5,Medium,7,65,37,Intermediate
3515,30,28,2,93.33,25,10,8,10,0,2,0,Hard,14,88,56,Advanced
3516,30,20,10,66.67,36,8,9,3,2,1,7,Medium,8,77,35,Intermediate
3517,30,30,0,100.0,25,10,9,11,0,1,0,Hard,13,83,61,Advanced
3518,30,22,8,73.33,29,10,10,2,0,0,8,Medium,5,73,36,Intermediate
3519,30,28,2,93.33,24,10,10,8,0,0,2,Hard,13,81,54,Advanced
3520,30,21,9,70.0,25,10,7,4,0,3,6,Medium,8,74,36,Intermediate
3521,30,24,6,80.0,26,10,9,5,0,1,5,Medium,6,63,43,Intermediate
3522,30,19,11,63.33,37,8,9,2,2,1,8,Medium,8,80,32,Intermediate
3523,30,28,2,93.33,18,10,8,10,0,2,0,Hard,14,84,56,Advanced
3524,30,16,14,53.33,39,9,6,1,1,4,9,Easy,2,60,24,Beginner
3525,30,17,13,56.67,48,6,4,7,4,6,3,Easy,5,40,35,Beginner
3526,30,17,13,56.67,40,9,3,5,1,7,5,Easy,3,43,30,Beginner
3527,30,14,16,46.67,45,7,6,1,3,4,9,Easy,3,51,22,Beginner
3528,30,21,9,70.0,35,10,7,4,0,3,6,Medium,8,74,36,Intermediate
3529,30,19,11,63.33,34,8,10,1,2,0,9,Medium,6,75,31,Intermediate
3530,30,21,9,70.0,26,8,10,3,2,0,7,Medium,8,61,37,Intermediate
3531,30,29,1,96.67,15,10,9,10,0,1,0,Hard,13,95,58,Advanced
3532,30,27,3,90.0,24,10,9,8,0,1,2,Hard,10,91,52,Advanced
3533,30,20,10,66.67,29,9,9,2,1,1,8,Medium,5,66,33,Intermediate
3534,30,11,19,36.67,46,8,4,0,2,6,11,Easy,2,48,16,Beginner
3535,30,23,7,76.67,37,9,7,7,1,3,3,Medium,5,76,44,Intermediate
3536,30,22,8,73.33,25,10,8,4,0,2,6,Medium,6,76,38,Intermediate
3537,30,21,9,70.0,37,8,8,5,2,2,5,Medium,9,68,39,Intermediate
3538,30,20,10,66.67,27,9,8,3,1,2,7,Medium,9,65,34,Intermediate
3539,30,20,10,66.67,35,9,10,1,1,0,9,Medium,7,74,32,Intermediate
3540,30,27,3,90.0,18,10,9,8,0,1,2,Hard,15,89,52,Advanced
3541,30,21,9,70.0,38,9,8,4,1,2,6,Medium,6,77,37,Intermediate
3542,30,25,5,83.33,22,10,9,6,0,1,4,Hard,14,88,46,Advanced
3543,30,10,20,33.33,53,9,5,0,1,5,14,Easy,5,43,19,Beginner
3544,30,29,1,96.67,17,10,9,10,0,1,0,Hard,14,93,58,Advanced
3545,30,12,18,40.0,53,8,4,0,2,6,10,Easy,3,54,16,Beginner
3546,30,20,10,66.67,33,9,8,3,1,2,7,Medium,8,62,34,Intermediate
3547,30,16,14,53.33,40,10,4,2,0,6,8,Easy,5,57,24,Beginner
3548,30,15,15,50.0,54,6,4,5,4,6,5,Easy,3,58,29,Beginner
3549,30,26,4,86.67,17,10,8,8,0,2,2,Hard,12,89,50,Advanced
3550,30,23,7,76.67,37,8,9,6,2,1,4,Medium,5,62,44,Intermediate
3551,30,25,5,83.33,18,10,10,5,0,0,5,Hard,9,86,45,Advanced
3552,30,13,17,43.33,45,6,5,2,4,5,8,Easy,3,41,22,Beginner
3553,30,23,7,76.67,36,9,8,6,1,2,4,Medium,7,74,43,Intermediate
3554,30,23,7,76.67,25,10,7,6,0,3,4,Medium,9,63,42,Intermediate
3555,30,23,7,76.67,32,10,10,3,0,0,7,Medium,5,63,39,Intermediate
3556,30,20,10,66.67,31,8,9,3,2,1,7,Medium,9,62,35,Intermediate
3557,30,19,11,63.33,32,9,10,0,1,0,10,Medium,7,66,29,Intermediate
3558,30,22,8,73.33,31,8,8,6,2,2,4,Medium,8,62,42,Intermediate
3559,30,28,2,93.33,18,10,9,9,0,1,1,Hard,8,88,55,Advanced
3560,30,19,11,63.33,30,8,10,1,2,0,9,Medium,7,75,31,Intermediate
3561,30,25,5,83.33,15,10,10,5,0,0,5,Hard,12,95,45,Advanced
3562,30,18,12,60.0,50,9,5,4,1,5,6,Easy,4,57,31,Beginner
3563,30,29,1,96.67,17,10,8,11,0,2,0,Hard,9,96,59,Advanced
3564,30,22,8,73.33,36,10,10,2,0,0,8,Medium,7,62,36,Intermediate
3565,30,22,8,73.33,37,9,10,3,1,0,7,Medium,8,69,38,Intermediate
3566,30,28,2,93.33,21,10,9,9,0,1,1,Hard,9,88,55,Advanced
3567,30,12,18,40.0,58,8,5,0,2,5,11,Easy,3,40,18,Beginner
3568,30,16,14,53.33,43,6,3,7,4,7,3,Easy,3,47,33,Beginner
3569,30,28,2,93.33,17,10,9,9,0,1,1,Hard,13,85,55,Advanced
3570,30,12,18,40.0,55,9,6,0,1,4,13,Easy,2,59,21,Beginner
3571,30,16,14,53.33,39,9,5,2,1,5,8,Easy,4,43,25,Beginner
3572,30,20,10,66.67,28,9,10,1,1,0,9,Medium,7,78,32,Intermediate
3573,30,22,8,73.33,36,8,7,7,2,3,3,Medium,7,80,43,Intermediate
3574,30,17,13,56.67,58,6,3,8,4,7,2,Easy,4,41,36,Beginner
3575,30,19,11,63.33,37,9,9,1,1,1,9,Medium,5,61,30,Intermediate
3576,30,10,20,33.33,42,6,6,0,4,4,12,Easy,5,56,18,Beginner
3577,30,17,13,56.67,47,8,6,3,2,4,7,Easy,3,49,29,Beginner
3578,30,30,0,100.0,19,10,9,11,0,1,0,Hard,9,98,61,Advanced
3579,30,19,11,63.33,35,8,10,1,2,0,9,Medium,7,68,31,Intermediate
3580,30,22,8,73.33,36,9,7,6,1,3,4,Medium,7,76,41,Intermediate
3581,30,24,6,80.0,38,10,10,4,0,0,6,Medium,6,61,42,Intermediate
3582,30,28,2,93.33,24,10,10,8,0,0,2,Hard,9,100,54,Advanced
3583,30,28,2,93.33,20,10,9,9,0,1,1,Hard,9,81,55,Advanced
3584,30,26,4,86.67,15,10,10,6,0,0,4,Hard,8,81,48,Advanced
3585,30,13,17,43.33,39,10,3,0,0,7,10,Easy,3,55,16,Beginner
3586,30,15,15,50.0,43,7,4,4,3,6,6,Easy,5,40,27,Beginner
3587,30,19,11,63.33,37,8,10,1,2,0,9,Medium,7,61,31,Intermediate
3588,30,27,3,90.0,17,10,9,8,0,1,2,Hard,9,84,52,Advanced
3589,30,29,1,96.67,24,10,10,9,0,0,1,Hard,10,85,57,Advanced
3590,30,27,3,90.0,21,10,8,9,0,2,1,Hard,11,91,53,Advanced
3591,30,29,1,96.67,24,10,10,9,0,0,1,Hard,8,96,57,Advanced
3592,30,26,4,86.67,25,10,10,6,0,0,4,Hard,14,87,48,Advanced
3593,30,23,7,76.67,32,10,8,5,0,2,5,Medium,5,68,41,Intermediate
3594,30,22,8,73.33,28,9,9,4,1,1,6,Medium,8,69,39,Intermediate
3595,30,21,9,70.0,29,9,9,3,1,1,7,Medium,8,64,36,Intermediate
3596,30,17,13,56.67,53,6,3,8,4,7,2,Easy,4,59,36,Beginner
3597,30,15,15,50.0,45,7,3,5,3,7,5,Easy,3,55,28,Beginner
3598,30,12,18,40.0,54,10,6,0,0,4,14,Easy,3,48,22,Beginner
3599,30,13,17,43.33,39,9,3,1,1,7,9,Easy,4,54,18,Beginner
3600,30,30,0,100.0,25,10,10,10,0,0,0,Hard,12,93,60,Advanced
3601,30,16,14,53.33,49,9,6,1,1,4,9,Easy,3,44,24,Beginner
3602,30,12,18,40.0,54,7,5,0,3,5,10,Easy,2,47,17,Beginner
3603,30,27,3,90.0,15,10,8,9,0,2,1,Hard,13,95,53,Advanced
3604,30,26,4,86.67,19,10,9,7,0,1,3,Hard,11,82,49,Advanced
3605,30,14,16,46.67,49,7,3,4,3,7,6,Easy,4,57,25,Beginner
3606,30,16,14,53.33,52,8,6,2,2,4,8,Easy,3,45,26,Beginner
3607,30,30,0,100.0,20,10,8,12,0,2,0,Hard,14,99,62,Advanced
3608,30,23,7,76.67,31,9,9,5,1,1,5,Medium,5,78,42,Intermediate
3609,30,28,2,93.33,25,10,10,8,0,0,2,Hard,14,83,54,Advanced
3610,30,15,15,50.0,58,8,6,1,2,4,9,Easy,3,48,23,Beginner
3611,30,23,7,76.67,33,8,9,6,2,1,4,Medium,7,76,44,Intermediate
3612,30,27,3,90.0,19,10,10,7,0,0,3,Hard,10,95,51,Advanced
3613,30,14,16,46.67,46,7,3,4,3,7,6,Easy,3,51,25,Beginner
3614,30,26,4,86.67,25,10,8,8,0,2,2,Hard,10,87,50,Advanced
3615,30,24,6,80.0,25,10,9,5,0,1,5,Medium,9,61,43,Intermediate
3616,30,16,14,53.33,44,9,6,1,1,4,9,Easy,5,40,24,Beginner
3617,30,13,17,43.33,49,6,3,4,4,7,6,Easy,5,50,24,Beginner
3618,30,30,0,100.0,20,10,8,12,0,2,0,Hard,10,91,62,Advanced
3619,30,30,0,100.0,20,10,8,12,0,2,0,Hard,15,83,62,Advanced
3620,30,27,3,90.0,22,10,10,7,0,0,3,Hard,10,96,51,Advanced
3621,30,29,1,96.67,18,10,8,11,0,2,0,Hard,14,86,59,Advanced
3622,30,25,5,83.33,24,10,8,7,0,2,3,Hard,12,81,47,Advanced
3623,30,30,0,100.0,23,10,8,12,0,2,0,Hard,13,93,62,Advanced
3624,30,20,10,66.67,25,10,10,0,0,0,10,Medium,6,73,30,Intermediate
3625,30,11,19,36.67,44,9,3,0,1,7,11,Easy,5,52,15,Beginner
3626,30,16,14,53.33,43,6,5,5,4,5,5,Easy,3,40,31,Beginner
3627,30,15,15,50.0,44,6,5,4,4,5,6,Easy,2,43,28,Beginner
3628,30,21,9,70.0,26,9,10,2,1,0,8,Medium,9,70,35,Intermediate
3629,30,19,11,63.33,35,9,10,0,1,0,10,Medium,9,66,29,Intermediate
3630,30,26,4,86.67,22,10,10,6,0,0,4,Hard,11,88,48,Advanced
3631,30,21,9,70.0,29,8,7,6,2,3,4,Medium,5,69,40,Intermediate
3632,30,19,11,63.33,27,9,9,1,1,1,9,Medium,6,79,30,Intermediate
3633,30,27,3,90.0,15,10,10,7,0,0,3,Hard,15,93,51,Advanced
3634,30,19,11,63.33,37,10,8,1,0,2,9,Medium,8,73,29,Intermediate
3635,30,12,18,40.0,53,7,3,2,3,7,8,Easy,5,48,19,Beginner
3636,30,29,1,96.67,15,10,10,9,0,0,1,Hard,11,90,57,Advanced
3637,30,25,5,83.33,22,10,8,7,0,2,3,Hard,15,95,47,Advanced
3638,30,27,3,90.0,18,10,10,7,0,0,3,Hard,9,98,51,Advanced
3639,30,27,3,90.0,17,10,9,8,0,1,2,Hard,8,93,52,Advanced
3640,30,24,6,80.0,26,9,8,7,1,2,3,Medium,7,70,46,Intermediate
3641,30,23,7,76.67,27,8,8,7,2,2,3,Medium,5,80,45,Intermediate
3642,30,19,11,63.33,28,8,10,1,2,0,9,Medium,8,71,31,Intermediate
3643,30,30,0,100.0,21,10,9,11,0,1,0,Hard,12,90,61,Advanced
3644,30,21,9,70.0,25,9,8,4,1,2,6,Medium,8,62,37,Intermediate
3645,30,14,16,46.67,54,6,3,5,4,7,5,Easy,4,43,27,Beginner
3646,30,11,19,36.67,39,7,4,0,3,6,10,Easy,2,56,15,Beginner
3647,30,28,2,93.33,22,10,9,9,0,1,1,Hard,15,81,55,Advanced
3648,30,16,14,53.33,59,7,6,3,3,4,7,Easy,3,57,28,Beginner
3649,30,10,20,33.33,58,8,5,0,2,5,13,Easy,2,50,18,Beginner
3650,30,22,8,73.33,26,8,8,6,2,2,4,Medium,5,73,42,Intermediate
3651,30,22,8,73.33,30,8,8,6,2,2,4,Medium,9,71,42,Intermediate
3652,30,24,6,80.0,26,8,9,7,2,1,3,Medium,9,73,47,Intermediate
3653,30,26,4,86.67,17,10,9,7,0,1,3,Hard,15,93,49,Advanced
3654,30,29,1,96.67,22,10,8,11,0,2,0,Hard,12,81,59,Advanced
3655,30,24,6,80.0,26,8,7,9,2,3,1,Medium,9,69,49,Intermediate
3656,30,25,5,83.33,25,10,10,5,0,0,5,Hard,13,89,45,Advanced
3657,30,27,3,90.0,19,10,9,8,0,1,2,Hard,8,85,52,Advanced
3658,30,29,1,96.67,22,10,10,9,0,0,1,Hard,15,91,57,Advanced
3659,30,16,14,53.33,46,9,3,4,1,7,6,Easy,4,56,27,Beginner
3660,30,21,9,70.0,34,8,8,5,2,2,5,Medium,5,78,39,Intermediate
3661,30,26,4,86.67,23,10,9,7,0,1,3,Hard,13,82,49,Advanced
3662,30,24,6,80.0,32,10,7,7,0,3,3,Medium,9,78,45,Intermediate
3663,30,19,11,63.33,31,9,10,0,1,0,10,Medium,8,68,29,Intermediate
3664,30,24,6,80.0,38,8,9,7,2,1,3,Medium,9,77,47,Intermediate
3665,30,28,2,93.33,19,10,10,8,0,0,2,Hard,12,81,54,Advanced
3666,30,13,17,43.33,52,9,5,0,1,5,11,Easy,3,55,19,Beginner
3667,30,26,4,86.67,19,10,10,6,0,0,4,Hard,11,90,48,Advanced
3668,30,19,11,63.33,32,9,7,3,1,3,7,Medium,5,80,32,Intermediate
3669,30,15,15,50.0,53,7,4,4,3,6,6,Easy,3,50,27,Beginner
3670,30,30,0,100.0,17,10,9,11,0,1,0,Hard,11,84,61,Advanced
3671,30,29,1,96.67,18,10,10,9,0,0,1,Hard,10,88,57,Advanced
3672,30,24,6,80.0,27,9,8,7,1,2,3,Medium,6,75,46,Intermediate
3673,30,16,14,53.33,45,8,4,4,2,6,6,Easy,3,56,28,Beginner
3674,30,25,5,83.33,15,10,9,6,0,1,4,Hard,13,93,46,Advanced
3675,30,19,11,63.33,30,10,9,0,0,1,10,Medium,8,73,28,Intermediate
3676,30,13,17,43.33,51,7,5,1,3,5,9,Easy,2,55,20,Beginner
3677,30,21,9,70.0,34,10,8,3,0,2,7,Medium,7,71,35,Intermediate
3678,30,26,4,86.67,15,10,10,6,0,0,4,Hard,11,95,48,Advanced
3679,30,10,20,33.33,55,6,4,0,4,6,10,Easy,5,50,14,Beginner
3680,30,19,11,63.33,38,8,8,3,2,2,7,Medium,6,67,33,Intermediate
3681,30,21,9,70.0,37,10,8,3,0,2,7,Medium,8,79,35,Intermediate
3682,30,20,10,66.67,27,8,10,2,2,0,8,Medium,8,62,34,Intermediate
3683,30,18,12,60.0,42,9,5,4,1,5,6,Easy,4,41,31,Beginner
3684,30,26,4,86.67,24,10,10,6,0,0,4,Hard,11,100,48,Advanced
3685,30,20,10,66.67,37,10,9,1,0,1,9,Medium,8,68,31,Intermediate
3686,30,17,13,56.67,43,6,6,5,4,4,5,Easy,2,50,33,Beginner
3687,30,29,1,96.67,20,10,9,10,0,1,0,Hard,11,90,58,Advanced
3688,30,17,13,56.67,51,8,4,5,2,6,5,Easy,2,41,31,Beginner
3689,30,19,11,63.33,25,10,7,2,0,3,8,Medium,5,62,30,Intermediate
3690,30,23,7,76.67,32,8,8,7,2,2,3,Medium,8,72,45,Intermediate
3691,30,21,9,70.0,25,8,7,6,2,3,4,Medium,8,66,40,Intermediate
3692,30,18,12,60.0,56,9,4,5,1,6,5,Easy,2,50,32,Beginner
3693,30,26,4,86.67,21,10,10,6,0,0,4,Hard,10,87,48,Advanced
3694,30,23,7,76.67,32,8,9,6,2,1,4,Medium,7,73,44,Intermediate
3695,30,25,5,83.33,24,10,8,7,0,2,3,Hard,14,95,47,Advanced
3696,30,16,14,53.33,45,7,3,6,3,7,4,Easy,3,52,31,Beginner
3697,30,22,8,73.33,26,9,10,3,1,0,7,Medium,7,66,38,Intermediate
3698,30,23,7,76.67,34,9,9,5,1,1,5,Medium,5,69,42,Intermediate
3699,30,24,6,80.0,36,10,10,4,0,0,6,Medium,8,69,42,Intermediate
3700,30,29,1,96.67,21,10,9,10,0,1,0,Hard,10,83,58,Advanced
3701,30,20,10,66.67,27,10,9,1,0,1,9,Medium,5,63,31,Intermediate
3702,30,27,3,90.0,15,10,10,7,0,0,3,Hard,10,87,51,Advanced
3703,30,22,8,73.33,38,10,10,2,0,0,8,Medium,9,61,36,Intermediate
3704,30,23,7,76.67,30,10,10,3,0,0,7,Medium,8,66,39,Intermediate
3705,30,30,0,100.0,17,10,8,12,0,2,0,Hard,8,81,62,Advanced
3706,30,30,0,100.0,19,10,10,10,0,0,0,Hard,9,99,60,Advanced
3707,30,30,0,100.0,18,10,10,10,0,0,0,Hard,11,99,60,Advanced
3708,30,29,1,96.67,19,10,10,9,0,0,1,Hard,8,85,57,Advanced
3709,30,17,13,56.67,43,10,5,2,0,5,8,Easy,3,57,26,Beginner
3710,30,13,17,43.33,54,10,5,0,0,5,12,Easy,2,41,20,Beginner
3711,30,23,7,76.67,30,8,7,8,2,3,2,Medium,5,73,46,Intermediate
3712,30,18,12,60.0,40,10,4,4,0,6,6,Easy,4,40,30,Beginner
3713,30,14,16,46.67,56,7,6,1,3,4,9,Easy,2,50,22,Beginner
3714,30,20,10,66.67,34,9,7,4,1,3,6,Medium,6,77,35,Intermediate
3715,30,30,0,100.0,21,10,8,12,0,2,0,Hard,12,87,62,Advanced
3716,30,24,6,80.0,38,10,8,6,0,2,4,Medium,9,78,44,Intermediate
3717,30,10,20,33.33,38,6,3,1,4,7,9,Easy,4,52,15,Beginner
3718,30,22,8,73.33,33,8,10,4,2,0,6,Medium,5,80,40,Intermediate
3719,30,20,10,66.67,33,8,7,5,2,3,5,Medium,7,71,37,Intermediate
3720,30,24,6,80.0,29,8,7,9,2,3,1,Medium,8,71,49,Intermediate
3721,30,10,20,33.33,51,7,4,0,3,6,11,Easy,2,57,15,Beginner
3722,30,10,20,33.33,49,8,3,0,2,7,11,Easy,3,52,14,Beginner
3723,30,21,9,70.0,36,9,8,4,1,2,6,Medium,9,63,37,Intermediate
3724,30,21,9,70.0,34,9,7,5,1,3,5,Medium,5,67,38,Intermediate
3725,30,21,9,70.0,31,10,8,3,0,2,7,Medium,7,67,35,Intermediate
3726,30,18,12,60.0,38,10,4,4,0,6,6,Easy,3,42,30,Beginner
3727,30,30,0,100.0,16,10,8,12,0,2,0,Hard,13,88,62,Advanced
3728,30,23,7,76.67,27,10,7,6,0,3,4,Medium,8,63,42,Intermediate
3729,30,25,5,83.33,16,10,10,5,0,0,5,Hard,11,94,45,Advanced
3730,30,30,0,100.0,17,10,8,12,0,2,0,Hard,9,100,62,Advanced
3731,30,19,11,63.33,32,9,8,2,1,2,8,Medium,7,79,31,Intermediate
3732,30,25,5,83.33,15,10,10,5,0,0,5,Hard,15,91,45,Advanced
3733,30,29,1,96.67,17,10,9,10,0,1,0,Hard,9,81,58,Advanced
3734,30,24,6,80.0,27,8,7,9,2,3,1,Medium,5,61,49,Intermediate
3735,30,28,2,93.33,23,10,10,8,0,0,2,Hard,12,97,54,Advanced
3736,30,21,9,70.0,35,9,8,4,1,2,6,Medium,9,71,37,Intermediate
3737,30,17,13,56.67,38,8,6,3,2,4,7,Easy,5,44,29,Beginner
3738,30,21,9,70.0,32,10,8,3,0,2,7,Medium,5,72,35,Intermediate
3739,30,18,12,60.0,43,9,5,4,1,5,6,Easy,4,56,31,Beginner
3740,30,24,6,80.0,27,8,10,6,2,0,4,Medium,8,65,46,Intermediate
3741,30,24,6,80.0,25,8,8,8,2,2,2,Medium,5,80,48,Intermediate
3742,30,16,14,53.33,55,10,3,3,0,7,7,Easy,3,41,25,Beginner
3743,30,23,7,76.67,30,8,7,8,2,3,2,Medium,8,67,46,Intermediate
3744,30,18,12,60.0,40,7,5,6,3,5,4,Easy,5,56,35,Beginner
3745,30,20,10,66.67,37,8,10,2,2,0,8,Medium,8,79,34,Intermediate
3746,30,14,16,46.67,52,7,6,1,3,4,9,Easy,5,46,22,Beginner
3747,30,13,17,43.33,49,8,3,2,2,7,8,Easy,2,60,20,Beginner
3748,30,20,10,66.67,29,10,9,1,0,1,9,Medium,6,68,31,Intermediate
3749,30,13,17,43.33,53,7,5,1,3,5,9,Easy,3,47,20,Beginner
3750,30,24,6,80.0,27,9,7,8,1,3,2,Medium,8,64,47,Intermediate
3751,30,25,5,83.33,23,10,8,7,0,2,3,Hard,11,92,47,Advanced
3752,30,24,6,80.0,27,8,7,9,2,3,1,Medium,6,61,49,Intermediate
3753,30,20,10,66.67,28,9,7,4,1,3,6,Medium,5,73,35,Intermediate
3754,30,22,8,73.33,27,8,7,7,2,3,3,Medium,5,62,43,Intermediate
3755,30,19,11,63.33,36,10,7,2,0,3,8,Medium,5,62,30,Intermediate
3756,30,22,8,73.33,38,8,10,4,2,0,6,Medium,8,78,40,Intermediate
3757,30,15,15,50.0,46,9,6,0,1,4,10,Easy,4,57,21,Beginner
3758,30,26,4,86.67,20,10,10,6,0,0,4,Hard,13,85,48,Advanced
3759,30,25,5,83.33,18,10,8,7,0,2,3,Hard,13,93,47,Advanced
3760,30,28,2,93.33,25,10,8,10,0,2,0,Hard,10,92,56,Advanced
3761,30,17,13,56.67,48,8,5,4,2,5,6,Easy,5,40,30,Beginner
3762,30,14,16,46.67,51,10,3,1,0,7,9,Easy,3,48,19,Beginner
3763,30,10,20,33.33,43,7,4,0,3,6,11,Easy,5,45,15,Beginner
3764,30,21,9,70.0,37,8,10,3,2,0,7,Medium,7,78,37,Intermediate
3765,30,18,12,60.0,54,9,5,4,1,5,6,Easy,2,42,31,Beginner
3766,30,11,19,36.67,42,6,6,0,4,4,11,Easy,2,53,18,Beginner
3767,30,22,8,73.33,36,8,10,4,2,0,6,Medium,8,79,40,Intermediate
3768,30,25,5,83.33,23,10,10,5,0,0,5,Hard,13,93,45,Advanced
3769,30,24,6,80.0,27,9,8,7,1,2,3,Medium,9,80,46,Intermediate
3770,30,19,11,63.33,27,8,7,4,2,3,6,Medium,6,71,34,Intermediate
3771,30,13,17,43.33,40,8,3,2,2,7,8,Easy,4,52,20,Beginner
3772,30,23,7,76.67,32,10,10,3,0,0,7,Medium,9,70,39,Intermediate
3773,30,18,12,60.0,40,9,6,3,1,4,7,Easy,2,53,30,Beginner
3774,30,20,10,66.67,26,8,10,2,2,0,8,Medium,8,76,34,Intermediate
3775,30,24,6,80.0,27,10,9,5,0,1,5,Medium,9,68,43,Intermediate
3776,30,20,10,66.67,27,10,10,0,0,0,10,Medium,8,74,30,Intermediate
3777,30,25,5,83.33,20,10,9,6,0,1,4,Hard,14,91,46,Advanced
3778,30,17,13,56.67,52,10,6,1,0,4,9,Easy,4,48,25,Beginner
3779,30,18,12,60.0,44,7,4,7,3,6,3,Easy,5,48,36,Beginner
3780,30,23,7,76.67,35,9,9,5,1,1,5,Medium,8,74,42,Intermediate
3781,30,22,8,73.33,38,8,10,4,2,0,6,Medium,6,73,40,Intermediate
3782,30,22,8,73.33,29,8,9,5,2,1,5,Medium,7,62,41,Intermediate
3783,30,22,8,73.33,34,10,7,5,0,3,5,Medium,9,61,39,Intermediate
3784,30,20,10,66.67,38,8,8,4,2,2,6,Medium,7,75,36,Intermediate
3785,30,21,9,70.0,33,8,7,6,2,3,4,Medium,5,78,40,Intermediate
3786,30,27,3,90.0,23,10,9,8,0,1,2,Hard,9,98,52,Advanced
3787,30,16,14,53.33,41,7,3,6,3,7,4,Easy,4,40,31,Beginner
3788,30,29,1,96.67,22,10,8,11,0,2,0,Hard,8,87,59,Advanced
3789,30,30,0,100.0,17,10,8,12,0,2,0,Hard,15,91,62,Advanced
3790,30,25,5,83.33,21,10,10,5,0,0,5,Hard,8,86,45,Advanced
3791,30,12,18,40.0,46,8,5,0,2,5,11,Easy,4,40,18,Beginner
3792,30,20,10,66.67,32,9,9,2,1,1,8,Medium,9,76,33,Intermediate
3793,30,19,11,63.33,30,10,10,0,0,0,11,Medium,5,73,30,Intermediate
3794,30,28,2,93.33,15,10,10,8,0,0,2,Hard,13,86,54,Advanced
3795,30,29,1,96.67,15,10,10,9,0,0,1,Hard,10,100,57,Advanced
3796,30,25,5,83.33,15,10,9,6,0,1,4,Hard,10,90,46,Advanced
3797,30,30,0,100.0,22,10,8,12,0,2,0,Hard,15,82,62,Advanced
3798,30,21,9,70.0,30,8,9,4,2,1,6,Medium,7,66,38,Intermediate
3799,30,24,6,80.0,28,10,10,4,0,0,6,Medium,6,67,42,Intermediate
3800,30,28,2,93.33,22,10,9,9,0,1,1,Hard,11,94,55,Advanced
3801,30,13,17,43.33,39,7,5,1,3,5,9,Easy,2,54,20,Beginner
3802,30,12,18,40.0,57,10,6,0,0,4,14,Easy,4,54,22,Beginner
3803,30,27,3,90.0,20,10,9,8,0,1,2,Hard,11,97,52,Advanced
3804,30,13,17,43.33,43,10,6,0,0,4,13,Easy,5,48,22,Beginner
3805,30,18,12,60.0,43,9,5,4,1,5,6,Easy,4,50,31,Beginner
3806,30,25,5,83.33,18,10,8,7,0,2,3,Hard,13,91,47,Advanced
3807,30,22,8,73.33,34,9,8,5,1,2,5,Medium,7,70,40,Intermediate
3808,30,27,3,90.0,24,10,8,9,0,2,1,Hard,13,93,53,Advanced
3809,30,11,19,36.67,47,7,5,0,3,5,11,Easy,3,45,17,Beginner
3810,30,21,9,70.0,35,8,10,3,2,0,7,Medium,5,68,37,Intermediate
3811,30,24,6,80.0,34,10,7,7,0,3,3,Medium,5,79,45,Intermediate
3812,30,26,4,86.67,23,10,9,7,0,1,3,Hard,10,98,49,Advanced
3813,30,25,5,83.33,24,10,10,5,0,0,5,Hard,9,97,45,Advanced
3814,30,27,3,90.0,21,10,9,8,0,1,2,Hard,15,89,52,Advanced
3815,30,23,7,76.67,31,8,9,6,2,1,4,Medium,7,66,44,Intermediate
3816,30,25,5,83.33,15,10,8,7,0,2,3,Hard,10,95,47,Advanced
3817,30,24,6,80.0,27,10,9,5,0,1,5,Medium,5,71,43,Intermediate
3818,30,16,14,53.33,46,8,4,4,2,6,6,Easy,4,44,28,Beginner
3819,30,19,11,63.33,32,8,8,3,2,2,7,Medium,5,77,33,Intermediate
3820,30,14,16,46.67,50,10,5,0,0,5,11,Easy,5,60,20,Beginner
3821,30,30,0,100.0,20,10,10,10,0,0,0,Hard,14,89,60,Advanced
3822,30,23,7,76.67,37,10,8,5,0,2,5,Medium,6,73,41,Intermediate
3823,30,10,20,33.33,43,8,5,0,2,5,13,Easy,3,52,18,Beginner
3824,30,18,12,60.0,54,10,3,5,0,7,5,Easy,3,55,31,Beginner
3825,30,20,10,66.67,29,9,8,3,1,2,7,Medium,6,68,34,Intermediate
3826,30,24,6,80.0,37,8,10,6,2,0,4,Medium,5,67,46,Intermediate
3827,30,18,12,60.0,46,10,6,2,0,4,8,Easy,5,59,28,Beginner
3828,30,28,2,93.33,25,10,8,10,0,2,0,Hard,12,99,56,Advanced
3829,30,19,11,63.33,38,8,10,1,2,0,9,Medium,9,69,31,Intermediate
3830,30,23,7,76.67,30,9,8,6,1,2,4,Medium,7,68,43,Intermediate
3831,30,22,8,73.33,28,8,8,6,2,2,4,Medium,6,66,42,Intermediate
3832,30,23,7,76.67,27,10,8,5,0,2,5,Medium,8,78,41,Intermediate
3833,30,23,7,76.67,26,10,7,6,0,3,4,Medium,6,66,42,Intermediate
3834,30,22,8,73.33,34,10,10,2,0,0,8,Medium,9,62,36,Intermediate
3835,30,11,19,36.67,43,8,3,0,2,7,10,Easy,4,55,14,Beginner
3836,30,26,4,86.67,18,10,9,7,0,1,3,Hard,8,96,49,Advanced
3837,30,26,4,86.67,24,10,8,8,0,2,2,Hard,15,93,50,Advanced
3838,30,15,15,50.0,39,6,5,4,4,5,6,Easy,4,56,28,Beginner
3839,30,14,16,46.67,40,7,5,2,3,5,8,Easy,3,58,23,Beginner
3840,30,19,11,63.33,35,10,7,2,0,3,8,Medium,9,77,30,Intermediate
3841,30,20,10,66.67,30,10,10,0,0,0,10,Medium,7,72,30,Intermediate
3842,30,20,10,66.67,25,10,8,2,0,2,8,Medium,7,70,32,Intermediate
3843,30,11,19,36.67,50,9,6,0,1,4,14,Easy,2,44,21,Beginner
3844,30,22,8,73.33,28,10,9,3,0,1,7,Medium,7,61,37,Intermediate
3845,30,12,18,40.0,47,10,4,0,0,6,12,Easy,2,48,18,Beginner
3846,30,23,7,76.67,27,8,8,7,2,2,3,Medium,7,64,45,Intermediate
3847,30,21,9,70.0,29,8,7,6,2,3,4,Medium,9,75,40,Intermediate
3848,30,26,4,86.67,25,10,10,6,0,0,4,Hard,14,96,48,Advanced
3849,30,13,17,43.33,41,9,4,0,1,6,10,Easy,2,49,17,Beginner
3850,30,21,9,70.0,27,8,9,4,2,1,6,Medium,6,76,38,Intermediate
3851,30,17,13,56.67,58,8,3,6,2,7,4,Easy,4,49,32,Beginner
3852,30,28,2,93.33,20,10,10,8,0,0,2,Hard,13,89,54,Advanced
3853,30,16,14,53.33,60,7,5,4,3,5,6,Easy,2,42,29,Beginner
3854,30,24,6,80.0,33,9,7,8,1,3,2,Medium,8,63,47,Intermediate
3855,30,27,3,90.0,22,10,8,9,0,2,1,Hard,8,100,53,Advanced
3856,30,15,15,50.0,52,9,5,1,1,5,9,Easy,5,42,22,Beginner
3857,30,18,12,60.0,45,8,5,5,2,5,5,Easy,3,45,33,Beginner
3858,30,25,5,83.33,25,10,10,5,0,0,5,Hard,13,93,45,Advanced
3859,30,14,16,46.67,43,6,6,2,4,4,8,Easy,4,59,24,Beginner
3860,30,27,3,90.0,25,10,10,7,0,0,3,Hard,11,85,51,Advanced
3861,30,20,10,66.67,37,10,8,2,0,2,8,Medium,8,61,32,Intermediate
3862,30,25,5,83.33,15,10,10,5,0,0,5,Hard,13,88,45,Advanced
3863,30,28,2,93.33,25,10,8,10,0,2,0,Hard,9,87,56,Advanced
3864,30,13,17,43.33,53,10,5,0,0,5,12,Easy,4,56,20,Beginner
3865,30,14,16,46.67,39,7,4,3,3,6,7,Easy,3,57,24,Beginner
3866,30,12,18,40.0,39,10,5,0,0,5,13,Easy,5,43,20,Beginner
3867,30,24,6,80.0,26,10,8,6,0,2,4,Medium,8,68,44,Intermediate
3868,30,10,20,33.33,54,9,5,0,1,5,14,Easy,3,50,19,Beginner
3869,30,20,10,66.67,26,10,9,1,0,1,9,Medium,7,74,31,Intermediate
3870,30,29,1,96.67,24,10,9,10,0,1,0,Hard,8,84,58,Advanced
3871,30,28,2,93.33,22,10,9,9,0,1,1,Hard,13,83,55,Advanced
3872,30,20,10,66.67,27,10,9,1,0,1,9,Medium,6,78,31,Intermediate
3873,30,12,18,40.0,55,8,5,0,2,5,11,Easy,3,51,18,Beginner
3874,30,26,4,86.67,16,10,9,7,0,1,3,Hard,13,93,49,Advanced
3875,30,12,18,40.0,42,7,3,2,3,7,8,Easy,4,45,19,Beginner
3876,30,28,2,93.33,21,10,10,8,0,0,2,Hard,14,94,54,Advanced
3877,30,15,15,50.0,43,6,5,4,4,5,6,Easy,3,50,28,Beginner
3878,30,13,17,43.33,46,6,4,3,4,6,7,Easy,2,53,23,Beginner
3879,30,21,9,70.0,34,10,8,3,0,2,7,Medium,9,73,35,Intermediate
3880,30,15,15,50.0,53,6,5,4,4,5,6,Easy,4,57,28,Beginner
3881,30,27,3,90.0,20,10,10,7,0,0,3,Hard,9,100,51,Advanced
3882,30,17,13,56.67,57,8,5,4,2,5,6,Easy,4,56,30,Beginner
3883,30,24,6,80.0,34,10,9,5,0,1,5,Medium,7,75,43,Intermediate
3884,30,27,3,90.0,17,10,9,8,0,1,2,Hard,12,83,52,Advanced
3885,30,19,11,63.33,35,10,10,0,0,0,11,Medium,7,61,30,Intermediate
3886,30,22,8,73.33,29,8,9,5,2,1,5,Medium,7,65,41,Intermediate
3887,30,25,5,83.33,19,10,8,7,0,2,3,Hard,15,91,47,Advanced
3888,30,20,10,66.67,37,9,10,1,1,0,9,Medium,9,79,32,Intermediate
3889,30,24,6,80.0,38,9,8,7,1,2,3,Medium,5,65,46,Intermediate
3890,30,25,5,83.33,19,10,8,7,0,2,3,Hard,13,95,47,Advanced
3891,30,24,6,80.0,32,10,7,7,0,3,3,Medium,8,75,45,Intermediate
3892,30,22,8,73.33,34,8,9,5,2,1,5,Medium,5,78,41,Intermediate
3893,30,13,17,43.33,43,8,3,2,2,7,8,Easy,3,44,20,Beginner
3894,30,12,18,40.0,39,6,6,0,4,4,10,Easy,5,57,18,Beginner
3895,30,13,17,43.33,59,10,5,0,0,5,12,Easy,4,49,20,Beginner
3896,30,15,15,50.0,41,10,4,1,0,6,9,Easy,5,43,21,Beginner
3897,30,27,3,90.0,22,10,8,9,0,2,1,Hard,14,92,53,Advanced
3898,30,28,2,93.33,24,10,8,10,0,2,0,Hard,9,86,56,Advanced
3899,30,23,7,76.67,38,10,10,3,0,0,7,Medium,5,75,39,Intermediate
3900,30,24,6,80.0,37,10,7,7,0,3,3,Medium,8,79,45,Intermediate
3901,30,19,11,63.33,38,10,9,0,0,1,10,Medium,8,70,28,Intermediate
3902,30,26,4,86.67,25,10,9,7,0,1,3,Hard,13,87,49,Advanced
3903,30,23,7,76.67,26,8,9,6,2,1,4,Medium,9,69,44,Intermediate
3904,30,19,11,63.33,35,10,7,2,0,3,8,Medium,8,68,30,Intermediate
3905,30,17,13,56.67,57,6,5,6,4,5,4,Easy,5,56,34,Beginner
3906,30,23,7,76.67,26,10,8,5,0,2,5,Medium,9,64,41,Intermediate
3907,30,29,1,96.67,24,10,9,10,0,1,0,Hard,15,95,58,Advanced
3908,30,30,0,100.0,15,10,8,12,0,2,0,Hard,11,88,62,Advanced
3909,30,29,1,96.67,20,10,9,10,0,1,0,Hard,10,100,58,Advanced
3910,30,17,13,56.67,50,9,4,4,1,6,6,Easy,3,44,29,Beginner
3911,30,28,2,93.33,15,10,8,10,0,2,0,Hard,15,99,56,Advanced
3912,30,11,19,36.67,43,7,3,1,3,7,9,Easy,4,55,16,Beginner
3913,30,26,4,86.67,22,10,8,8,0,2,2,Hard,9,90,50,Advanced
3914,30,10,20,33.33,51,7,4,0,3,6,11,Easy,3,45,15,Beginner
3915,30,30,0,100.0,21,10,8,12,0,2,0,Hard,11,89,62,Advanced
3916,30,14,16,46.67,56,10,3,1,0,7,9,Easy,4,56,19,Beginner
3917,30,11,19,36.67,60,9,6,0,1,4,14,Easy,4,56,21,Beginner
3918,30,10,20,33.33,38,9,3,0,1,7,12,Easy,5,41,15,Beginner
3919,30,19,11,63.33,32,10,7,2,0,3,8,Medium,6,80,30,Intermediate
3920,30,14,16,46.67,42,6,4,4,4,6,6,Easy,3,54,26,Beginner
3921,30,12,18,40.0,58,8,5,0,2,5,11,Easy,5,40,18,Beginner
3922,30,19,11,63.33,34,10,9,0,0,1,10,Medium,5,78,28,Intermediate
3923,30,30,0,100.0,22,10,10,10,0,0,0,Hard,12,84,60,Advanced
3924,30,13,17,43.33,40,9,6,0,1,4,12,Easy,2,56,21,Beginner
3925,30,29,1,96.67,20,10,10,9,0,0,1,Hard,8,96,57,Advanced
3926,30,22,8,73.33,29,9,7,6,1,3,4,Medium,7,76,41,Intermediate
3927,30,19,11,63.33,25,9,10,0,1,0,10,Medium,7,61,29,Intermediate
3928,30,18,12,60.0,58,7,6,5,3,4,5,Easy,3,52,34,Beginner
3929,30,19,11,63.33,30,8,10,1,2,0,9,Medium,5,72,31,Intermediate
3930,30,29,1,96.67,17,10,8,11,0,2,0,Hard,13,84,59,Advanced
3931,30,19,11,63.33,28,8,8,3,2,2,7,Medium,8,67,33,Intermediate
3932,30,22,8,73.33,25,8,10,4,2,0,6,Medium,9,63,40,Intermediate
3933,30,15,15,50.0,53,7,3,5,3,7,5,Easy,2,53,28,Beginner
3934,30,26,4,86.67,25,10,9,7,0,1,3,Hard,9,92,49,Advanced
3935,30,14,16,46.67,42,10,6,0,0,4,12,Easy,4,44,22,Beginner
3936,30,11,19,36.67,50,9,5,0,1,5,13,Easy,5,47,19,Beginner
3937,30,18,12,60.0,47,7,6,5,3,4,5,Easy,5,47,34,Beginner
3938,30,12,18,40.0,43,10,5,0,0,5,13,Easy,2,41,20,Beginner
3939,30,11,19,36.67,44,7,3,1,3,7,9,Easy,4,42,16,Beginner
3940,30,24,6,80.0,36,10,8,6,0,2,4,Medium,5,69,44,Intermediate
3941,30,24,6,80.0,31,10,7,7,0,3,3,Medium,7,63,45,Intermediate
3942,30,27,3,90.0,19,10,10,7,0,0,3,Hard,8,95,51,Advanced
3943,30,23,7,76.67,36,8,7,8,2,3,2,Medium,5,72,46,Intermediate
3944,30,26,4,86.67,18,10,10,6,0,0,4,Hard,12,82,48,Advanced
3945,30,20,10,66.67,26,10,8,2,0,2,8,Medium,6,62,32,Intermediate
3946,30,21,9,70.0,26,10,8,3,0,2,7,Medium,9,68,35,Intermediate
3947,30,13,17,43.33,59,9,3,1,1,7,9,Easy,4,52,18,Beginner
3948,30,12,18,40.0,57,7,6,0,3,4,11,Easy,2,52,19,Beginner
3949,30,15,15,50.0,59,6,4,5,4,6,5,Easy,5,47,29,Beginner
3950,30,23,7,76.67,30,9,7,7,1,3,3,Medium,5,79,44,Intermediate
3951,30,12,18,40.0,51,7,3,2,3,7,8,Easy,3,58,19,Beginner
3952,30,27,3,90.0,15,10,8,9,0,2,1,Hard,8,82,53,Advanced
3953,30,22,8,73.33,25,8,9,5,2,1,5,Medium,7,62,41,Intermediate
3954,30,10,20,33.33,60,8,5,0,2,5,13,Easy,3,41,18,Beginner
3955,30,24,6,80.0,32,10,8,6,0,2,4,Medium,7,78,44,Intermediate
3956,30,22,8,73.33,31,8,8,6,2,2,4,Medium,6,63,42,Intermediate
3957,30,21,9,70.0,33,9,7,5,1,3,5,Medium,7,67,38,Intermediate
3958,30,12,18,40.0,54,6,6,0,4,4,10,Easy,2,56,18,Beginner
3959,30,28,2,93.33,17,10,9,9,0,1,1,Hard,11,95,55,Advanced
3960,30,12,18,40.0,48,10,5,0,0,5,13,Easy,3,46,20,Beginner
3961,30,29,1,96.67,19,10,10,9,0,0,1,Hard,15,96,57,Advanced
3962,30,26,4,86.67,17,10,10,6,0,0,4,Hard,15,92,48,Advanced
3963,30,15,15,50.0,48,6,6,3,4,4,7,Easy,5,57,27,Beginner
3964,30,30,0,100.0,21,10,8,12,0,2,0,Hard,15,82,62,Advanced
3965,30,18,12,60.0,56,7,6,5,3,4,5,Easy,3,46,34,Beginner
3966,30,24,6,80.0,32,8,7,9,2,3,1,Medium,5,62,49,Intermediate
3967,30,10,20,33.33,38,8,3,0,2,7,11,Easy,2,47,14,Beginner
3968,30,21,9,70.0,30,10,9,2,0,1,8,Medium,9,74,34,Intermediate
3969,30,14,16,46.67,59,7,3,4,3,7,6,Easy,3,47,25,Beginner
3970,30,10,20,33.33,43,9,5,0,1,5,14,Easy,3,42,19,Beginner
3971,30,10,20,33.33,59,9,6,0,1,4,15,Easy,3,45,21,Beginner
3972,30,19,11,63.33,35,10,8,1,0,2,9,Medium,5,69,29,Intermediate
3973,30,20,10,66.67,30,8,10,2,2,0,8,Medium,5,64,34,Intermediate
3974,30,17,13,56.67,60,10,4,3,0,6,7,Easy,2,53,27,Beginner
3975,30,15,15,50.0,58,7,5,3,3,5,7,Easy,5,55,26,Beginner
3976,30,15,15,50.0,48,10,3,2,0,7,8,Easy,2,56,22,Beginner
3977,30,18,12,60.0,48,6,4,8,4,6,2,Easy,4,48,38,Beginner
3978,30,27,3,90.0,22,10,10,7,0,0,3,Hard,9,97,51,Advanced
3979,30,29,1,96.67,21,10,8,11,0,2,0,Hard,9,85,59,Advanced
3980,30,22,8,73.33,37,8,7,7,2,3,3,Medium,5,65,43,Intermediate
3981,30,21,9,70.0,31,8,9,4,2,1,6,Medium,6,70,38,Intermediate
3982,30,11,19,36.67,51,9,5,0,1,5,13,Easy,4,49,19,Beginner
3983,30,17,13,56.67,43,7,6,4,3,4,6,Easy,2,50,31,Beginner
3984,30,21,9,70.0,38,10,10,1,0,0,9,Medium,9,62,33,Intermediate
3985,30,26,4,86.67,23,10,9,7,0,1,3,Hard,15,83,49,Advanced
3986,30,20,10,66.67,33,10,9,1,0,1,9,Medium,9,67,31,Intermediate
3987,30,19,11,63.33,35,10,8,1,0,2,9,Medium,5,65,29,Intermediate
3988,30,13,17,43.33,55,9,5,0,1,5,11,Easy,4,43,19,Beginner
3989,30,11,19,36.67,38,9,3,0,1,7,11,Easy,4,44,15,Beginner
3990,30,22,8,73.33,33,10,7,5,0,3,5,Medium,5,77,39,Intermediate
3991,30,26,4,86.67,20,10,10,6,0,0,4,Hard,12,88,48,Advanced
3992,30,10,20,33.33,45,9,6,0,1,4,15,Easy,3,44,21,Beginner
3993,30,21,9,70.0,33,8,7,6,2,3,4,Medium,6,66,40,Intermediate
3994,30,28,2,93.33,16,10,10,8,0,0,2,Hard,11,86,54,Advanced
3995,30,29,1,96.67,22,10,9,10,0,1,0,Hard,8,83,58,Advanced
3996,30,25,5,83.33,18,10,9,6,0,1,4,Hard,9,86,46,Advanced
3997,30,11,19,36.67,57,8,4,0,2,6,11,Easy,3,47,16,Beginner
3998,30,22,8,73.33,35,10,9,3,0,1,7,Medium,5,80,37,Intermediate
3999,30,17,13,56.67,46,8,5,4,2,5,6,Easy,5,56,30,Beginner
4000,30,10,20,33.33,54,7,3,0,3,7,10,Easy,4,43,13,Beginner
4001,30,19,11,63.33,25,8,9,2,2,1,8,Medium,6,77,32,Intermediate
4002,30,28,2,93.33,17,10,10,8,0,0,2,Hard,11,90,54,Advanced
4003,30,12,18,40.0,47,8,6,0,2,4,12,Easy,5,45,20,Beginner
4004,30,10,20,33.33,47,7,6,0,3,4,13,Easy,2,46,19,Beginner
4005,30,21,9,70.0,26,8,9,4,2,1,6,Medium,9,66,38,Intermediate
4006,30,26,4,86.67,20,10,8,8,0,2,2,Hard,9,91,50,Advanced
4007,30,23,7,76.67,34,10,9,4,0,1,6,Medium,8,68,40,Intermediate
4008,30,12,18,40.0,44,9,5,0,1,5,12,Easy,4,46,19,Beginner
4009,30,19,11,63.33,38,8,8,3,2,2,7,Medium,7,78,33,Intermediate
4010,30,24,6,80.0,25,9,10,5,1,0,5,Medium,6,67,44,Intermediate
4011,30,17,13,56.67,56,6,6,5,4,4,5,Easy,2,54,33,Beginner
4012,30,26,4,86.67,23,10,10,6,0,0,4,Hard,11,82,48,Advanced
4013,30,20,10,66.67,27,8,9,3,2,1,7,Medium,5,77,35,Intermediate
4014,30,29,1,96.67,15,10,10,9,0,0,1,Hard,13,98,57,Advanced
4015,30,26,4,86.67,19,10,10,6,0,0,4,Hard,14,82,48,Advanced
4016,30,21,9,70.0,26,10,9,2,0,1,8,Medium,7,77,34,Intermediate
4017,30,23,7,76.67,38,8,8,7,2,2,3,Medium,9,78,45,Intermediate
4018,30,19,11,63.33,28,9,9,1,1,1,9,Medium,7,66,30,Intermediate
4019,30,17,13,56.67,51,9,4,4,1,6,6,Easy,2,46,29,Beginner
4020,30,27,3,90.0,15,10,10,7,0,0,3,Hard,15,93,51,Advanced
4021,30,11,19,36.67,60,9,5,0,1,5,13,Easy,4,53,19,Beginner
4022,30,14,16,46.67,47,9,3,2,1,7,8,Easy,3,54,21,Beginner
4023,30,16,14,53.33,39,8,6,2,2,4,8,Easy,5,54,26,Beginner
4024,30,22,8,73.33,26,10,7,5,0,3,5,Medium,5,61,39,Intermediate
4025,30,28,2,93.33,18,10,10,8,0,0,2,Hard,9,97,54,Advanced
4026,30,14,16,46.67,49,8,5,1,2,5,9,Easy,3,45,21,Beginner
4027,30,15,15,50.0,53,10,6,0,0,4,11,Easy,3,53,22,Beginner
4028,30,20,10,66.67,38,10,7,3,0,3,7,Medium,8,69,33,Intermediate
4029,30,29,1,96.67,20,10,10,9,0,0,1,Hard,13,84,57,Advanced
4030,30,25,5,83.33,18,10,10,5,0,0,5,Hard,13,88,45,Advanced
4031,30,14,16,46.67,47,8,5,1,2,5,9,Easy,3,58,21,Beginner
4032,30,25,5,83.33,20,10,10,5,0,0,5,Hard,10,83,45,Advanced
4033,30,14,16,46.67,60,8,3,3,2,7,7,Easy,3,58,23,Beginner
4034,30,21,9,70.0,32,9,10,2,1,0,8,Medium,5,65,35,Intermediate
4035,30,30,0,100.0,25,10,10,10,0,0,0,Hard,14,85,60,Advanced
4036,30,13,17,43.33,40,9,6,0,1,4,12,Easy,3,60,21,Beginner
4037,30,27,3,90.0,16,10,8,9,0,2,1,Hard,9,91,53,Advanced
4038,30,21,9,70.0,36,10,10,1,0,0,9,Medium,5,69,33,Intermediate
4039,30,30,0,100.0,25,10,8,12,0,2,0,Hard,12,91,62,Advanced
4040,30,14,16,46.67,50,8,4,2,2,6,8,Easy,2,56,22,Beginner
4041,30,23,7,76.67,29,8,7,8,2,3,2,Medium,5,69,46,Intermediate
4042,30,19,11,63.33,32,8,9,2,2,1,8,Medium,6,79,32,Intermediate
4043,30,16,14,53.33,57,10,3,3,0,7,7,Easy,3,55,25,Beginner
4044,30,26,4,86.67,20,10,9,7,0,1,3,Hard,11,97,49,Advanced
4045,30,27,3,90.0,17,10,10,7,0,0,3,Hard,13,82,51,Advanced
4046,30,20,10,66.67,27,10,9,1,0,1,9,Medium,9,66,31,Intermediate
4047,30,20,10,66.67,26,9,7,4,1,3,6,Medium,6,66,35,Intermediate
4048,30,27,3,90.0,16,10,10,7,0,0,3,Hard,13,93,51,Advanced
4049,30,21,9,70.0,26,8,7,6,2,3,4,Medium,6,72,40,Intermediate
4050,30,26,4,86.67,17,10,8,8,0,2,2,Hard,11,81,50,Advanced
4051,30,18,12,60.0,39,9,5,4,1,5,6,Easy,4,48,31,Beginner
4052,30,28,2,93.33,15,10,8,10,0,2,0,Hard,13,92,56,Advanced
4053,30,28,2,93.33,16,10,9,9,0,1,1,Hard,12,100,55,Advanced
4054,30,14,16,46.67,46,8,4,2,2,6,8,Easy,5,57,22,Beginner
4055,30,24,6,80.0,27,8,9,7,2,1,3,Medium,8,64,47,Intermediate
4056,30,16,14,53.33,58,10,6,0,0,4,10,Easy,4,47,22,Beginner
4057,30,19,11,63.33,36,9,8,2,1,2,8,Medium,6,64,31,Intermediate
4058,30,16,14,53.33,38,10,4,2,0,6,8,Easy,4,56,24,Beginner
4059,30,25,5,83.33,25,10,9,6,0,1,4,Hard,9,83,46,Advanced
4060,30,13,17,43.33,57,10,5,0,0,5,12,Easy,4,51,20,Beginner
4061,30,21,9,70.0,31,8,7,6,2,3,4,Medium,6,70,40,Intermediate
4062,30,23,7,76.67,34,10,7,6,0,3,4,Medium,8,67,42,Intermediate
4063,30,12,18,40.0,38,10,6,0,0,4,14,Easy,3,44,22,Beginner
4064,30,27,3,90.0,20,10,10,7,0,0,3,Hard,8,83,51,Advanced
4065,30,29,1,96.67,23,10,9,10,0,1,0,Hard,8,91,58,Advanced
4066,30,29,1,96.67,19,10,10,9,0,0,1,Hard,9,91,57,Advanced
4067,30,23,7,76.67,35,8,9,6,2,1,4,Medium,7,74,44,Intermediate
4068,30,19,11,63.33,37,8,9,2,2,1,8,Medium,5,74,32,Intermediate
4069,30,21,9,70.0,25,8,8,5,2,2,5,Medium,6,62,39,Intermediate
4070,30,24,6,80.0,26,8,10,6,2,0,4,Medium,6,64,46,Intermediate
4071,30,24,6,80.0,30,8,7,9,2,3,1,Medium,8,80,49,Intermediate
4072,30,26,4,86.67,15,10,9,7,0,1,3,Hard,10,86,49,Advanced
4073,30,19,11,63.33,36,9,8,2,1,2,8,Medium,8,66,31,Intermediate
4074,30,29,1,96.67,19,10,10,9,0,0,1,Hard,14,100,57,Advanced
4075,30,12,18,40.0,47,8,4,0,2,6,10,Easy,2,53,16,Beginner
4076,30,18,12,60.0,58,9,6,3,1,4,7,Easy,2,56,30,Beginner
4077,30,21,9,70.0,31,8,7,6,2,3,4,Medium,6,68,40,Intermediate
4078,30,21,9,70.0,30,9,10,2,1,0,8,Medium,6,63,35,Intermediate
4079,30,26,4,86.67,24,10,10,6,0,0,4,Hard,9,84,48,Advanced
4080,30,19,11,63.33,28,8,8,3,2,2,7,Medium,8,74,33,Intermediate
4081,30,19,11,63.33,27,10,9,0,0,1,10,Medium,6,78,28,Intermediate
4082,30,28,2,93.33,23,10,10,8,0,0,2,Hard,14,91,54,Advanced
4083,30,28,2,93.33,16,10,10,8,0,0,2,Hard,8,83,54,Advanced
4084,30,19,11,63.33,30,8,8,3,2,2,7,Medium,5,64,33,Intermediate
4085,30,12,18,40.0,40,8,5,0,2,5,11,Easy,5,53,18,Beginner
4086,30,14,16,46.67,51,8,5,1,2,5,9,Easy,4,47,21,Beginner
4087,30,28,2,93.33,21,10,9,9,0,1,1,Hard,15,99,55,Advanced
4088,30,13,17,43.33,39,9,4,0,1,6,10,Easy,2,43,17,Beginner
4089,30,29,1,96.67,17,10,10,9,0,0,1,Hard,8,92,57,Advanced
4090,30,23,7,76.67,38,10,9,4,0,1,6,Medium,6,75,40,Intermediate
4091,30,27,3,90.0,24,10,9,8,0,1,2,Hard,8,96,52,Advanced
4092,30,22,8,73.33,31,8,10,4,2,0,6,Medium,9,78,40,Intermediate
4093,30,27,3,90.0,15,10,10,7,0,0,3,Hard,8,85,51,Advanced
4094,30,20,10,66.67,32,9,10,1,1,0,9,Medium,7,64,32,Intermediate
4095,30,21,9,70.0,32,8,8,5,2,2,5,Medium,5,76,39,Intermediate
4096,30,26,4,86.67,17,10,8,8,0,2,2,Hard,8,95,50,Advanced
4097,30,27,3,90.0,18,10,10,7,0,0,3,Hard,12,88,51,Advanced
4098,30,10,20,33.33,51,8,4,0,2,6,12,Easy,4,54,16,Beginner
4099,30,12,18,40.0,56,8,4,0,2,6,10,Easy,5,54,16,Beginner
4100,30,19,11,63.33,35,10,10,0,0,0,11,Medium,8,61,30,Intermediate
4101,30,16,14,53.33,58,7,5,4,3,5,6,Easy,3,45,29,Beginner
4102,30,10,20,33.33,43,6,6,0,4,4,12,Easy,2,41,18,Beginner
4103,30,20,10,66.67,35,9,8,3,1,2,7,Medium,8,73,34,Intermediate
4104,30,23,7,76.67,32,8,8,7,2,2,3,Medium,5,76,45,Intermediate
4105,30,27,3,90.0,25,10,10,7,0,0,3,Hard,10,95,51,Advanced
4106,30,21,9,70.0,36,8,10,3,2,0,7,Medium,9,61,37,Intermediate
4107,30,29,1,96.67,16,10,8,11,0,2,0,Hard,8,87,59,Advanced
4108,30,10,20,33.33,46,10,5,0,0,5,15,Easy,2,41,20,Beginner
4109,30,17,13,56.67,39,10,5,2,0,5,8,Easy,3,48,26,Beginner
4110,30,28,2,93.33,18,10,10,8,0,0,2,Hard,15,93,54,Advanced
4111,30,25,5,83.33,22,10,8,7,0,2,3,Hard,9,97,47,Advanced
4112,30,27,3,90.0,16,10,10,7,0,0,3,Hard,8,81,51,Advanced
4113,30,30,0,100.0,16,10,9,11,0,1,0,Hard,10,87,61,Advanced
4114,30,26,4,86.67,23,10,10,6,0,0,4,Hard,9,84,48,Advanced
4115,30,25,5,83.33,24,10,9,6,0,1,4,Hard,13,95,46,Advanced
4116,30,23,7,76.67,37,10,9,4,0,1,6,Medium,9,68,40,Intermediate
4117,30,28,2,93.33,15,10,10,8,0,0,2,Hard,9,96,54,Advanced
4118,30,21,9,70.0,26,8,9,4,2,1,6,Medium,5,73,38,Intermediate
4119,30,20,10,66.67,35,10,7,3,0,3,7,Medium,6,61,33,Intermediate
4120,30,17,13,56.67,54,9,3,5,1,7,5,Easy,4,40,30,Beginner
4121,30,19,11,63.33,26,8,9,2,2,1,8,Medium,8,79,32,Intermediate
4122,30,27,3,90.0,21,10,9,8,0,1,2,Hard,9,100,52,Advanced
4123,30,13,17,43.33,55,10,5,0,0,5,12,Easy,3,42,20,Beginner
4124,30,11,19,36.67,43,9,4,0,1,6,12,Easy,2,40,17,Beginner
4125,30,18,12,60.0,58,9,4,5,1,6,5,Easy,5,51,32,Beginner
4126,30,20,10,66.67,33,9,9,2,1,1,8,Medium,6,69,33,Intermediate
4127,30,29,1,96.67,23,10,10,9,0,0,1,Hard,10,99,57,Advanced
4128,30,17,13,56.67,52,7,3,7,3,7,3,Easy,4,45,34,Beginner
4129,30,29,1,96.67,17,10,9,10,0,1,0,Hard,11,95,58,Advanced
4130,30,14,16,46.67,48,8,3,3,2,7,7,Easy,4,51,23,Beginner
4131,30,23,7,76.67,34,10,7,6,0,3,4,Medium,7,65,42,Intermediate
4132,30,28,2,93.33,22,10,10,8,0,0,2,Hard,14,95,54,Advanced
4133,30,24,6,80.0,28,9,9,6,1,1,4,Medium,5,70,45,Intermediate
4134,30,14,16,46.67,42,6,3,5,4,7,5,Easy,3,44,27,Beginner
4135,30,29,1,96.67,24,10,10,9,0,0,1,Hard,15,85,57,Advanced
4136,30,24,6,80.0,29,8,10,6,2,0,4,Medium,8,80,46,Intermediate
4137,30,22,8,73.33,27,10,9,3,0,1,7,Medium,8,77,37,Intermediate
4138,30,19,11,63.33,34,10,8,1,0,2,9,Medium,9,64,29,Intermediate
4139,30,28,2,93.33,24,10,10,8,0,0,2,Hard,11,99,54,Advanced
4140,30,12,18,40.0,45,10,6,0,0,4,14,Easy,2,46,22,Beginner
4141,30,22,8,73.33,34,9,10,3,1,0,7,Medium,6,67,38,Intermediate
4142,30,23,7,76.67,25,9,7,7,1,3,3,Medium,5,77,44,Intermediate
4143,30,30,0,100.0,25,10,10,10,0,0,0,Hard,9,82,60,Advanced
4144,30,10,20,33.33,58,7,4,0,3,6,11,Easy,5,47,15,Beginner
4145,30,20,10,66.67,33,9,7,4,1,3,6,Medium,6,69,35,Intermediate
4146,30,14,16,46.67,44,9,5,0,1,5,10,Easy,2,45,19,Beginner
4147,30,24,6,80.0,27,9,8,7,1,2,3,Medium,7,68,46,Intermediate
4148,30,26,4,86.67,17,10,8,8,0,2,2,Hard,8,88,50,Advanced
4149,30,23,7,76.67,25,10,7,6,0,3,4,Medium,7,68,42,Intermediate
4150,30,27,3,90.0,23,10,10,7,0,0,3,Hard,13,98,51,Advanced
4151,30,22,8,73.33,35,10,7,5,0,3,5,Medium,9,61,39,Intermediate
4152,30,23,7,76.67,30,10,9,4,0,1,6,Medium,6,65,40,Intermediate
4153,30,25,5,83.33,18,10,9,6,0,1,4,Hard,12,94,46,Advanced
4154,30,20,10,66.67,32,8,7,5,2,3,5,Medium,9,73,37,Intermediate
4155,30,30,0,100.0,21,10,10,10,0,0,0,Hard,8,84,60,Advanced
4156,30,23,7,76.67,26,9,9,5,1,1,5,Medium,8,68,42,Intermediate
4157,30,25,5,83.33,15,10,9,6,0,1,4,Hard,9,94,46,Advanced
4158,30,23,7,76.67,34,8,8,7,2,2,3,Medium,6,73,45,Intermediate
4159,30,25,5,83.33,24,10,9,6,0,1,4,Hard,12,84,46,Advanced
4160,30,28,2,93.33,24,10,8,10,0,2,0,Hard,15,94,56,Advanced
4161,30,13,17,43.33,56,8,5,0,2,5,10,Easy,4,46,18,Beginner
4162,30,26,4,86.67,21,10,9,7,0,1,3,Hard,9,81,49,Advanced
4163,30,29,1,96.67,25,10,9,10,0,1,0,Hard,12,84,58,Advanced
4164,30,23,7,76.67,34,10,8,5,0,2,5,Medium,5,76,41,Intermediate
4165,30,27,3,90.0,20,10,9,8,0,1,2,Hard,9,97,52,Advanced
4166,30,11,19,36.67,43,9,3,0,1,7,11,Easy,5,45,15,Beginner
4167,30,17,13,56.67,44,10,3,4,0,7,6,Easy,4,45,28,Beginner
4168,30,18,12,60.0,53,7,3,8,3,7,2,Easy,5,55,37,Beginner
4169,30,22,8,73.33,29,10,8,4,0,2,6,Medium,7,78,38,Intermediate
4170,30,16,14,53.33,44,9,5,2,1,5,8,Easy,5,45,25,Beginner
4171,30,14,16,46.67,40,10,4,0,0,6,10,Easy,5,55,18,Beginner
4172,30,29,1,96.67,23,10,10,9,0,0,1,Hard,11,99,57,Advanced
4173,30,16,14,53.33,39,7,4,5,3,6,5,Easy,4,54,30,Beginner
4174,30,22,8,73.33,26,8,10,4,2,0,6,Medium,9,63,40,Intermediate
4175,30,18,12,60.0,58,8,4,6,2,6,4,Easy,2,54,34,Beginner
4176,30,21,9,70.0,28,9,8,4,1,2,6,Medium,9,71,37,Intermediate
4177,30,19,11,63.33,28,10,10,0,0,0,11,Medium,9,63,30,Intermediate
4178,30,30,0,100.0,19,10,9,11,0,1,0,Hard,11,97,61,Advanced
4179,30,27,3,90.0,25,10,9,8,0,1,2,Hard,10,87,52,Advanced
4180,30,16,14,53.33,48,6,6,4,4,4,6,Easy,5,60,30,Beginner
4181,30,26,4,86.67,15,10,10,6,0,0,4,Hard,12,85,48,Advanced
4182,30,21,9,70.0,28,10,8,3,0,2,7,Medium,6,74,35,Intermediate
4183,30,19,11,63.33,26,9,7,3,1,3,7,Medium,5,62,32,Intermediate
4184,30,30,0,100.0,22,10,8,12,0,2,0,Hard,10,97,62,Advanced
4185,30,29,1,96.67,16,10,8,11,0,2,0,Hard,11,98,59,Advanced
4186,30,22,8,73.33,35,8,9,5,2,1,5,Medium,8,70,41,Intermediate
4187,30,30,0,100.0,17,10,9,11,0,1,0,Hard,10,96,61,Advanced
4188,30,20,10,66.67,31,8,9,3,2,1,7,Medium,6,78,35,Intermediate
4189,30,10,20,33.33,53,8,6,0,2,4,14,Easy,4,49,20,Beginner
4190,30,29,1,96.67,17,10,9,10,0,1,0,Hard,12,83,58,Advanced
4191,30,12,18,40.0,47,7,5,0,3,5,10,Easy,4,46,17,Beginner
4192,30,18,12,60.0,39,8,6,4,2,4,6,Easy,2,56,32,Beginner
4193,30,25,5,83.33,24,10,8,7,0,2,3,Hard,14,81,47,Advanced
4194,30,26,4,86.67,22,10,8,8,0,2,2,Hard,8,92,50,Advanced
4195,30,13,17,43.33,59,7,3,3,3,7,7,Easy,3,41,22,Beginner
4196,30,28,2,93.33,21,10,9,9,0,1,1,Hard,11,83,55,Advanced
4197,30,17,13,56.67,49,10,3,4,0,7,6,Easy,4,59,28,Beginner
4198,30,18,12,60.0,41,8,5,5,2,5,5,Easy,3,53,33,Beginner
4199,30,22,8,73.33,35,9,8,5,1,2,5,Medium,6,74,40,Intermediate
4200,30,24,6,80.0,38,9,8,7,1,2,3,Medium,6,72,46,Intermediate
4201,30,24,6,80.0,32,10,10,4,0,0,6,Medium,9,63,42,Intermediate
4202,30,28,2,93.33,20,10,8,10,0,2,0,Hard,15,96,56,Advanced
4203,30,24,6,80.0,34,10,9,5,0,1,5,Medium,8,73,43,Intermediate
4204,30,18,12,60.0,44,8,6,4,2,4,6,Easy,2,48,32,Beginner
4205,30,27,3,90.0,20,10,9,8,0,1,2,Hard,11,83,52,Advanced
4206,30,16,14,53.33,43,8,6,2,2,4,8,Easy,5,45,26,Beginner
4207,30,28,2,93.33,17,10,8,10,0,2,0,Hard,9,85,56,Advanced
4208,30,10,20,33.33,38,8,4,0,2,6,12,Easy,4,45,16,Beginner
4209,30,22,8,73.33,27,8,7,7,2,3,3,Medium,6,62,43,Intermediate
4210,30,15,15,50.0,45,6,6,3,4,4,7,Easy,5,49,27,Beginner
4211,30,14,16,46.67,57,10,5,0,0,5,11,Easy,5,44,20,Beginner
4212,30,22,8,73.33,26,9,10,3,1,0,7,Medium,7,67,38,Intermediate
4213,30,19,11,63.33,31,8,7,4,2,3,6,Medium,8,80,34,Intermediate
4214,30,30,0,100.0,18,10,9,11,0,1,0,Hard,8,91,61,Advanced
4215,30,29,1,96.67,23,10,8,11,0,2,0,Hard,8,89,59,Advanced
4216,30,16,14,53.33,54,9,4,3,1,6,7,Easy,4,50,26,Beginner
4217,30,22,8,73.33,31,9,10,3,1,0,7,Medium,8,68,38,Intermediate
4218,30,19,11,63.33,30,8,10,1,2,0,9,Medium,5,71,31,Intermediate
4219,30,13,17,43.33,50,8,6,0,2,4,11,Easy,2,42,20,Beginner
4220,30,16,14,53.33,50,6,3,7,4,7,3,Easy,4,59,33,Beginner
4221,30,17,13,56.67,44,7,4,6,3,6,4,Easy,2,49,33,Beginner
4222,30,24,6,80.0,27,9,10,5,1,0,5,Medium,8,65,44,Intermediate
4223,30,20,10,66.67,33,10,10,0,0,0,10,Medium,7,70,30,Intermediate
4224,30,20,10,66.67,28,10,8,2,0,2,8,Medium,6,71,32,Intermediate
4225,30,23,7,76.67,34,9,7,7,1,3,3,Medium,8,79,44,Intermediate
4226,30,29,1,96.67,25,10,8,11,0,2,0,Hard,9,87,59,Advanced
4227,30,30,0,100.0,15,10,9,11,0,1,0,Hard,15,90,61,Advanced
4228,30,18,12,60.0,54,6,6,6,4,4,4,Easy,2,50,36,Beginner
4229,30,26,4,86.67,23,10,9,7,0,1,3,Hard,13,96,49,Advanced
4230,30,17,13,56.67,42,9,3,5,1,7,5,Easy,4,51,30,Beginner
4231,30,10,20,33.33,60,10,6,0,0,4,16,Easy,3,56,22,Beginner
4232,30,11,19,36.67,43,7,4,0,3,6,10,Easy,5,49,15,Beginner
4233,30,26,4,86.67,24,10,9,7,0,1,3,Hard,14,86,49,Advanced
4234,30,18,12,60.0,45,6,3,9,4,7,1,Easy,3,44,39,Beginner
4235,30,22,8,73.33,32,10,8,4,0,2,6,Medium,7,68,38,Intermediate
4236,30,25,5,83.33,19,10,8,7,0,2,3,Hard,8,85,47,Advanced
4237,30,12,18,40.0,44,7,5,0,3,5,10,Easy,4,47,17,Beginner
4238,30,17,13,56.67,50,6,3,8,4,7,2,Easy,4,53,36,Beginner
4239,30,21,9,70.0,28,9,9,3,1,1,7,Medium,7,65,36,Intermediate
4240,30,26,4,86.67,16,10,9,7,0,1,3,Hard,9,88,49,Advanced
4241,30,18,12,60.0,42,6,3,9,4,7,1,Easy,2,40,39,Beginner
4242,30,19,11,63.33,34,10,10,0,0,0,11,Medium,5,80,30,Intermediate
4243,30,25,5,83.33,17,10,9,6,0,1,4,Hard,8,91,46,Advanced
4244,30,30,0,100.0,15,10,10,10,0,0,0,Hard,10,99,60,Advanced
4245,30,26,4,86.67,15,10,10,6,0,0,4,Hard,9,91,48,Advanced
4246,30,17,13,56.67,44,6,5,6,4,5,4,Easy,2,48,34,Beginner
4247,30,16,14,53.33,40,10,5,1,0,5,9,Easy,5,53,23,Beginner
4248,30,30,0,100.0,16,10,10,10,0,0,0,Hard,8,92,60,Advanced
4249,30,26,4,86.67,22,10,10,6,0,0,4,Hard,12,82,48,Advanced
4250,30,21,9,70.0,38,10,9,2,0,1,8,Medium,8,74,34,Intermediate
4251,30,22,8,73.33,36,8,7,7,2,3,3,Medium,8,76,43,Intermediate
4252,30,20,10,66.67,31,9,10,1,1,0,9,Medium,7,72,32,Intermediate
4253,30,26,4,86.67,23,10,8,8,0,2,2,Hard,8,89,50,Advanced
4254,30,15,15,50.0,46,9,4,2,1,6,8,Easy,2,50,23,Beginner
4255,30,13,17,43.33,46,8,3,2,2,7,8,Easy,3,56,20,Beginner
4256,30,14,16,46.67,47,10,3,1,0,7,9,Easy,3,54,19,Beginner
4257,30,28,2,93.33,19,10,10,8,0,0,2,Hard,9,84,54,Advanced
4258,30,18,12,60.0,50,10,5,3,0,5,7,Easy,3,44,29,Beginner
4259,30,20,10,66.67,29,10,10,0,0,0,10,Medium,6,73,30,Intermediate
4260,30,28,2,93.33,16,10,9,9,0,1,1,Hard,13,84,55,Advanced
4261,30,17,13,56.67,40,8,3,6,2,7,4,Easy,4,57,32,Beginner
4262,30,24,6,80.0,33,8,7,9,2,3,1,Medium,7,72,49,Intermediate
4263,30,10,20,33.33,53,8,5,0,2,5,13,Easy,4,50,18,Beginner
4264,30,16,14,53.33,56,7,4,5,3,6,5,Easy,2,51,30,Beginner
4265,30,28,2,93.33,22,10,10,8,0,0,2,Hard,11,84,54,Advanced
4266,30,26,4,86.67,16,10,9,7,0,1,3,Hard,15,100,49,Advanced
4267,30,24,6,80.0,26,8,10,6,2,0,4,Medium,6,69,46,Intermediate
4268,30,17,13,56.67,47,6,4,7,4,6,3,Easy,5,40,35,Beginner
4269,30,25,5,83.33,23,10,10,5,0,0,5,Hard,14,94,45,Advanced
4270,30,21,9,70.0,37,9,7,5,1,3,5,Medium,9,80,38,Intermediate
4271,30,29,1,96.67,24,10,8,11,0,2,0,Hard,9,86,59,Advanced
4272,30,26,4,86.67,25,10,9,7,0,1,3,Hard,12,99,49,Advanced
4273,30,16,14,53.33,56,7,5,4,3,5,6,Easy,3,50,29,Beginner
4274,30,24,6,80.0,28,10,8,6,0,2,4,Medium,9,63,44,Intermediate
4275,30,13,17,43.33,46,9,5,0,1,5,11,Easy,3,55,19,Beginner
4276,30,10,20,33.33,47,8,6,0,2,4,14,Easy,3,52,20,Beginner
4277,30,24,6,80.0,33,10,10,4,0,0,6,Medium,6,77,42,Intermediate
4278,30,28,2,93.33,17,10,10,8,0,0,2,Hard,9,81,54,Advanced
4279,30,23,7,76.67,27,8,8,7,2,2,3,Medium,5,72,45,Intermediate
4280,30,20,10,66.67,36,9,7,4,1,3,6,Medium,9,71,35,Intermediate
4281,30,10,20,33.33,54,8,4,0,2,6,12,Easy,2,53,16,Beginner
4282,30,24,6,80.0,32,10,8,6,0,2,4,Medium,9,69,44,Intermediate
4283,30,18,12,60.0,55,9,6,3,1,4,7,Easy,2,42,30,Beginner
4284,30,15,15,50.0,49,8,5,2,2,5,8,Easy,2,49,24,Beginner
4285,30,23,7,76.67,31,9,9,5,1,1,5,Medium,9,79,42,Intermediate
4286,30,23,7,76.67,37,10,10,3,0,0,7,Medium,8,69,39,Intermediate
4287,30,29,1,96.67,15,10,8,11,0,2,0,Hard,13,98,59,Advanced
4288,30,19,11,63.33,28,10,10,0,0,0,11,Medium,9,64,30,Intermediate
4289,30,19,11,63.33,38,10,8,1,0,2,9,Medium,7,62,29,Intermediate
4290,30,21,9,70.0,36,10,10,1,0,0,9,Medium,7,80,33,Intermediate
4291,30,30,0,100.0,22,10,8,12,0,2,0,Hard,9,83,62,Advanced
4292,30,24,6,80.0,31,10,8,6,0,2,4,Medium,6,61,44,Intermediate
4293,30,27,3,90.0,19,10,8,9,0,2,1,Hard,10,98,53,Advanced
4294,30,28,2,93.33,22,10,10,8,0,0,2,Hard,8,99,54,Advanced
4295,30,20,10,66.67,29,10,9,1,0,1,9,Medium,8,72,31,Intermediate
4296,30,10,20,33.33,42,10,5,0,0,5,15,Easy,3,55,20,Beginner
4297,30,19,11,63.33,38,10,7,2,0,3,8,Medium,6,61,30,Intermediate
4298,30,17,13,56.67,49,8,6,3,2,4,7,Easy,5,50,29,Beginner
4299,30,28,2,93.33,23,10,10,8,0,0,2,Hard,8,90,54,Advanced
4300,30,21,9,70.0,31,8,7,6,2,3,4,Medium,6,64,40,Intermediate
4301,30,26,4,86.67,23,10,10,6,0,0,4,Hard,9,95,48,Advanced
4302,30,24,6,80.0,28,9,9,6,1,1,4,Medium,7,63,45,Intermediate
4303,30,13,17,43.33,60,8,5,0,2,5,10,Easy,4,44,18,Beginner
4304,30,25,5,83.33,20,10,9,6,0,1,4,Hard,9,91,46,Advanced
4305,30,24,6,80.0,25,10,10,4,0,0,6,Medium,8,64,42,Intermediate
4306,30,21,9,70.0,36,10,9,2,0,1,8,Medium,7,75,34,Intermediate
4307,30,19,11,63.33,37,9,7,3,1,3,7,Medium,7,74,32,Intermediate
4308,30,20,10,66.67,37,8,7,5,2,3,5,Medium,8,78,37,Intermediate
4309,30,29,1,96.67,23,10,10,9,0,0,1,Hard,13,85,57,Advanced
4310,30,30,0,100.0,24,10,9,11,0,1,0,Hard,8,97,61,Advanced
4311,30,20,10,66.67,32,9,10,1,1,0,9,Medium,8,68,32,Intermediate
4312,30,18,12,60.0,57,8,6,4,2,4,6,Easy,5,59,32,Beginner
4313,30,28,2,93.33,19,10,9,9,0,1,1,Hard,14,93,55,Advanced
4314,30,21,9,70.0,36,8,7,6,2,3,4,Medium,9,77,40,Intermediate
4315,30,23,7,76.67,25,9,8,6,1,2,4,Medium,5,78,43,Intermediate
4316,30,22,8,73.33,36,10,8,4,0,2,6,Medium,6,79,38,Intermediate
4317,30,24,6,80.0,38,8,7,9,2,3,1,Medium,6,74,49,Intermediate
4318,30,10,20,33.33,51,6,4,0,4,6,10,Easy,2,43,14,Beginner
4319,30,15,15,50.0,40,10,5,0,0,5,10,Easy,3,47,20,Beginner
4320,30,21,9,70.0,37,9,7,5,1,3,5,Medium,6,62,38,Intermediate
4321,30,19,11,63.33,33,9,8,2,1,2,8,Medium,5,74,31,Intermediate
4322,30,19,11,63.33,38,8,8,3,2,2,7,Medium,7,69,33,Intermediate
4323,30,15,15,50.0,46,8,5,2,2,5,8,Easy,5,55,24,Beginner
4324,30,16,14,53.33,47,7,5,4,3,5,6,Easy,3,53,29,Beginner
4325,30,12,18,40.0,52,7,6,0,3,4,11,Easy,3,56,19,Beginner
4326,30,29,1,96.67,18,10,8,11,0,2,0,Hard,13,92,59,Advanced
4327,30,13,17,43.33,52,10,6,0,0,4,13,Easy,4,60,22,Beginner
4328,30,17,13,56.67,40,6,6,5,4,4,5,Easy,5,40,33,Beginner
4329,30,22,8,73.33,34,10,10,2,0,0,8,Medium,6,78,36,Intermediate
4330,30,10,20,33.33,39,7,6,0,3,4,13,Easy,5,43,19,Beginner
4331,30,24,6,80.0,29,9,8,7,1,2,3,Medium,8,77,46,Intermediate
4332,30,16,14,53.33,57,7,3,6,3,7,4,Easy,5,50,31,Beginner
4333,30,23,7,76.67,30,8,10,5,2,0,5,Medium,9,71,43,Intermediate
4334,30,20,10,66.67,27,9,9,2,1,1,8,Medium,8,75,33,Intermediate
4335,30,11,19,36.67,48,6,5,0,4,5,10,Easy,2,59,16,Beginner
4336,30,22,8,73.33,27,10,10,2,0,0,8,Medium,8,61,36,Intermediate
4337,30,25,5,83.33,19,10,9,6,0,1,4,Hard,14,100,46,Advanced
4338,30,19,11,63.33,33,8,8,3,2,2,7,Medium,8,70,33,Intermediate
4339,30,26,4,86.67,21,10,10,6,0,0,4,Hard,8,88,48,Advanced
4340,30,19,11,63.33,33,10,7,2,0,3,8,Medium,8,73,30,Intermediate
4341,30,13,17,43.33,42,9,3,1,1,7,9,Easy,4,40,18,Beginner
4342,30,16,14,53.33,55,8,4,4,2,6,6,Easy,5,44,28,Beginner
4343,30,27,3,90.0,20,10,9,8,0,1,2,Hard,8,89,52,Advanced
4344,30,18,12,60.0,56,9,5,4,1,5,6,Easy,2,40,31,Beginner
4345,30,19,11,63.33,38,9,10,0,1,0,10,Medium,8,71,29,Intermediate
4346,30,21,9,70.0,35,9,7,5,1,3,5,Medium,5,67,38,Intermediate
4347,30,23,7,76.67,36,9,9,5,1,1,5,Medium,8,72,42,Intermediate
4348,30,26,4,86.67,15,10,8,8,0,2,2,Hard,9,83,50,Advanced
4349,30,29,1,96.67,23,10,9,10,0,1,0,Hard,15,81,58,Advanced
4350,30,11,19,36.67,40,7,4,0,3,6,10,Easy,3,47,15,Beginner
4351,30,20,10,66.67,29,8,8,4,2,2,6,Medium,5,64,36,Intermediate
4352,30,19,11,63.33,34,9,7,3,1,3,7,Medium,8,74,32,Intermediate
4353,30,14,16,46.67,41,9,5,0,1,5,10,Easy,4,49,19,Beginner
4354,30,26,4,86.67,18,10,9,7,0,1,3,Hard,8,91,49,Advanced
4355,30,17,13,56.67,52,8,6,3,2,4,7,Easy,3,59,29,Beginner
4356,30,12,18,40.0,53,6,6,0,4,4,10,Easy,2,54,18,Beginner
4357,30,20,10,66.67,31,8,7,5,2,3,5,Medium,5,76,37,Intermediate
4358,30,16,14,53.33,41,8,4,4,2,6,6,Easy,2,57,28,Beginner
4359,30,24,6,80.0,25,9,8,7,1,2,3,Medium,7,80,46,Intermediate
4360,30,19,11,63.33,32,9,8,2,1,2,8,Medium,5,61,31,Intermediate
4361,30,19,11,63.33,35,10,7,2,0,3,8,Medium,8,77,30,Intermediate
4362,30,25,5,83.33,23,10,8,7,0,2,3,Hard,14,100,47,Advanced
4363,30,30,0,100.0,17,10,9,11,0,1,0,Hard,11,100,61,Advanced
4364,30,18,12,60.0,43,7,4,7,3,6,3,Easy,3,53,36,Beginner
4365,30,13,17,43.33,51,8,3,2,2,7,8,Easy,4,49,20,Beginner
4366,30,19,11,63.33,27,9,10,0,1,0,10,Medium,8,69,29,Intermediate
4367,30,20,10,66.67,37,10,7,3,0,3,7,Medium,7,61,33,Intermediate
4368,30,23,7,76.67,35,9,9,5,1,1,5,Medium,7,61,42,Intermediate
4369,30,23,7,76.67,34,9,10,4,1,0,6,Medium,6,67,41,Intermediate
4370,30,29,1,96.67,19,10,9,10,0,1,0,Hard,9,100,58,Advanced
4371,30,11,19,36.67,58,8,6,0,2,4,13,Easy,3,43,20,Beginner
4372,30,20,10,66.67,30,9,7,4,1,3,6,Medium,9,66,35,Intermediate
4373,30,22,8,73.33,28,10,10,2,0,0,8,Medium,7,73,36,Intermediate
4374,30,19,11,63.33,26,9,9,1,1,1,9,Medium,7,79,30,Intermediate
4375,30,30,0,100.0,17,10,10,10,0,0,0,Hard,12,84,60,Advanced
4376,30,20,10,66.67,35,9,7,4,1,3,6,Medium,9,76,35,Intermediate
4377,30,20,10,66.67,26,8,9,3,2,1,7,Medium,8,69,35,Intermediate
4378,30,13,17,43.33,46,9,4,0,1,6,10,Easy,5,59,17,Beginner
4379,30,16,14,53.33,53,6,3,7,4,7,3,Easy,4,50,33,Beginner
4380,30,10,20,33.33,42,9,5,0,1,5,14,Easy,2,59,19,Beginner
4381,30,12,18,40.0,52,7,6,0,3,4,11,Easy,5,59,19,Beginner
4382,30,25,5,83.33,15,10,10,5,0,0,5,Hard,8,97,45,Advanced
4383,30,30,0,100.0,16,10,10,10,0,0,0,Hard,13,99,60,Advanced
4384,30,21,9,70.0,38,9,9,3,1,1,7,Medium,8,76,36,Intermediate
4385,30,20,10,66.67,28,9,9,2,1,1,8,Medium,9,79,33,Intermediate
4386,30,21,9,70.0,30,10,10,1,0,0,9,Medium,9,72,33,Intermediate
4387,30,22,8,73.33,25,8,7,7,2,3,3,Medium,5,68,43,Intermediate
4388,30,19,11,63.33,33,9,9,1,1,1,9,Medium,9,68,30,Intermediate
4389,30,13,17,43.33,43,8,3,2,2,7,8,Easy,5,51,20,Beginner
4390,30,26,4,86.67,18,10,9,7,0,1,3,Hard,13,87,49,Advanced
4391,30,24,6,80.0,33,9,9,6,1,1,4,Medium,9,80,45,Intermediate
4392,30,28,2,93.33,22,10,10,8,0,0,2,Hard,9,93,54,Advanced
4393,30,14,16,46.67,40,9,5,0,1,5,10,Easy,5,59,19,Beginner
4394,30,27,3,90.0,25,10,9,8,0,1,2,Hard,10,90,52,Advanced
4395,30,12,18,40.0,60,9,3,0,1,7,10,Easy,2,45,15,Beginner
4396,30,19,11,63.33,27,9,10,0,1,0,10,Medium,7,75,29,Intermediate
4397,30,10,20,33.33,57,7,3,0,3,7,10,Easy,3,54,13,Beginner
4398,30,19,11,63.33,28,10,8,1,0,2,9,Medium,9,65,29,Intermediate
4399,30,17,13,56.67,57,6,5,6,4,5,4,Easy,2,58,34,Beginner
4400,30,21,9,70.0,31,9,7,5,1,3,5,Medium,5,70,38,Intermediate
4401,30,12,18,40.0,46,8,3,1,2,7,9,Easy,2,53,17,Beginner
4402,30,26,4,86.67,22,10,10,6,0,0,4,Hard,12,83,48,Advanced
4403,30,29,1,96.67,21,10,9,10,0,1,0,Hard,10,81,58,Advanced
4404,30,27,3,90.0,16,10,8,9,0,2,1,Hard,15,81,53,Advanced
4405,30,16,14,53.33,60,6,6,4,4,4,6,Easy,5,58,30,Beginner
4406,30,22,8,73.33,27,9,7,6,1,3,4,Medium,8,63,41,Intermediate
4407,30,19,11,63.33,28,9,7,3,1,3,7,Medium,6,75,32,Intermediate
4408,30,11,19,36.67,55,10,3,0,0,7,12,Easy,5,56,16,Beginner
4409,30,25,5,83.33,22,10,10,5,0,0,5,Hard,14,94,45,Advanced
4410,30,13,17,43.33,48,6,5,2,4,5,8,Easy,5,50,22,Beginner
4411,30,20,10,66.67,26,8,9,3,2,1,7,Medium,8,72,35,Intermediate
4412,30,24,6,80.0,35,9,10,5,1,0,5,Medium,6,70,44,Intermediate
4413,30,25,5,83.33,18,10,9,6,0,1,4,Hard,11,95,46,Advanced
4414,30,25,5,83.33,24,10,8,7,0,2,3,Hard,8,97,47,Advanced
4415,30,18,12,60.0,60,6,5,7,4,5,3,Easy,5,57,37,Beginner
4416,30,30,0,100.0,20,10,8,12,0,2,0,Hard,12,99,62,Advanced
4417,30,27,3,90.0,17,10,10,7,0,0,3,Hard,13,99,51,Advanced
4418,30,22,8,73.33,38,8,7,7,2,3,3,Medium,8,67,43,Intermediate
4419,30,16,14,53.33,58,8,3,5,2,7,5,Easy,2,51,29,Beginner
4420,30,23,7,76.67,29,10,8,5,0,2,5,Medium,7,69,41,Intermediate
4421,30,21,9,70.0,37,10,7,4,0,3,6,Medium,8,68,36,Intermediate
4422,30,12,18,40.0,58,6,4,2,4,6,8,Easy,3,52,20,Beginner
4423,30,12,18,40.0,42,10,4,0,0,6,12,Easy,4,52,18,Beginner
4424,30,26,4,86.67,24,10,8,8,0,2,2,Hard,10,94,50,Advanced
4425,30,15,15,50.0,44,6,5,4,4,5,6,Easy,3,41,28,Beginner
4426,30,16,14,53.33,40,8,4,4,2,6,6,Easy,3,54,28,Beginner
4427,30,27,3,90.0,22,10,10,7,0,0,3,Hard,14,84,51,Advanced
4428,30,21,9,70.0,29,8,7,6,2,3,4,Medium,7,63,40,Intermediate
4429,30,23,7,76.67,26,8,7,8,2,3,2,Medium,7,78,46,Intermediate
4430,30,17,13,56.67,57,10,4,3,0,6,7,Easy,3,51,27,Beginner
4431,30,16,14,53.33,55,8,4,4,2,6,6,Easy,2,47,28,Beginner
4432,30,22,8,73.33,27,8,10,4,2,0,6,Medium,9,74,40,Intermediate
4433,30,26,4,86.67,25,10,9,7,0,1,3,Hard,11,93,49,Advanced
4434,30,25,5,83.33,16,10,8,7,0,2,3,Hard,13,86,47,Advanced
4435,30,28,2,93.33,21,10,9,9,0,1,1,Hard,12,97,55,Advanced
4436,30,27,3,90.0,19,10,9,8,0,1,2,Hard,15,91,52,Advanced
4437,30,30,0,100.0,15,10,8,12,0,2,0,Hard,11,100,62,Advanced
4438,30,26,4,86.67,21,10,9,7,0,1,3,Hard,8,98,49,Advanced
4439,30,23,7,76.67,30,9,7,7,1,3,3,Medium,5,61,44,Intermediate
4440,30,20,10,66.67,31,10,9,1,0,1,9,Medium,8,80,31,Intermediate
4441,30,24,6,80.0,34,10,9,5,0,1,5,Medium,9,76,43,Intermediate
4442,30,24,6,80.0,26,9,7,8,1,3,2,Medium,6,63,47,Intermediate
4443,30,23,7,76.67,38,9,9,5,1,1,5,Medium,7,71,42,Intermediate
4444,30,30,0,100.0,24,10,8,12,0,2,0,Hard,9,91,62,Advanced
4445,30,11,19,36.67,38,8,5,0,2,5,12,Easy,2,51,18,Beginner
4446,30,27,3,90.0,19,10,10,7,0,0,3,Hard,12,86,51,Advanced
4447,30,23,7,76.67,37,8,7,8,2,3,2,Medium,5,73,46,Intermediate
4448,30,25,5,83.33,20,10,10,5,0,0,5,Hard,9,87,45,Advanced
4449,30,25,5,83.33,16,10,10,5,0,0,5,Hard,14,81,45,Advanced
4450,30,29,1,96.67,15,10,10,9,0,0,1,Hard,13,94,57,Advanced
4451,30,26,4,86.67,25,10,10,6,0,0,4,Hard,11,84,48,Advanced
4452,30,26,4,86.67,18,10,9,7,0,1,3,Hard,14,92,49,Advanced
4453,30,28,2,93.33,24,10,9,9,0,1,1,Hard,14,85,55,Advanced
4454,30,10,20,33.33,43,9,6,0,1,4,15,Easy,5,48,21,Beginner
4455,30,26,4,86.67,19,10,9,7,0,1,3,Hard,12,98,49,Advanced
4456,30,16,14,53.33,48,8,5,3,2,5,7,Easy,5,55,27,Beginner
4457,30,28,2,93.33,18,10,9,9,0,1,1,Hard,11,81,55,Advanced
4458,30,20,10,66.67,28,9,10,1,1,0,9,Medium,5,80,32,Intermediate
4459,30,24,6,80.0,30,8,7,9,2,3,1,Medium,7,78,49,Intermediate
4460,30,20,10,66.67,29,10,7,3,0,3,7,Medium,6,79,33,Intermediate
4461,30,24,6,80.0,35,9,8,7,1,2,3,Medium,7,64,46,Intermediate
4462,30,19,11,63.33,29,9,10,0,1,0,10,Medium,7,70,29,Intermediate
4463,30,18,12,60.0,49,6,3,9,4,7,1,Easy,2,57,39,Beginner
4464,30,17,13,56.67,57,10,3,4,0,7,6,Easy,5,52,28,Beginner
4465,30,26,4,86.67,15,10,9,7,0,1,3,Hard,13,88,49,Advanced
4466,30,14,16,46.67,59,9,3,2,1,7,8,Easy,4,43,21,Beginner
4467,30,20,10,66.67,38,10,7,3,0,3,7,Medium,5,61,33,Intermediate
4468,30,28,2,93.33,18,10,9,9,0,1,1,Hard,9,100,55,Advanced
4469,30,26,4,86.67,22,10,10,6,0,0,4,Hard,14,81,48,Advanced
4470,30,28,2,93.33,24,10,10,8,0,0,2,Hard,9,83,54,Advanced
4471,30,27,3,90.0,20,10,9,8,0,1,2,Hard,13,95,52,Advanced
4472,30,12,18,40.0,57,9,6,0,1,4,13,Easy,4,57,21,Beginner
4473,30,20,10,66.67,34,9,10,1,1,0,9,Medium,8,65,32,Intermediate
4474,30,26,4,86.67,20,10,8,8,0,2,2,Hard,11,94,50,Advanced
4475,30,24,6,80.0,32,10,10,4,0,0,6,Medium,9,74,42,Intermediate
4476,30,20,10,66.67,36,8,8,4,2,2,6,Medium,9,79,36,Intermediate
4477,30,11,19,36.67,55,10,6,0,0,4,15,Easy,3,54,22,Beginner
4478,30,28,2,93.33,22,10,8,10,0,2,0,Hard,15,98,56,Advanced
4479,30,23,7,76.67,27,8,10,5,2,0,5,Medium,7,62,43,Intermediate
4480,30,28,2,93.33,17,10,10,8,0,0,2,Hard,9,87,54,Advanced
4481,30,29,1,96.67,21,10,10,9,0,0,1,Hard,11,94,57,Advanced
4482,30,10,20,33.33,54,9,4,0,1,6,13,Easy,4,50,17,Beginner
4483,30,26,4,86.67,19,10,10,6,0,0,4,Hard,8,85,48,Advanced
4484,30,28,2,93.33,18,10,9,9,0,1,1,Hard,12,85,55,Advanced
4485,30,28,2,93.33,16,10,8,10,0,2,0,Hard,9,92,56,Advanced
4486,30,19,11,63.33,28,9,10,0,1,0,10,Medium,8,68,29,Intermediate
4487,30,11,19,36.67,54,7,5,0,3,5,11,Easy,5,46,17,Beginner
4488,30,22,8,73.33,33,8,8,6,2,2,4,Medium,6,62,42,Intermediate
4489,30,23,7,76.67,28,8,8,7,2,2,3,Medium,6,74,45,Intermediate
4490,30,30,0,100.0,19,10,10,10,0,0,0,Hard,9,84,60,Advanced
4491,30,20,10,66.67,26,8,10,2,2,0,8,Medium,9,66,34,Intermediate
4492,30,21,9,70.0,27,9,10,2,1,0,8,Medium,5,76,35,Intermediate
4493,30,29,1,96.67,24,10,9,10,0,1,0,Hard,15,97,58,Advanced
4494,30,22,8,73.33,37,10,7,5,0,3,5,Medium,9,66,39,Intermediate
4495,30,26,4,86.67,21,10,10,6,0,0,4,Hard,15,91,48,Advanced
4496,30,30,0,100.0,18,10,10,10,0,0,0,Hard,14,95,60,Advanced
4497,30,17,13,56.67,54,6,6,5,4,4,5,Easy,5,43,33,Beginner
4498,30,30,0,100.0,22,10,9,11,0,1,0,Hard,9,94,61,Advanced
4499,30,25,5,83.33,18,10,9,6,0,1,4,Hard,14,89,46,Advanced
4500,30,21,9,70.0,31,8,8,5,2,2,5,Medium,9,63,39,Intermediate
4501,30,26,4,86.67,25,10,8,8,0,2,2,Hard,9,96,50,Advanced
4502,30,25,5,83.33,16,10,9,6,0,1,4,Hard,9,94,46,Advanced
4503,30,11,19,36.67,51,9,5,0,1,5,13,Easy,2,40,19,Beginner
4504,30,20,10,66.67,34,10,7,3,0,3,7,Medium,5,77,33,Intermediate
4505,30,22,8,73.33,25,9,8,5,1,2,5,Medium,8,72,40,Intermediate
4506,30,19,11,63.33,26,8,9,2,2,1,8,Medium,9,70,32,Intermediate
4507,30,18,12,60.0,57,10,3,5,0,7,5,Easy,5,44,31,Beginner
4508,30,10,20,33.33,54,9,5,0,1,5,14,Easy,3,54,19,Beginner
4509,30,20,10,66.67,35,8,7,5,2,3,5,Medium,6,76,37,Intermediate
4510,30,23,7,76.67,36,9,8,6,1,2,4,Medium,8,76,43,Intermediate
4511,30,12,18,40.0,60,8,4,0,2,6,10,Easy,5,54,16,Beginner
4512,30,21,9,70.0,31,10,10,1,0,0,9,Medium,6,65,33,Intermediate
4513,30,17,13,56.67,43,8,4,5,2,6,5,Easy,4,48,31,Beginner
4514,30,12,18,40.0,44,9,5,0,1,5,12,Easy,4,42,19,Beginner
4515,30,22,8,73.33,26,8,7,7,2,3,3,Medium,7,78,43,Intermediate
4516,30,27,3,90.0,22,10,10,7,0,0,3,Hard,11,81,51,Advanced
4517,30,21,9,70.0,36,9,10,2,1,0,8,Medium,6,67,35,Intermediate
4518,30,24,6,80.0,36,8,7,9,2,3,1,Medium,5,62,49,Intermediate
4519,30,13,17,43.33,47,9,5,0,1,5,11,Easy,3,50,19,Beginner
4520,30,22,8,73.33,27,8,8,6,2,2,4,Medium,9,72,42,Intermediate
4521,30,10,20,33.33,53,9,3,0,1,7,12,Easy,4,55,15,Beginner
4522,30,27,3,90.0,17,10,9,8,0,1,2,Hard,13,99,52,Advanced
4523,30,21,9,70.0,31,9,7,5,1,3,5,Medium,6,67,38,Intermediate
4524,30,21,9,70.0,36,10,7,4,0,3,6,Medium,5,61,36,Intermediate
4525,30,23,7,76.67,38,10,9,4,0,1,6,Medium,8,80,40,Intermediate
4526,30,30,0,100.0,16,10,9,11,0,1,0,Hard,10,88,61,Advanced
4527,30,17,13,56.67,48,7,5,5,3,5,5,Easy,4,44,32,Beginner
4528,30,12,18,40.0,54,6,6,0,4,4,10,Easy,4,43,18,Beginner
4529,30,29,1,96.67,20,10,9,10,0,1,0,Hard,12,98,58,Advanced
4530,30,19,11,63.33,26,9,7,3,1,3,7,Medium,5,77,32,Intermediate
4531,30,24,6,80.0,38,10,9,5,0,1,5,Medium,9,66,43,Intermediate
4532,30,16,14,53.33,50,10,5,1,0,5,9,Easy,3,52,23,Beginner
4533,30,27,3,90.0,17,10,10,7,0,0,3,Hard,9,81,51,Advanced
4534,30,11,19,36.67,45,10,6,0,0,4,15,Easy,4,57,22,Beginner
4535,30,29,1,96.67,18,10,10,9,0,0,1,Hard,10,92,57,Advanced
4536,30,10,20,33.33,48,9,5,0,1,5,14,Easy,2,41,19,Beginner
4537,30,11,19,36.67,51,10,3,0,0,7,12,Easy,3,55,16,Beginner
4538,30,13,17,43.33,53,6,6,1,4,4,9,Easy,5,44,21,Beginner
4539,30,29,1,96.67,18,10,10,9,0,0,1,Hard,15,97,57,Advanced
4540,30,23,7,76.67,37,9,7,7,1,3,3,Medium,5,77,44,Intermediate
4541,30,23,7,76.67,33,8,9,6,2,1,4,Medium,5,73,44,Intermediate
4542,30,22,8,73.33,33,9,7,6,1,3,4,Medium,7,72,41,Intermediate
4543,30,18,12,60.0,58,7,4,7,3,6,3,Easy,2,54,36,Beginner
4544,30,23,7,76.67,33,8,9,6,2,1,4,Medium,5,64,44,Intermediate
4545,30,15,15,50.0,49,8,4,3,2,6,7,Easy,3,46,25,Beginner
4546,30,24,6,80.0,30,9,9,6,1,1,4,Medium,6,71,45,Intermediate
4547,30,28,2,93.33,17,10,10,8,0,0,2,Hard,14,87,54,Advanced
4548,30,12,18,40.0,45,7,6,0,3,4,11,Easy,4,47,19,Beginner
4549,30,17,13,56.67,51,7,3,7,3,7,3,Easy,5,55,34,Beginner
4550,30,20,10,66.67,29,10,10,0,0,0,10,Medium,7,74,30,Intermediate
4551,30,23,7,76.67,33,10,9,4,0,1,6,Medium,5,62,40,Intermediate
4552,30,13,17,43.33,57,8,5,0,2,5,10,Easy,5,45,18,Beginner
4553,30,19,11,63.33,28,10,8,1,0,2,9,Medium,5,67,29,Intermediate
4554,30,24,6,80.0,27,9,10,5,1,0,5,Medium,5,71,44,Intermediate
4555,30,19,11,63.33,34,10,10,0,0,0,11,Medium,8,66,30,Intermediate
4556,30,21,9,70.0,30,8,9,4,2,1,6,Medium,9,72,38,Intermediate
4557,30,27,3,90.0,20,10,10,7,0,0,3,Hard,9,88,51,Advanced
4558,30,14,16,46.67,47,9,6,0,1,4,11,Easy,2,59,21,Beginner
4559,30,14,16,46.67,55,10,4,0,0,6,10,Easy,2,47,18,Beginner
4560,30,24,6,80.0,37,10,8,6,0,2,4,Medium,6,67,44,Intermediate
4561,30,10,20,33.33,54,9,6,0,1,4,15,Easy,4,42,21,Beginner
4562,30,30,0,100.0,18,10,10,10,0,0,0,Hard,10,98,60,Advanced
4563,30,27,3,90.0,22,10,10,7,0,0,3,Hard,15,97,51,Advanced
4564,30,27,3,90.0,24,10,8,9,0,2,1,Hard,11,92,53,Advanced
4565,30,28,2,93.33,19,10,10,8,0,0,2,Hard,10,82,54,Advanced
4566,30,23,7,76.67,32,10,7,6,0,3,4,Medium,8,66,42,Intermediate
4567,30,29,1,96.67,23,10,9,10,0,1,0,Hard,11,94,58,Advanced
4568,30,26,4,86.67,24,10,9,7,0,1,3,Hard,10,84,49,Advanced
4569,30,26,4,86.67,15,10,9,7,0,1,3,Hard,12,99,49,Advanced
4570,30,24,6,80.0,27,8,10,6,2,0,4,Medium,6,77,46,Intermediate
4571,30,20,10,66.67,33,9,9,2,1,1,8,Medium,8,67,33,Intermediate
4572,30,11,19,36.67,41,10,4,0,0,6,13,Easy,4,52,18,Beginner
4573,30,16,14,53.33,42,6,4,6,4,6,4,Easy,2,56,32,Beginner
4574,30,22,8,73.33,33,9,7,6,1,3,4,Medium,7,72,41,Intermediate
4575,30,11,19,36.67,58,8,3,0,2,7,10,Easy,5,44,14,Beginner
4576,30,19,11,63.33,29,9,7,3,1,3,7,Medium,8,73,32,Intermediate
4577,30,10,20,33.33,45,8,3,0,2,7,11,Easy,2,57,14,Beginner
4578,30,27,3,90.0,17,10,9,8,0,1,2,Hard,11,85,52,Advanced
4579,30,20,10,66.67,30,10,8,2,0,2,8,Medium,5,69,32,Intermediate
4580,30,23,7,76.67,27,9,7,7,1,3,3,Medium,9,66,44,Intermediate
4581,30,23,7,76.67,26,9,10,4,1,0,6,Medium,7,65,41,Intermediate
4582,30,19,11,63.33,33,9,8,2,1,2,8,Medium,6,72,31,Intermediate
4583,30,19,11,63.33,25,8,7,4,2,3,6,Medium,9,74,34,Intermediate
4584,30,19,11,63.33,33,10,8,1,0,2,9,Medium,8,61,29,Intermediate
4585,30,25,5,83.33,15,10,8,7,0,2,3,Hard,10,91,47,Advanced
4586,30,22,8,73.33,37,9,8,5,1,2,5,Medium,8,79,40,Intermediate
4587,30,18,12,60.0,54,8,5,5,2,5,5,Easy,5,47,33,Beginner
4588,30,30,0,100.0,25,10,9,11,0,1,0,Hard,13,97,61,Advanced
4589,30,25,5,83.33,22,10,9,6,0,1,4,Hard,10,87,46,Advanced
4590,30,14,16,46.67,60,7,5,2,3,5,8,Easy,2,47,23,Beginner
4591,30,19,11,63.33,37,9,8,2,1,2,8,Medium,6,64,31,Intermediate
4592,30,25,5,83.33,22,10,10,5,0,0,5,Hard,14,86,45,Advanced
4593,30,14,16,46.67,49,8,6,0,2,4,10,Easy,2,56,20,Beginner
4594,30,11,19,36.67,54,9,3,0,1,7,11,Easy,5,43,15,Beginner
4595,30,22,8,73.33,32,10,10,2,0,0,8,Medium,6,68,36,Intermediate
4596,30,29,1,96.67,16,10,10,9,0,0,1,Hard,14,97,57,Advanced
4597,30,16,14,53.33,53,9,6,1,1,4,9,Easy,5,56,24,Beginner
4598,30,25,5,83.33,17,10,9,6,0,1,4,Hard,10,93,46,Advanced
4599,30,23,7,76.67,28,8,8,7,2,2,3,Medium,9,65,45,Intermediate
4600,30,21,9,70.0,26,9,10,2,1,0,8,Medium,9,65,35,Intermediate
4601,30,17,13,56.67,50,7,3,7,3,7,3,Easy,2,60,34,Beginner
4602,30,20,10,66.67,26,10,9,1,0,1,9,Medium,8,75,31,Intermediate
4603,30,21,9,70.0,27,8,7,6,2,3,4,Medium,7,79,40,Intermediate
4604,30,29,1,96.67,20,10,8,11,0,2,0,Hard,10,98,59,Advanced
4605,30,29,1,96.67,18,10,8,11,0,2,0,Hard,15,93,59,Advanced
4606,30,24,6,80.0,37,9,9,6,1,1,4,Medium,6,75,45,Intermediate
4607,30,21,9,70.0,29,9,9,3,1,1,7,Medium,6,72,36,Intermediate
4608,30,14,16,46.67,51,7,4,3,3,6,7,Easy,3,46,24,Beginner
4609,30,22,8,73.33,25,10,9,3,0,1,7,Medium,8,76,37,Intermediate
4610,30,10,20,33.33,51,6,6,0,4,4,12,Easy,3,41,18,Beginner
4611,30,28,2,93.33,21,10,10,8,0,0,2,Hard,12,95,54,Advanced
4612,30,16,14,53.33,48,10,6,0,0,4,10,Easy,4,47,22,Beginner
4613,30,22,8,73.33,27,10,10,2,0,0,8,Medium,8,64,36,Intermediate
4614,30,19,11,63.33,31,10,7,2,0,3,8,Medium,8,77,30,Intermediate
4615,30,29,1,96.67,19,10,8,11,0,2,0,Hard,8,87,59,Advanced
4616,30,19,11,63.33,35,9,7,3,1,3,7,Medium,9,66,32,Intermediate
4617,30,30,0,100.0,16,10,9,11,0,1,0,Hard,9,99,61,Advanced
4618,30,25,5,83.33,24,10,9,6,0,1,4,Hard,10,100,46,Advanced
4619,30,25,5,83.33,23,10,10,5,0,0,5,Hard,15,97,45,Advanced
4620,30,19,11,63.33,34,8,7,4,2,3,6,Medium,7,67,34,Intermediate
4621,30,28,2,93.33,17,10,8,10,0,2,0,Hard,8,98,56,Advanced
4622,30,18,12,60.0,55,10,6,2,0,4,8,Easy,2,54,28,Beginner
4623,30,19,11,63.33,25,8,10,1,2,0,9,Medium,7,73,31,Intermediate
4624,30,24,6,80.0,37,8,8,8,2,2,2,Medium,5,80,48,Intermediate
4625,30,21,9,70.0,35,8,8,5,2,2,5,Medium,6,61,39,Intermediate
4626,30,25,5,83.33,25,10,9,6,0,1,4,Hard,8,93,46,Advanced
4627,30,21,9,70.0,33,8,8,5,2,2,5,Medium,5,67,39,Intermediate
4628,30,30,0,100.0,16,10,10,10,0,0,0,Hard,14,81,60,Advanced
4629,30,21,9,70.0,32,10,10,1,0,0,9,Medium,7,65,33,Intermediate
4630,30,21,9,70.0,25,8,10,3,2,0,7,Medium,8,62,37,Intermediate
4631,30,14,16,46.67,45,10,6,0,0,4,12,Easy,4,57,22,Beginner
4632,30,26,4,86.67,23,10,10,6,0,0,4,Hard,9,85,48,Advanced
4633,30,22,8,73.33,26,9,9,4,1,1,6,Medium,9,73,39,Intermediate
4634,30,26,4,86.67,23,10,10,6,0,0,4,Hard,11,99,48,Advanced
4635,30,22,8,73.33,28,8,10,4,2,0,6,Medium,5,69,40,Intermediate
4636,30,28,2,93.33,23,10,10,8,0,0,2,Hard,10,97,54,Advanced
4637,30,12,18,40.0,41,10,4,0,0,6,12,Easy,3,40,18,Beginner
4638,30,22,8,73.33,35,8,10,4,2,0,6,Medium,8,80,40,Intermediate
4639,30,11,19,36.67,41,8,4,0,2,6,11,Easy,2,59,16,Beginner
4640,30,17,13,56.67,45,6,4,7,4,6,3,Easy,5,52,35,Beginner
4641,30,20,10,66.67,32,9,7,4,1,3,6,Medium,8,67,35,Intermediate
4642,30,16,14,53.33,46,9,4,3,1,6,7,Easy,4,47,26,Beginner
4643,30,26,4,86.67,19,10,9,7,0,1,3,Hard,8,97,49,Advanced
4644,30,23,7,76.67,31,9,10,4,1,0,6,Medium,5,66,41,Intermediate
4645,30,20,10,66.67,33,9,10,1,1,0,9,Medium,5,72,32,Intermediate
4646,30,24,6,80.0,28,8,9,7,2,1,3,Medium,9,66,47,Intermediate
4647,30,13,17,43.33,60,10,3,0,0,7,10,Easy,5,42,16,Beginner
4648,30,27,3,90.0,20,10,9,8,0,1,2,Hard,9,96,52,Advanced
4649,30,12,18,40.0,53,7,4,1,3,6,9,Easy,5,45,18,Beginner
4650,30,19,11,63.33,37,8,9,2,2,1,8,Medium,5,72,32,Intermediate
4651,30,27,3,90.0,19,10,10,7,0,0,3,Hard,11,89,51,Advanced
4652,30,19,11,63.33,35,10,8,1,0,2,9,Medium,9,72,29,Intermediate
4653,30,11,19,36.67,45,7,3,1,3,7,9,Easy,4,43,16,Beginner
4654,30,23,7,76.67,33,8,10,5,2,0,5,Medium,8,73,43,Intermediate
4655,30,22,8,73.33,36,9,7,6,1,3,4,Medium,8,61,41,Intermediate
4656,30,11,19,36.67,46,10,6,0,0,4,15,Easy,5,59,22,Beginner
4657,30,16,14,53.33,49,7,3,6,3,7,4,Easy,2,53,31,Beginner
4658,30,20,10,66.67,38,10,7,3,0,3,7,Medium,6,75,33,Intermediate
4659,30,26,4,86.67,25,10,10,6,0,0,4,Hard,8,84,48,Advanced
4660,30,21,9,70.0,25,10,10,1,0,0,9,Medium,5,78,33,Intermediate
4661,30,24,6,80.0,37,8,7,9,2,3,1,Medium,7,73,49,Intermediate
4662,30,24,6,80.0,38,8,8,8,2,2,2,Medium,6,67,48,Intermediate
4663,30,16,14,53.33,58,10,3,3,0,7,7,Easy,2,49,25,Beginner
4664,30,21,9,70.0,29,10,9,2,0,1,8,Medium,5,72,34,Intermediate
4665,30,27,3,90.0,23,10,8,9,0,2,1,Hard,12,97,53,Advanced
4666,30,12,18,40.0,59,10,6,0,0,4,14,Easy,3,45,22,Beginner
4667,30,30,0,100.0,15,10,9,11,0,1,0,Hard,8,98,61,Advanced
4668,30,23,7,76.67,33,9,8,6,1,2,4,Medium,5,62,43,Intermediate
4669,30,30,0,100.0,17,10,10,10,0,0,0,Hard,8,82,60,Advanced
4670,30,11,19,36.67,60,8,6,0,2,4,13,Easy,4,56,20,Beginner
4671,30,10,20,33.33,48,10,4,0,0,6,14,Easy,2,54,18,Beginner
4672,30,25,5,83.33,23,10,8,7,0,2,3,Hard,11,93,47,Advanced
4673,30,27,3,90.0,21,10,9,8,0,1,2,Hard,14,82,52,Advanced
4674,30,24,6,80.0,31,8,9,7,2,1,3,Medium,5,77,47,Intermediate
4675,30,30,0,100.0,19,10,8,12,0,2,0,Hard,8,89,62,Advanced
4676,30,23,7,76.67,32,8,9,6,2,1,4,Medium,8,79,44,Intermediate
4677,30,11,19,36.67,49,9,4,0,1,6,12,Easy,3,44,17,Beginner
4678,30,24,6,80.0,28,8,10,6,2,0,4,Medium,7,62,46,Intermediate
4679,30,18,12,60.0,47,10,5,3,0,5,7,Easy,3,50,29,Beginner
4680,30,22,8,73.33,37,10,8,4,0,2,6,Medium,7,76,38,Intermediate
4681,30,19,11,63.33,32,9,7,3,1,3,7,Medium,7,71,32,Intermediate
4682,30,22,8,73.33,32,8,10,4,2,0,6,Medium,9,66,40,Intermediate
4683,30,21,9,70.0,38,10,9,2,0,1,8,Medium,9,71,34,Intermediate
4684,30,23,7,76.67,26,8,9,6,2,1,4,Medium,9,70,44,Intermediate
4685,30,13,17,43.33,49,8,5,0,2,5,10,Easy,3,47,18,Beginner
4686,30,10,20,33.33,53,10,3,0,0,7,13,Easy,2,48,16,Beginner
4687,30,16,14,53.33,55,9,5,2,1,5,8,Easy,5,48,25,Beginner
4688,30,30,0,100.0,24,10,10,10,0,0,0,Hard,12,100,60,Advanced
4689,30,12,18,40.0,51,8,3,1,2,7,9,Easy,3,51,17,Beginner
4690,30,18,12,60.0,46,6,4,8,4,6,2,Easy,5,52,38,Beginner
4691,30,25,5,83.33,24,10,10,5,0,0,5,Hard,15,97,45,Advanced
4692,30,22,8,73.33,33,10,8,4,0,2,6,Medium,6,79,38,Intermediate
4693,30,23,7,76.67,35,10,10,3,0,0,7,Medium,5,80,39,Intermediate
4694,30,29,1,96.67,21,10,10,9,0,0,1,Hard,14,92,57,Advanced
4695,30,23,7,76.67,31,10,8,5,0,2,5,Medium,6,77,41,Intermediate
4696,30,19,11,63.33,26,10,8,1,0,2,9,Medium,6,63,29,Intermediate
4697,30,12,18,40.0,53,9,6,0,1,4,13,Easy,3,44,21,Beginner
4698,30,25,5,83.33,18,10,10,5,0,0,5,Hard,10,91,45,Advanced
4699,30,19,11,63.33,33,9,7,3,1,3,7,Medium,6,64,32,Intermediate
4700,30,12,18,40.0,55,8,4,0,2,6,10,Easy,2,53,16,Beginner
4701,30,30,0,100.0,17,10,8,12,0,2,0,Hard,12,93,62,Advanced
4702,30,20,10,66.67,37,8,7,5,2,3,5,Medium,6,65,37,Intermediate
4703,30,15,15,50.0,43,7,6,2,3,4,8,Easy,2,58,25,Beginner
4704,30,26,4,86.67,23,10,8,8,0,2,2,Hard,14,91,50,Advanced
4705,30,27,3,90.0,20,10,9,8,0,1,2,Hard,11,82,52,Advanced
4706,30,28,2,93.33,15,10,10,8,0,0,2,Hard,9,90,54,Advanced
4707,30,24,6,80.0,35,10,9,5,0,1,5,Medium,9,71,43,Intermediate
4708,30,29,1,96.67,25,10,8,11,0,2,0,Hard,12,95,59,Advanced
4709,30,20,10,66.67,25,8,8,4,2,2,6,Medium,6,61,36,Intermediate
4710,30,19,11,63.33,26,10,10,0,0,0,11,Medium,6,80,30,Intermediate
4711,30,18,12,60.0,41,7,4,7,3,6,3,Easy,3,46,36,Beginner
4712,30,22,8,73.33,33,8,7,7,2,3,3,Medium,8,65,43,Intermediate
4713,30,21,9,70.0,33,10,9,2,0,1,8,Medium,6,64,34,Intermediate
4714,30,24,6,80.0,25,10,8,6,0,2,4,Medium,6,64,44,Intermediate
4715,30,30,0,100.0,20,10,8,12,0,2,0,Hard,13,87,62,Advanced
4716,30,21,9,70.0,38,9,10,2,1,0,8,Medium,8,61,35,Intermediate
4717,30,27,3,90.0,17,10,9,8,0,1,2,Hard,14,85,52,Advanced
4718,30,30,0,100.0,15,10,9,11,0,1,0,Hard,15,81,61,Advanced
4719,30,19,11,63.33,32,9,10,0,1,0,10,Medium,8,70,29,Intermediate
4720,30,25,5,83.33,21,10,8,7,0,2,3,Hard,15,96,47,Advanced
4721,30,27,3,90.0,25,10,9,8,0,1,2,Hard,10,84,52,Advanced
4722,30,12,18,40.0,46,6,5,1,4,5,9,Easy,5,52,19,Beginner
4723,30,27,3,90.0,19,10,8,9,0,2,1,Hard,15,97,53,Advanced
4724,30,19,11,63.33,34,8,8,3,2,2,7,Medium,5,77,33,Intermediate
4725,30,13,17,43.33,43,9,3,1,1,7,9,Easy,3,48,18,Beginner
4726,30,30,0,100.0,24,10,10,10,0,0,0,Hard,15,82,60,Advanced
4727,30,12,18,40.0,42,8,5,0,2,5,11,Easy,5,60,18,Beginner
4728,30,24,6,80.0,38,10,7,7,0,3,3,Medium,5,63,45,Intermediate
4729,30,28,2,93.33,23,10,9,9,0,1,1,Hard,9,91,55,Advanced
4730,30,23,7,76.67,38,8,10,5,2,0,5,Medium,7,77,43,Intermediate
4731,30,25,5,83.33,24,10,9,6,0,1,4,Hard,12,100,46,Advanced
4732,30,21,9,70.0,28,9,8,4,1,2,6,Medium,8,72,37,Intermediate
4733,30,20,10,66.67,28,10,9,1,0,1,9,Medium,7,66,31,Intermediate
4734,30,13,17,43.33,48,6,3,4,4,7,6,Easy,2,55,24,Beginner
4735,30,17,13,56.67,59,7,5,5,3,5,5,Easy,4,50,32,Beginner
4736,30,26,4,86.67,24,10,10,6,0,0,4,Hard,15,98,48,Advanced
4737,30,17,13,56.67,60,9,6,2,1,4,8,Easy,4,47,27,Beginner
4738,30,30,0,100.0,24,10,10,10,0,0,0,Hard,11,93,60,Advanced
4739,30,29,1,96.67,19,10,9,10,0,1,0,Hard,14,81,58,Advanced
4740,30,19,11,63.33,37,9,10,0,1,0,10,Medium,8,79,29,Intermediate
4741,30,22,8,73.33,34,8,10,4,2,0,6,Medium,7,61,40,Intermediate
4742,30,18,12,60.0,44,9,3,6,1,7,4,Easy,2,49,33,Beginner
4743,30,28,2,93.33,19,10,9,9,0,1,1,Hard,13,90,55,Advanced
4744,30,15,15,50.0,52,10,6,0,0,4,11,Easy,3,43,22,Beginner
4745,30,27,3,90.0,21,10,9,8,0,1,2,Hard,14,88,52,Advanced
4746,30,12,18,40.0,60,9,6,0,1,4,13,Easy,5,59,21,Beginner
4747,30,21,9,70.0,31,9,9,3,1,1,7,Medium,7,73,36,Intermediate
4748,30,21,9,70.0,29,10,9,2,0,1,8,Medium,6,61,34,Intermediate
4749,30,22,8,73.33,33,9,7,6,1,3,4,Medium,8,67,41,Intermediate
4750,30,14,16,46.67,59,7,6,1,3,4,9,Easy,4,40,22,Beginner
4751,30,24,6,80.0,25,10,7,7,0,3,3,Medium,8,73,45,Intermediate
4752,30,19,11,63.33,32,10,9,0,0,1,10,Medium,9,73,28,Intermediate
4753,30,29,1,96.67,23,10,9,10,0,1,0,Hard,8,94,58,Advanced
4754,30,19,11,63.33,26,10,10,0,0,0,11,Medium,6,64,30,Intermediate
4755,30,17,13,56.67,57,7,4,6,3,6,4,Easy,4,55,33,Beginner
4756,30,26,4,86.67,16,10,10,6,0,0,4,Hard,12,90,48,Advanced
4757,30,11,19,36.67,40,6,3,2,4,7,8,Easy,3,44,18,Beginner
4758,30,20,10,66.67,38,10,7,3,0,3,7,Medium,5,74,33,Intermediate
4759,30,22,8,73.33,32,8,10,4,2,0,6,Medium,9,61,40,Intermediate
4760,30,28,2,93.33,16,10,10,8,0,0,2,Hard,13,90,54,Advanced
4761,30,22,8,73.33,31,8,7,7,2,3,3,Medium,8,72,43,Intermediate
4762,30,24,6,80.0,36,9,10,5,1,0,5,Medium,5,80,44,Intermediate
4763,30,20,10,66.67,33,8,7,5,2,3,5,Medium,9,76,37,Intermediate
4764,30,20,10,66.67,37,8,10,2,2,0,8,Medium,7,72,34,Intermediate
4765,30,14,16,46.67,59,10,3,1,0,7,9,Easy,2,46,19,Beginner
4766,30,23,7,76.67,26,9,7,7,1,3,3,Medium,7,70,44,Intermediate
4767,30,23,7,76.67,37,8,9,6,2,1,4,Medium,6,74,44,Intermediate
4768,30,27,3,90.0,18,10,10,7,0,0,3,Hard,12,98,51,Advanced
4769,30,23,7,76.67,33,10,10,3,0,0,7,Medium,5,78,39,Intermediate
4770,30,27,3,90.0,22,10,10,7,0,0,3,Hard,13,100,51,Advanced
4771,30,28,2,93.33,17,10,10,8,0,0,2,Hard,12,90,54,Advanced
4772,30,24,6,80.0,31,8,10,6,2,0,4,Medium,6,74,46,Intermediate
4773,30,17,13,56.67,49,6,6,5,4,4,5,Easy,2,45,33,Beginner
4774,30,26,4,86.67,19,10,10,6,0,0,4,Hard,14,93,48,Advanced
4775,30,18,12,60.0,44,8,6,4,2,4,6,Easy,4,54,32,Beginner
4776,30,23,7,76.67,29,9,8,6,1,2,4,Medium,6,80,43,Intermediate
4777,30,19,11,63.33,27,9,10,0,1,0,10,Medium,9,77,29,Intermediate
4778,30,19,11,63.33,30,8,8,3,2,2,7,Medium,7,75,33,Intermediate
4779,30,25,5,83.33,15,10,9,6,0,1,4,Hard,10,81,46,Advanced
4780,30,19,11,63.33,28,9,10,0,1,0,10,Medium,5,64,29,Intermediate
4781,30,26,4,86.67,25,10,10,6,0,0,4,Hard,10,99,48,Advanced
4782,30,14,16,46.67,55,6,5,3,4,5,7,Easy,5,44,25,Beginner
4783,30,15,15,50.0,49,8,6,1,2,4,9,Easy,2,41,23,Beginner
4784,30,10,20,33.33,45,7,4,0,3,6,11,Easy,5,40,15,Beginner
4785,30,23,7,76.67,34,8,8,7,2,2,3,Medium,8,74,45,Intermediate
4786,30,21,9,70.0,33,9,10,2,1,0,8,Medium,7,64,35,Intermediate
4787,30,30,0,100.0,16,10,9,11,0,1,0,Hard,12,100,61,Advanced
4788,30,29,1,96.67,23,10,9,10,0,1,0,Hard,8,95,58,Advanced
4789,30,10,20,33.33,50,7,6,0,3,4,13,Easy,4,47,19,Beginner
4790,30,29,1,96.67,22,10,9,10,0,1,0,Hard,15,83,58,Advanced
4791,30,26,4,86.67,23,10,9,7,0,1,3,Hard,14,98,49,Advanced
4792,30,10,20,33.33,46,7,3,0,3,7,10,Easy,3,54,13,Beginner
4793,30,12,18,40.0,49,9,5,0,1,5,12,Easy,4,59,19,Beginner
4794,30,11,19,36.67,45,9,5,0,1,5,13,Easy,4,59,19,Beginner
4795,30,19,11,63.33,37,8,9,2,2,1,8,Medium,5,62,32,Intermediate
4796,30,26,4,86.67,24,10,8,8,0,2,2,Hard,8,84,50,Advanced
4797,30,29,1,96.67,19,10,9,10,0,1,0,Hard,13,96,58,Advanced
4798,30,26,4,86.67,21,10,10,6,0,0,4,Hard,15,83,48,Advanced
4799,30,12,18,40.0,44,10,3,0,0,7,11,Easy,4,43,16,Beginner
4800,30,28,2,93.33,21,10,10,8,0,0,2,Hard,14,98,54,Advanced
4801,30,19,11,63.33,33,8,10,1,2,0,9,Medium,6,71,31,Intermediate
4802,30,22,8,73.33,30,8,10,4,2,0,6,Medium,7,63,40,Intermediate
4803,30,23,7,76.67,25,9,7,7,1,3,3,Medium,5,76,44,Intermediate
4804,30,30,0,100.0,16,10,10,10,0,0,0,Hard,8,86,60,Advanced
4805,30,19,11,63.33,28,9,7,3,1,3,7,Medium,7,77,32,Intermediate
4806,30,30,0,100.0,20,10,10,10,0,0,0,Hard,8,83,60,Advanced
4807,30,17,13,56.67,41,10,3,4,0,7,6,Easy,3,53,28,Beginner
4808,30,21,9,70.0,29,8,8,5,2,2,5,Medium,9,71,39,Intermediate
4809,30,20,10,66.67,33,10,7,3,0,3,7,Medium,8,75,33,Intermediate
4810,30,15,15,50.0,56,6,4,5,4,6,5,Easy,4,41,29,Beginner
4811,30,29,1,96.67,16,10,8,11,0,2,0,Hard,11,81,59,Advanced
4812,30,20,10,66.67,28,8,9,3,2,1,7,Medium,6,68,35,Intermediate
4813,30,19,11,63.33,36,9,9,1,1,1,9,Medium,6,80,30,Intermediate
4814,30,11,19,36.67,57,6,5,0,4,5,10,Easy,3,60,16,Beginner
4815,30,22,8,73.33,38,9,7,6,1,3,4,Medium,7,71,41,Intermediate
4816,30,20,10,66.67,25,9,10,1,1,0,9,Medium,5,61,32,Intermediate
4817,30,19,11,63.33,28,9,8,2,1,2,8,Medium,6,63,31,Intermediate
4818,30,25,5,83.33,19,10,10,5,0,0,5,Hard,9,92,45,Advanced
4819,30,27,3,90.0,18,10,9,8,0,1,2,Hard,9,88,52,Advanced
4820,30,21,9,70.0,32,8,7,6,2,3,4,Medium,6,65,40,Intermediate
4821,30,22,8,73.33,35,8,8,6,2,2,4,Medium,6,79,42,Intermediate
4822,30,19,11,63.33,38,9,9,1,1,1,9,Medium,7,78,30,Intermediate
4823,30,30,0,100.0,24,10,10,10,0,0,0,Hard,8,92,60,Advanced
4824,30,28,2,93.33,25,10,8,10,0,2,0,Hard,13,85,56,Advanced
4825,30,29,1,96.67,18,10,10,9,0,0,1,Hard,14,89,57,Advanced
4826,30,10,20,33.33,55,8,6,0,2,4,14,Easy,5,48,20,Beginner
4827,30,26,4,86.67,22,10,8,8,0,2,2,Hard,8,95,50,Advanced
4828,30,21,9,70.0,28,9,10,2,1,0,8,Medium,9,66,35,Intermediate
4829,30,16,14,53.33,46,9,6,1,1,4,9,Easy,4,51,24,Beginner
4830,30,21,9,70.0,30,10,9,2,0,1,8,Medium,9,67,34,Intermediate
4831,30,17,13,56.67,59,10,6,1,0,4,9,Easy,2,52,25,Beginner
4832,30,23,7,76.67,37,8,9,6,2,1,4,Medium,6,77,44,Intermediate
4833,30,16,14,53.33,53,10,5,1,0,5,9,Easy,2,48,23,Beginner
4834,30,10,20,33.33,60,7,6,0,3,4,13,Easy,3,49,19,Beginner
4835,30,28,2,93.33,25,10,10,8,0,0,2,Hard,10,89,54,Advanced
4836,30,20,10,66.67,33,8,10,2,2,0,8,Medium,5,74,34,Intermediate
4837,30,20,10,66.67,35,10,8,2,0,2,8,Medium,6,62,32,Intermediate
4838,30,21,9,70.0,36,10,10,1,0,0,9,Medium,7,61,33,Intermediate
4839,30,16,14,53.33,52,8,5,3,2,5,7,Easy,5,46,27,Beginner
4840,30,10,20,33.33,58,9,6,0,1,4,15,Easy,3,56,21,Beginner
4841,30,30,0,100.0,15,10,9,11,0,1,0,Hard,13,94,61,Advanced
4842,30,26,4,86.67,22,10,10,6,0,0,4,Hard,8,100,48,Advanced
4843,30,11,19,36.67,40,9,4,0,1,6,12,Easy,3,51,17,Beginner
4844,30,11,19,36.67,57,6,4,1,4,6,9,Easy,4,41,17,Beginner
4845,30,22,8,73.33,37,9,7,6,1,3,4,Medium,8,66,41,Intermediate
4846,30,30,0,100.0,19,10,10,10,0,0,0,Hard,9,97,60,Advanced
4847,30,23,7,76.67,29,9,7,7,1,3,3,Medium,6,68,44,Intermediate
4848,30,14,16,46.67,50,8,3,3,2,7,7,Easy,5,45,23,Beginner
4849,30,20,10,66.67,30,10,10,0,0,0,10,Medium,7,64,30,Intermediate
4850,30,26,4,86.67,16,10,8,8,0,2,2,Hard,12,92,50,Advanced
4851,30,24,6,80.0,30,9,8,7,1,2,3,Medium,5,69,46,Intermediate
4852,30,24,6,80.0,25,9,10,5,1,0,5,Medium,8,63,44,Intermediate
4853,30,17,13,56.67,47,6,4,7,4,6,3,Easy,3,60,35,Beginner
4854,30,17,13,56.67,53,10,4,3,0,6,7,Easy,5,44,27,Beginner
4855,30,23,7,76.67,35,8,10,5,2,0,5,Medium,9,74,43,Intermediate
4856,30,18,12,60.0,55,9,6,3,1,4,7,Easy,4,55,30,Beginner
4857,30,13,17,43.33,44,9,5,0,1,5,11,Easy,4,55,19,Beginner
4858,30,30,0,100.0,23,10,9,11,0,1,0,Hard,9,99,61,Advanced
4859,30,12,18,40.0,56,7,4,1,3,6,9,Easy,4,50,18,Beginner
4860,30,26,4,86.67,23,10,8,8,0,2,2,Hard,12,82,50,Advanced
4861,30,21,9,70.0,26,8,7,6,2,3,4,Medium,5,67,40,Intermediate
4862,30,15,15,50.0,59,7,3,5,3,7,5,Easy,4,56,28,Beginner
4863,30,22,8,73.33,35,8,9,5,2,1,5,Medium,6,65,41,Intermediate
4864,30,30,0,100.0,20,10,9,11,0,1,0,Hard,14,94,61,Advanced
4865,30,13,17,43.33,45,8,3,2,2,7,8,Easy,5,53,20,Beginner
4866,30,28,2,93.33,25,10,10,8,0,0,2,Hard,10,94,54,Advanced
4867,30,20,10,66.67,28,9,10,1,1,0,9,Medium,7,74,32,Intermediate
4868,30,25,5,83.33,25,10,10,5,0,0,5,Hard,15,96,45,Advanced
4869,30,22,8,73.33,37,8,7,7,2,3,3,Medium,7,80,43,Intermediate
4870,30,25,5,83.33,16,10,8,7,0,2,3,Hard,14,100,47,Advanced
4871,30,21,9,70.0,25,10,7,4,0,3,6,Medium,8,74,36,Intermediate
4872,30,14,16,46.67,56,8,4,2,2,6,8,Easy,3,54,22,Beginner
4873,30,19,11,63.33,26,10,10,0,0,0,11,Medium,8,66,30,Intermediate
4874,30,24,6,80.0,37,10,10,4,0,0,6,Medium,6,68,42,Intermediate
4875,30,20,10,66.67,29,8,10,2,2,0,8,Medium,9,64,34,Intermediate
4876,30,16,14,53.33,49,6,4,6,4,6,4,Easy,2,54,32,Beginner
4877,30,19,11,63.33,27,10,8,1,0,2,9,Medium,6,72,29,Intermediate
4878,30,23,7,76.67,38,9,7,7,1,3,3,Medium,7,61,44,Intermediate
4879,30,22,8,73.33,27,8,10,4,2,0,6,Medium,9,68,40,Intermediate
4880,30,30,0,100.0,18,10,9,11,0,1,0,Hard,10,99,61,Advanced
4881,30,23,7,76.67,34,10,10,3,0,0,7,Medium,6,68,39,Intermediate
4882,30,19,11,63.33,25,8,8,3,2,2,7,Medium,5,79,33,Intermediate
4883,30,13,17,43.33,51,7,4,2,3,6,8,Easy,2,59,21,Beginner
4884,30,25,5,83.33,17,10,8,7,0,2,3,Hard,8,91,47,Advanced
4885,30,23,7,76.67,30,9,7,7,1,3,3,Medium,6,75,44,Intermediate
4886,30,29,1,96.67,23,10,9,10,0,1,0,Hard,14,98,58,Advanced
4887,30,22,8,73.33,34,9,10,3,1,0,7,Medium,7,69,38,Intermediate
4888,30,28,2,93.33,18,10,8,10,0,2,0,Hard,8,90,56,Advanced
4889,30,14,16,46.67,41,6,5,3,4,5,7,Easy,4,51,25,Beginner
4890,30,30,0,100.0,22,10,8,12,0,2,0,Hard,8,87,62,Advanced
4891,30,20,10,66.67,26,10,8,2,0,2,8,Medium,6,63,32,Intermediate
4892,30,24,6,80.0,31,10,8,6,0,2,4,Medium,9,62,44,Intermediate
4893,30,21,9,70.0,34,8,8,5,2,2,5,Medium,7,71,39,Intermediate
4894,30,26,4,86.67,19,10,8,8,0,2,2,Hard,12,99,50,Advanced
4895,30,11,19,36.67,55,6,5,0,4,5,10,Easy,2,49,16,Beginner
4896,30,22,8,73.33,36,10,10,2,0,0,8,Medium,8,65,36,Intermediate
4897,30,11,19,36.67,50,9,3,0,1,7,11,Easy,3,56,15,Beginner
4898,30,21,9,70.0,34,10,9,2,0,1,8,Medium,7,73,34,Intermediate
4899,30,11,19,36.67,57,7,6,0,3,4,12,Easy,3,58,19,Beginner
4900,30,20,10,66.67,33,8,9,3,2,1,7,Medium,8,64,35,Intermediate
4901,30,18,12,60.0,49,6,3,9,4,7,1,Easy,3,46,39,Beginner
4902,30,28,2,93.33,15,10,9,9,0,1,1,Hard,8,83,55,Advanced
4903,30,23,7,76.67,29,8,8,7,2,2,3,Medium,8,63,45,Intermediate
4904,30,20,10,66.67,29,8,7,5,2,3,5,Medium,9,74,37,Intermediate
4905,30,25,5,83.33,15,10,9,6,0,1,4,Hard,10,93,46,Advanced
4906,30,25,5,83.33,17,10,8,7,0,2,3,Hard,14,87,47,Advanced
4907,30,14,16,46.67,47,10,5,0,0,5,11,Easy,2,56,20,Beginner
4908,30,19,11,63.33,33,9,8,2,1,2,8,Medium,7,62,31,Intermediate
4909,30,22,8,73.33,30,9,9,4,1,1,6,Medium,6,78,39,Intermediate
4910,30,23,7,76.67,30,10,9,4,0,1,6,Medium,6,77,40,Intermediate
4911,30,12,18,40.0,49,7,3,2,3,7,8,Easy,4,46,19,Beginner
4912,30,29,1,96.67,19,10,9,10,0,1,0,Hard,10,90,58,Advanced
4913,30,15,15,50.0,52,6,5,4,4,5,6,Easy,2,49,28,Beginner
4914,30,16,14,53.33,50,8,3,5,2,7,5,Easy,4,57,29,Beginner
4915,30,25,5,83.33,18,10,8,7,0,2,3,Hard,9,98,47,Advanced
4916,30,17,13,56.67,48,7,3,7,3,7,3,Easy,5,49,34,Beginner
4917,30,21,9,70.0,29,8,7,6,2,3,4,Medium,6,67,40,Intermediate
4918,30,13,17,43.33,48,9,6,0,1,4,12,Easy,4,42,21,Beginner
4919,30,20,10,66.67,35,10,9,1,0,1,9,Medium,8,69,31,Intermediate
4920,30,29,1,96.67,15,10,9,10,0,1,0,Hard,9,96,58,Advanced
4921,30,23,7,76.67,25,9,8,6,1,2,4,Medium,6,62,43,Intermediate
4922,30,12,18,40.0,40,6,6,0,4,4,10,Easy,3,47,18,Beginner
4923,30,17,13,56.67,50,6,5,6,4,5,4,Easy,2,57,34,Beginner
4924,30,19,11,63.33,32,8,10,1,2,0,9,Medium,5,68,31,Intermediate
4925,30,17,13,56.67,50,7,6,4,3,4,6,Easy,2,47,31,Beginner
4926,30,11,19,36.67,45,6,3,2,4,7,8,Easy,3,53,18,Beginner
4927,30,19,11,63.33,37,8,8,3,2,2,7,Medium,5,62,33,Intermediate
4928,30,19,11,63.33,32,10,9,0,0,1,10,Medium,7,70,28,Intermediate
4929,30,28,2,93.33,25,10,8,10,0,2,0,Hard,13,86,56,Advanced
4930,30,12,18,40.0,47,7,6,0,3,4,11,Easy,3,55,19,Beginner
4931,30,28,2,93.33,23,10,8,10,0,2,0,Hard,11,90,56,Advanced
4932,30,19,11,63.33,27,10,7,2,0,3,8,Medium,8,72,30,Intermediate
4933,30,25,5,83.33,15,10,10,5,0,0,5,Hard,8,84,45,Advanced
4934,30,25,5,83.33,19,10,8,7,0,2,3,Hard,8,96,47,Advanced
4935,30,26,4,86.67,18,10,10,6,0,0,4,Hard,14,84,48,Advanced
4936,30,23,7,76.67,27,8,10,5,2,0,5,Medium,5,62,43,Intermediate
4937,30,22,8,73.33,36,8,10,4,2,0,6,Medium,6,69,40,Intermediate
4938,30,25,5,83.33,24,10,9,6,0,1,4,Hard,11,95,46,Advanced
4939,30,27,3,90.0,22,10,9,8,0,1,2,Hard,14,85,52,Advanced
4940,30,29,1,96.67,19,10,9,10,0,1,0,Hard,9,81,58,Advanced
4941,30,28,2,93.33,22,10,10,8,0,0,2,Hard,15,84,54,Advanced
4942,30,30,0,100.0,21,10,9,11,0,1,0,Hard,12,81,61,Advanced
4943,30,18,12,60.0,40,9,5,4,1,5,6,Easy,2,50,31,Beginner
4944,30,22,8,73.33,28,10,7,5,0,3,5,Medium,5,77,39,Intermediate
4945,30,27,3,90.0,16,10,10,7,0,0,3,Hard,8,93,51,Advanced
4946,30,27,3,90.0,15,10,10,7,0,0,3,Hard,12,85,51,Advanced
4947,30,25,5,83.33,20,10,8,7,0,2,3,Hard,13,82,47,Advanced
4948,30,20,10,66.67,34,10,9,1,0,1,9,Medium,6,72,31,Intermediate
4949,30,16,14,53.33,55,6,6,4,4,4,6,Easy,3,60,30,Beginner
4950,30,20,10,66.67,26,9,7,4,1,3,6,Medium,7,77,35,Intermediate
4951,30,19,11,63.33,32,9,9,1,1,1,9,Medium,8,79,30,Intermediate
4952,30,20,10,66.67,26,10,9,1,0,1,9,Medium,5,73,31,Intermediate
4953,30,19,11,63.33,25,9,7,3,1,3,7,Medium,9,66,32,Intermediate
4954,30,22,8,73.33,36,10,9,3,0,1,7,Medium,8,62,37,Intermediate
4955,30,14,16,46.67,41,8,5,1,2,5,9,Easy,3,48,21,Beginner
4956,30,18,12,60.0,41,6,5,7,4,5,3,Easy,2,52,37,Beginner
4957,30,24,6,80.0,34,8,10,6,2,0,4,Medium,6,61,46,Intermediate
4958,30,14,16,46.67,45,7,3,4,3,7,6,Easy,2,54,25,Beginner
4959,30,25,5,83.33,16,10,8,7,0,2,3,Hard,13,95,47,Advanced
4960,30,13,17,43.33,58,9,3,1,1,7,9,Easy,4,50,18,Beginner
4961,30,24,6,80.0,35,8,9,7,2,1,3,Medium,8,70,47,Intermediate
4962,30,15,15,50.0,47,7,6,2,3,4,8,Easy,2,55,25,Beginner
4963,30,18,12,60.0,51,9,3,6,1,7,4,Easy,5,40,33,Beginner
4964,30,16,14,53.33,39,9,6,1,1,4,9,Easy,3,49,24,Beginner
4965,30,11,19,36.67,52,6,4,1,4,6,9,Easy,5,49,17,Beginner
4966,30,12,18,40.0,46,9,6,0,1,4,13,Easy,4,59,21,Beginner
4967,30,16,14,53.33,46,10,5,1,0,5,9,Easy,5,51,23,Beginner
4968,30,21,9,70.0,33,10,7,4,0,3,6,Medium,7,63,36,Intermediate
4969,30,25,5,83.33,15,10,8,7,0,2,3,Hard,13,98,47,Advanced
4970,30,20,10,66.67,34,10,9,1,0,1,9,Medium,5,64,31,Intermediate
4971,30,10,20,33.33,44,7,5,0,3,5,12,Easy,5,48,17,Beginner
4972,30,13,17,43.33,56,6,4,3,4,6,7,Easy,5,57,23,Beginner
4973,30,25,5,83.33,25,10,10,5,0,0,5,Hard,9,93,45,Advanced
4974,30,10,20,33.33,42,8,3,0,2,7,11,Easy,5,60,14,Beginner
4975,30,25,5,83.33,20,10,10,5,0,0,5,Hard,13,91,45,Advanced
4976,30,30,0,100.0,23,10,10,10,0,0,0,Hard,11,87,60,Advanced
4977,30,28,2,93.33,16,10,9,9,0,1,1,Hard,11,81,55,Advanced
4978,30,19,11,63.33,34,10,9,0,0,1,10,Medium,7,74,28,Intermediate
4979,30,24,6,80.0,34,9,8,7,1,2,3,Medium,6,62,46,Intermediate
4980,30,30,0,100.0,20,10,10,10,0,0,0,Hard,12,82,60,Advanced
4981,30,23,7,76.67,38,10,9,4,0,1,6,Medium,9,61,40,Intermediate
4982,30,30,0,100.0,15,10,10,10,0,0,0,Hard,14,88,60,Advanced
4983,30,12,18,40.0,53,7,4,1,3,6,9,Easy,3,44,18,Beginner
4984,30,28,2,93.33,23,10,8,10,0,2,0,Hard,12,99,56,Advanced
4985,30,19,11,63.33,38,8,7,4,2,3,6,Medium,5,62,34,Intermediate
4986,30,29,1,96.67,20,10,8,11,0,2,0,Hard,11,99,59,Advanced
4987,30,10,20,33.33,47,10,4,0,0,6,14,Easy,4,40,18,Beginner
4988,30,26,4,86.67,20,10,8,8,0,2,2,Hard,8,83,50,Advanced
4989,30,13,17,43.33,47,7,3,3,3,7,7,Easy,4,55,22,Beginner
4990,30,15,15,50.0,42,7,4,4,3,6,6,Easy,2,50,27,Beginner
4991,30,23,7,76.67,37,9,10,4,1,0,6,Medium,9,67,41,Intermediate
4992,30,10,20,33.33,52,9,3,0,1,7,12,Easy,2,54,15,Beginner
4993,30,13,17,43.33,42,8,3,2,2,7,8,Easy,3,58,20,Beginner
4994,30,18,12,60.0,50,8,6,4,2,4,6,Easy,3,52,32,Beginner
4995,30,22,8,73.33,27,10,8,4,0,2,6,Medium,6,62,38,Intermediate
4996,30,21,9,70.0,38,8,9,4,2,1,6,Medium,5,78,38,Intermediate
4997,30,17,13,56.67,51,10,4,3,0,6,7,Easy,3,53,27,Beginner
4998,30,23,7,76.67,37,9,10,4,1,0,6,Medium,8,79,41,Intermediate
4999,30,27,3,90.0,16,10,10,7,0,0,3,Hard,8,84,51,Advanced
5000,30,19,11,63.33,27,10,8,1,0,2,9,Medium,6,79,29,Intermediate
