StudentID,QuestionsAttempted,CorrectAnswers,WrongAnswers,Accuracy,AverageResponseTime,EasyCorrect,MediumCorrect,HardCorrect,EasyWrong,MediumWrong,HardWrong,CurrentDifficulty,LongestCorrectStreak,ConfidenceScore,FinalScore,SkillLevel
1,30,23,7,76.67,39,10,8,5,0,2,5,Hard,10,57,41,Intermediate
2,30,26,4,86.67,36,8,7,11,2,3,0,Medium,5,82,55,Intermediate
3,30,26,4,86.67,21,10,10,6,0,0,4,Hard,8,100,48,Advanced
4,30,25,5,83.33,33,8,7,10,2,3,0,Hard,10,54,52,Intermediate
5,30,23,7,76.67,19,10,8,5,0,2,5,Hard,15,75,41,Advanced
6,30,17,13,56.67,37,7,3,7,3,7,3,Easy,6,58,34,Beginner
7,30,26,4,86.67,30,10,10,6,0,0,4,Hard,10,81,48,Intermediate
8,30,19,11,63.33,52,10,5,4,0,5,6,Easy,6,60,32,Beginner
9,30,18,12,60.0,36,8,8,2,2,2,8,Hard,8,59,30,Intermediate
10,30,19,11,63.33,35,8,10,1,2,0,9,Hard,7,78,31,Intermediate
11,30,17,13,56.67,59,6,3,8,4,7,2,Easy,6,69,36,Beginner
12,30,21,9,70.0,25,10,9,2,0,1,8,Easy,6,74,34,Intermediate
13,30,14,16,46.67,55,6,4,4,4,6,6,Easy,6,46,26,Beginner
14,30,27,3,90.0,15,10,10,7,0,0,3,Hard,14,95,51,Advanced
15,30,27,3,90.0,25,10,10,7,0,0,3,Medium,13,92,51,Advanced
16,30,29,1,96.67,21,10,10,9,0,0,1,Hard,8,71,57,Advanced
17,30,18,12,60.0,36,7,5,6,3,5,4,Medium,7,70,35,Beginner
18,30,12,18,40.0,44,10,6,0,0,4,14,Medium,6,44,22,Beginner
19,30,13,17,43.33,52,7,4,2,3,6,8,Medium,3,39,21,Beginner
20,30,13,17,43.33,57,10,6,0,0,4,13,Medium,6,49,22,Beginner
21,30,28,2,93.33,27,10,8,10,0,2,0,Hard,8,82,56,Advanced
22,30,26,4,86.67,18,10,9,7,0,1,3,Medium,13,100,49,Advanced
23,30,13,17,43.33,42,9,4,0,1,6,10,Medium,2,42,17,Beginner
24,30,26,4,86.67,32,10,9,7,0,1,3,Medium,5,60,49,Intermediate
25,30,26,4,86.67,33,9,9,8,1,1,2,Easy,5,58,51,Intermediate
26,30,24,6,80.0,28,10,9,5,0,1,5,Hard,15,98,43,Advanced
27,30,19,11,63.33,35,8,10,1,2,0,9,Medium,4,57,31,Intermediate
28,30,20,10,66.67,22,9,10,1,1,0,9,Medium,6,56,32,Intermediate
29,30,25,5,83.33,26,10,8,7,0,2,3,Hard,10,82,47,Intermediate
30,30,16,14,53.33,50,8,6,2,2,4,8,Medium,5,66,26,Beginner
31,30,20,10,66.67,40,10,9,1,0,1,9,Medium,5,63,31,Intermediate
32,30,30,0,100.0,19,10,9,11,0,1,0,Medium,15,93,61,Advanced
33,30,18,12,60.0,36,8,7,3,2,3,7,Medium,5,79,31,Intermediate
34,30,19,11,63.33,38,8,10,1,2,0,9,Easy,7,65,31,Intermediate
35,30,12,18,40.0,44,7,3,2,3,7,8,Easy,2,62,19,Beginner
36,30,22,8,73.33,23,10,8,4,0,2,6,Hard,9,87,38,Advanced
37,30,29,1,96.67,24,10,10,9,0,0,1,Hard,15,100,57,Advanced
38,30,24,6,80.0,27,10,9,5,0,1,5,Easy,10,64,43,Intermediate
39,30,28,2,93.33,27,10,10,8,0,0,2,Medium,10,72,54,Advanced
40,30,28,2,93.33,29,10,8,10,0,2,0,Medium,14,98,56,Advanced
41,30,15,15,50.0,60,6,3,6,4,7,4,Easy,4,66,30,Beginner
42,30,17,13,56.67,42,8,9,0,2,1,10,Medium,7,79,26,Intermediate
43,30,14,16,46.67,45,9,5,0,1,5,10,Easy,3,66,19,Beginner
44,30,23,7,76.67,37,9,7,7,1,3,3,Hard,8,66,44,Intermediate
45,30,18,12,60.0,41,9,7,2,1,3,8,Medium,5,82,29,Intermediate
46,30,17,13,56.67,36,9,9,0,1,1,11,Easy,6,71,27,Intermediate
47,30,17,13,56.67,28,10,9,0,0,1,12,Medium,10,71,28,Intermediate
48,30,29,1,96.67,30,10,9,10,0,1,0,Hard,9,81,58,Advanced
49,30,28,2,93.33,18,10,9,9,0,1,1,Hard,15,97,55,Advanced
50,30,17,13,56.67,39,9,6,2,1,4,8,Medium,7,61,27,Beginner
51,30,16,14,53.33,41,7,3,6,3,7,4,Medium,6,57,31,Beginner
52,30,23,7,76.67,41,9,7,7,1,3,3,Easy,10,69,44,Intermediate
53,30,24,6,80.0,22,8,7,9,2,3,1,Easy,10,75,49,Intermediate
54,30,23,7,76.67,19,10,10,3,0,0,7,Hard,10,76,39,Advanced
55,30,16,14,53.33,57,6,5,5,4,5,5,Medium,7,45,31,Beginner
56,30,23,7,76.67,35,10,10,3,0,0,7,Hard,4,76,39,Intermediate
57,30,22,8,73.33,40,8,10,4,2,0,6,Medium,7,55,40,Intermediate
58,30,22,8,73.33,34,9,9,4,1,1,6,Hard,9,50,39,Intermediate
59,30,19,11,63.33,46,8,5,6,2,5,4,Medium,2,64,36,Beginner
60,30,23,7,76.67,29,10,10,3,0,0,7,Hard,9,94,39,Advanced
61,30,23,7,76.67,28,9,7,7,1,3,3,Hard,10,77,44,Intermediate
62,30,24,6,80.0,27,10,10,4,0,0,6,Hard,15,71,42,Advanced
63,30,12,18,40.0,38,9,4,0,1,6,11,Easy,3,60,17,Beginner
64,30,19,11,63.33,42,8,3,8,2,7,2,Easy,2,44,38,Beginner
65,30,22,8,73.33,38,10,7,5,0,3,5,Medium,7,78,39,Intermediate
66,30,12,18,40.0,47,7,3,2,3,7,8,Easy,4,65,19,Beginner
67,30,15,15,50.0,52,10,5,0,0,5,10,Medium,4,40,20,Beginner
68,30,26,4,86.67,16,10,10,6,0,0,4,Medium,13,73,48,Advanced
69,30,24,6,80.0,29,8,7,9,2,3,1,Easy,5,51,49,Intermediate
70,30,29,1,96.67,22,10,8,11,0,2,0,Medium,11,100,59,Advanced
71,30,18,12,60.0,53,10,4,4,0,6,6,Medium,4,43,30,Beginner
72,30,12,18,40.0,47,8,4,0,2,6,10,Medium,5,36,16,Beginner
73,30,26,4,86.67,24,10,9,7,0,1,3,Medium,10,79,49,Intermediate
74,30,24,6,80.0,21,10,10,4,0,0,6,Medium,14,88,42,Advanced
75,30,25,5,83.33,26,8,10,7,2,0,3,Medium,10,74,49,Intermediate
76,30,29,1,96.67,23,10,10,9,0,0,1,Hard,8,87,57,Advanced
77,30,18,12,60.0,40,8,5,5,2,5,5,Medium,3,68,33,Beginner
78,30,27,3,90.0,30,10,8,9,0,2,1,Medium,12,75,53,Advanced
79,30,24,6,80.0,35,9,7,8,1,3,2,Hard,5,82,47,Intermediate
80,30,22,8,73.33,29,10,10,2,0,0,8,Medium,7,79,36,Advanced
81,30,25,5,83.33,17,10,8,7,0,2,3,Medium,10,93,47,Advanced
82,30,23,7,76.67,32,9,10,4,1,0,6,Hard,5,67,41,Intermediate
83,30,19,11,63.33,39,8,9,2,2,1,8,Medium,10,76,32,Intermediate
84,30,23,7,76.67,26,10,10,3,0,0,7,Hard,8,68,39,Intermediate
85,30,19,11,63.33,36,9,8,2,1,2,8,Easy,4,65,31,Intermediate
86,30,29,1,96.67,32,10,9,10,0,1,0,Hard,13,78,58,Advanced
87,30,30,0,100.0,24,10,10,10,0,0,0,Medium,12,97,60,Advanced
88,30,28,2,93.33,28,10,9,9,0,1,1,Medium,11,80,55,Advanced
89,30,21,9,70.0,30,9,9,3,1,1,7,Easy,4,74,36,Intermediate
90,30,25,5,83.33,24,8,9,8,2,1,2,Hard,9,82,50,Intermediate
91,30,27,3,90.0,30,10,10,7,0,0,3,Medium,13,93,51,Advanced
92,30,21,9,70.0,38,10,7,4,0,3,6,Hard,5,71,36,Intermediate
93,30,20,10,66.67,51,10,5,5,0,5,5,Medium,5,54,35,Beginner
94,30,26,4,86.67,18,10,10,6,0,0,4,Hard,13,91,48,Advanced
95,30,22,8,73.33,29,8,10,4,2,0,6,Medium,5,61,40,Intermediate
96,30,17,13,56.67,55,9,5,3,1,5,7,Medium,3,53,28,Beginner
97,30,27,3,90.0,26,10,10,7,0,0,3,Medium,9,85,51,Advanced
98,30,13,17,43.33,57,9,5,0,1,5,11,Medium,6,37,19,Beginner
99,30,24,6,80.0,22,8,10,6,2,0,4,Easy,9,55,46,Intermediate
100,30,14,16,46.67,42,7,6,1,3,4,9,Medium,2,36,22,Beginner
101,30,21,9,70.0,41,10,8,3,0,2,7,Hard,7,61,35,Intermediate
102,30,22,8,73.33,18,10,9,3,0,1,7,Medium,12,90,37,Advanced
103,30,22,8,73.33,39,9,10,3,1,0,7,Easy,7,59,38,Intermediate
104,30,24,6,80.0,21,10,10,4,0,0,6,Hard,9,75,42,Advanced
105,30,15,15,50.0,41,8,6,1,2,4,9,Easy,6,36,23,Beginner
106,30,19,11,63.33,52,9,3,7,1,7,3,Easy,6,45,36,Beginner
107,30,23,7,76.67,40,9,8,6,1,2,4,Easy,8,69,43,Intermediate
108,30,15,15,50.0,47,6,5,4,4,5,6,Easy,5,58,28,Beginner
109,30,21,9,70.0,39,8,8,5,2,2,5,Hard,10,73,39,Intermediate
110,30,23,7,76.67,28,10,9,4,0,1,6,Medium,11,87,40,Advanced
111,30,24,6,80.0,41,9,8,7,1,2,3,Medium,6,75,46,Intermediate
112,30,30,0,100.0,27,10,8,12,0,2,0,Hard,9,96,62,Advanced
113,30,24,6,80.0,26,10,7,7,0,3,3,Easy,8,65,45,Intermediate
114,30,26,4,86.67,22,10,9,7,0,1,3,Hard,15,82,49,Advanced
115,30,25,5,83.33,23,10,9,6,0,1,4,Hard,13,93,46,Advanced
116,30,20,10,66.67,36,8,9,3,2,1,7,Hard,4,55,35,Intermediate
117,30,24,6,80.0,31,8,10,6,2,0,4,Easy,5,76,46,Intermediate
118,30,23,7,76.67,34,10,8,5,0,2,5,Easy,6,76,41,Intermediate
119,30,18,12,60.0,55,6,4,8,4,6,2,Medium,4,69,38,Beginner
120,30,22,8,73.33,26,9,9,4,1,1,6,Hard,7,77,39,Intermediate
121,30,18,12,60.0,56,9,4,5,1,6,5,Easy,6,68,32,Beginner
122,30,18,12,60.0,39,8,10,0,2,0,10,Hard,5,79,28,Intermediate
123,30,14,16,46.67,47,6,5,3,4,5,7,Easy,4,38,25,Beginner
124,30,20,10,66.67,37,9,7,4,1,3,6,Easy,10,78,35,Intermediate
125,30,29,1,96.67,19,10,9,10,0,1,0,Hard,14,83,58,Advanced
126,30,25,5,83.33,25,10,10,5,0,0,5,Hard,5,59,45,Intermediate
127,30,25,5,83.33,34,8,7,10,2,3,0,Easy,10,66,52,Intermediate
128,30,29,1,96.67,26,10,9,10,0,1,0,Hard,8,71,58,Advanced
129,30,25,5,83.33,25,10,9,6,0,1,4,Hard,8,85,46,Advanced
130,30,26,4,86.67,35,8,10,8,2,0,2,Medium,8,51,52,Intermediate
131,30,26,4,86.67,27,10,9,7,0,1,3,Medium,10,80,49,Advanced
132,30,18,12,60.0,44,8,5,5,2,5,5,Easy,3,46,33,Beginner
133,30,24,6,80.0,16,10,9,5,0,1,5,Medium,10,92,43,Advanced
134,30,30,0,100.0,22,10,10,10,0,0,0,Medium,15,78,60,Advanced
135,30,22,8,73.33,27,10,8,4,0,2,6,Medium,8,97,38,Advanced
136,30,23,7,76.67,21,10,9,4,0,1,6,Hard,9,77,40,Advanced
137,30,22,8,73.33,25,10,9,3,0,1,7,Hard,10,54,37,Intermediate
138,30,17,13,56.67,51,7,3,7,3,7,3,Easy,5,40,34,Beginner
139,30,28,2,93.33,22,10,8,10,0,2,0,Hard,14,72,56,Advanced
140,30,14,16,46.67,47,7,6,1,3,4,9,Easy,7,68,22,Beginner
141,30,23,7,76.67,27,10,8,5,0,2,5,Medium,7,76,41,Advanced
142,30,24,6,80.0,19,10,8,6,0,2,4,Medium,13,100,44,Advanced
143,30,20,10,66.67,27,9,8,3,1,2,7,Hard,9,73,34,Intermediate
144,30,25,5,83.33,32,10,10,5,0,0,5,Medium,9,100,45,Advanced
145,30,22,8,73.33,29,8,8,6,2,2,4,Hard,9,55,42,Intermediate
146,30,13,17,43.33,36,10,3,0,0,7,10,Easy,7,70,16,Beginner
147,30,17,13,56.67,32,10,9,0,0,1,12,Easy,5,60,28,Intermediate
148,30,20,10,66.67,57,6,6,8,4,4,2,Easy,5,58,42,Beginner
149,30,28,2,93.33,16,10,10,8,0,0,2,Medium,12,98,54,Advanced
150,30,19,11,63.33,40,8,7,4,2,3,6,Medium,4,74,34,Intermediate
151,30,23,7,76.67,23,10,9,4,0,1,6,Hard,15,84,40,Advanced
152,30,12,18,40.0,43,10,3,0,0,7,11,Medium,6,61,16,Beginner
153,30,22,8,73.33,42,9,7,6,1,3,4,Easy,8,54,41,Intermediate
154,30,22,8,73.33,23,9,8,5,1,2,5,Medium,5,59,40,Intermediate
155,30,25,5,83.33,32,10,9,6,0,1,4,Hard,10,75,46,Intermediate
156,30,21,9,70.0,37,8,9,4,2,1,6,Medium,4,52,38,Intermediate
157,30,26,4,86.67,19,10,10,6,0,0,4,Hard,9,80,48,Advanced
158,30,15,15,50.0,38,6,3,6,4,7,4,Medium,6,53,30,Beginner
159,30,12,18,40.0,58,6,3,3,4,7,7,Medium,6,48,21,Beginner
160,30,19,11,63.33,36,9,6,4,1,4,6,Medium,2,48,33,Beginner
161,30,17,13,56.67,37,8,3,6,2,7,4,Easy,7,66,32,Beginner
162,30,24,6,80.0,20,10,10,4,0,0,6,Hard,14,70,42,Advanced
163,30,17,13,56.67,25,9,10,0,1,0,12,Medium,9,76,29,Intermediate
164,30,26,4,86.67,36,9,8,9,1,2,1,Easy,10,51,52,Intermediate
165,30,19,11,63.33,29,10,7,2,0,3,8,Medium,10,53,30,Intermediate
166,30,17,13,56.67,23,10,8,0,0,2,11,Easy,5,63,26,Intermediate
167,30,22,8,73.33,39,8,9,5,2,1,5,Medium,5,53,41,Intermediate
168,30,21,9,70.0,41,8,7,6,2,3,4,Easy,10,63,40,Intermediate
169,30,18,12,60.0,22,10,8,0,0,2,10,Hard,7,77,26,Intermediate
170,30,17,13,56.67,27,9,7,1,1,3,9,Easy,7,81,26,Intermediate
171,30,25,5,83.33,35,10,8,7,0,2,3,Hard,8,56,47,Intermediate
172,30,20,10,66.67,38,10,10,0,0,0,10,Medium,5,68,30,Intermediate
173,30,15,15,50.0,51,10,3,2,0,7,8,Easy,5,37,22,Beginner
174,30,27,3,90.0,27,10,10,7,0,0,3,Hard,8,80,51,Advanced
175,30,12,18,40.0,39,6,3,3,4,7,7,Medium,5,54,21,Beginner
176,30,26,4,86.67,35,10,9,7,0,1,3,Hard,10,77,49,Intermediate
177,30,24,6,80.0,18,10,9,5,0,1,5,Medium,9,90,43,Advanced
178,30,25,5,83.33,19,10,10,5,0,0,5,Medium,7,83,45,Advanced
179,30,21,9,70.0,40,8,8,5,2,2,5,Hard,6,58,39,Intermediate
180,30,18,12,60.0,26,8,8,2,2,2,8,Medium,6,50,30,Intermediate
181,30,15,15,50.0,37,7,5,3,3,5,7,Easy,4,48,26,Beginner
182,30,16,14,53.33,35,8,5,3,2,5,7,Easy,7,38,27,Beginner
183,30,23,7,76.67,16,10,8,5,0,2,5,Medium,8,86,41,Advanced
184,30,18,12,60.0,59,9,4,5,1,6,5,Easy,4,61,32,Beginner
185,30,24,6,80.0,28,10,8,6,0,2,4,Medium,9,74,44,Advanced
186,30,25,5,83.33,41,10,9,6,0,1,4,Hard,6,66,46,Intermediate
187,30,19,11,63.33,22,10,9,0,0,1,10,Easy,7,62,28,Intermediate
188,30,23,7,76.67,28,10,8,5,0,2,5,Hard,8,93,41,Advanced
189,30,29,1,96.67,32,10,8,11,0,2,0,Medium,14,77,59,Advanced
190,30,16,14,53.33,43,8,3,5,2,7,5,Medium,6,41,29,Beginner
191,30,27,3,90.0,15,10,8,9,0,2,1,Hard,13,74,53,Advanced
192,30,23,7,76.67,29,10,10,3,0,0,7,Medium,13,82,39,Advanced
193,30,12,18,40.0,37,10,4,0,0,6,12,Easy,3,65,18,Beginner
194,30,17,13,56.67,25,10,8,0,0,2,11,Medium,8,64,26,Intermediate
195,30,14,16,46.67,51,6,5,3,4,5,7,Medium,2,51,25,Beginner
196,30,20,10,66.67,32,10,10,0,0,0,10,Easy,7,53,30,Intermediate
197,30,18,12,60.0,48,8,5,5,2,5,5,Medium,5,41,33,Beginner
198,30,19,11,63.33,51,9,4,6,1,6,4,Easy,5,57,35,Beginner
199,30,12,18,40.0,54,10,6,0,0,4,14,Easy,3,50,22,Beginner
200,30,25,5,83.33,17,10,10,5,0,0,5,Medium,8,76,45,Advanced
201,30,24,6,80.0,35,10,8,6,0,2,4,Medium,6,55,44,Intermediate
202,30,25,5,83.33,28,9,9,7,1,1,3,Hard,6,58,48,Intermediate
203,30,17,13,56.67,38,6,5,6,4,5,4,Medium,6,47,34,Beginner
204,30,18,12,60.0,53,7,3,8,3,7,2,Easy,6,37,37,Beginner
205,30,18,12,60.0,36,8,7,3,2,3,7,Easy,7,54,31,Intermediate
206,30,29,1,96.67,24,10,9,10,0,1,0,Hard,7,78,58,Advanced
207,30,19,11,63.33,35,8,10,1,2,0,9,Medium,7,60,31,Intermediate
208,30,14,16,46.67,35,6,3,5,4,7,5,Easy,7,53,27,Beginner
209,30,21,9,70.0,41,10,7,4,0,3,6,Hard,7,80,36,Intermediate
210,30,24,6,80.0,40,10,9,5,0,1,5,Hard,8,81,43,Intermediate
211,30,16,14,53.33,54,8,6,2,2,4,8,Easy,7,69,26,Beginner
212,30,17,13,56.67,26,8,9,0,2,1,10,Hard,8,60,26,Intermediate
213,30,21,9,70.0,36,8,9,4,2,1,6,Medium,4,64,38,Intermediate
214,30,30,0,100.0,19,10,8,12,0,2,0,Medium,12,93,62,Advanced
215,30,18,12,60.0,48,8,5,5,2,5,5,Medium,3,69,33,Beginner
216,30,23,7,76.67,15,10,8,5,0,2,5,Hard,8,74,41,Advanced
217,30,23,7,76.67,37,8,8,7,2,2,3,Hard,7,67,45,Intermediate
218,30,17,13,56.67,22,8,8,1,2,2,9,Hard,8,64,27,Intermediate
219,30,17,13,56.67,38,10,8,0,0,2,11,Medium,10,77,26,Intermediate
220,30,20,10,66.67,42,8,7,5,2,3,5,Easy,9,66,37,Intermediate
221,30,26,4,86.67,27,10,9,7,0,1,3,Hard,10,67,49,Intermediate
222,30,15,15,50.0,38,10,3,2,0,7,8,Medium,7,51,22,Beginner
223,30,20,10,66.67,39,8,10,2,2,0,8,Hard,7,75,34,Intermediate
224,30,24,6,80.0,28,10,10,4,0,0,6,Medium,9,94,42,Advanced
225,30,18,12,60.0,35,9,8,1,1,2,9,Hard,9,69,28,Intermediate
226,30,26,4,86.67,42,10,9,7,0,1,3,Medium,6,63,49,Intermediate
227,30,26,4,86.67,21,10,8,8,0,2,2,Medium,9,81,50,Advanced
228,30,19,11,63.33,38,8,5,6,2,5,4,Medium,5,55,36,Beginner
229,30,15,15,50.0,48,7,6,2,3,4,8,Easy,5,68,25,Beginner
230,30,18,12,60.0,42,8,6,4,2,4,6,Medium,6,35,32,Beginner
231,30,12,18,40.0,38,10,6,0,0,4,14,Easy,6,67,22,Beginner
232,30,18,12,60.0,22,8,7,3,2,3,7,Easy,9,59,31,Intermediate
233,30,22,8,73.33,42,10,9,3,0,1,7,Easy,5,66,37,Intermediate
234,30,24,6,80.0,18,10,10,4,0,0,6,Hard,7,73,42,Advanced
235,30,26,4,86.67,39,10,10,6,0,0,4,Easy,10,73,48,Intermediate
236,30,16,14,53.33,37,6,5,5,4,5,5,Medium,5,53,31,Beginner
237,30,24,6,80.0,28,10,8,6,0,2,4,Medium,13,76,44,Advanced
238,30,18,12,60.0,22,10,7,1,0,3,9,Hard,4,83,27,Intermediate
239,30,25,5,83.33,16,10,8,7,0,2,3,Medium,9,84,47,Advanced
240,30,26,4,86.67,30,9,10,7,1,0,3,Medium,10,72,50,Intermediate
241,30,18,12,60.0,48,6,3,9,4,7,1,Medium,5,58,39,Beginner
242,30,23,7,76.67,26,10,8,5,0,2,5,Hard,11,71,41,Advanced
243,30,22,8,73.33,24,8,10,4,2,0,6,Hard,4,63,40,Intermediate
244,30,14,16,46.67,41,7,4,3,3,6,7,Medium,7,40,24,Beginner
245,30,17,13,56.67,49,8,4,5,2,6,5,Medium,6,37,31,Beginner
246,30,17,13,56.67,35,8,8,1,2,2,9,Hard,4,71,27,Intermediate
247,30,13,17,43.33,52,6,3,4,4,7,6,Medium,5,46,24,Beginner
248,30,18,12,60.0,30,8,8,2,2,2,8,Easy,8,58,30,Intermediate
249,30,28,2,93.33,25,10,9,9,0,1,1,Medium,7,90,55,Advanced
250,30,30,0,100.0,21,10,9,11,0,1,0,Hard,13,100,61,Advanced
251,30,24,6,80.0,27,10,9,5,0,1,5,Hard,14,77,43,Advanced
252,30,23,7,76.67,21,10,10,3,0,0,7,Medium,7,92,39,Advanced
253,30,18,12,60.0,43,6,3,9,4,7,1,Medium,6,58,39,Beginner
254,30,15,15,50.0,43,7,3,5,3,7,5,Medium,6,46,28,Beginner
255,30,22,8,73.33,29,10,8,4,0,2,6,Medium,12,88,38,Advanced
256,30,19,11,63.33,60,7,4,8,3,6,2,Easy,3,57,39,Beginner
257,30,17,13,56.67,39,8,8,1,2,2,9,Easy,4,51,27,Intermediate
258,30,14,16,46.67,58,7,6,1,3,4,9,Medium,3,42,22,Beginner
259,30,18,12,60.0,40,9,10,0,1,0,11,Medium,4,52,29,Intermediate
260,30,18,12,60.0,40,10,3,5,0,7,5,Easy,2,36,31,Beginner
261,30,17,13,56.67,48,6,5,6,4,5,4,Medium,5,50,34,Beginner
262,30,15,15,50.0,60,10,5,0,0,5,10,Easy,5,58,20,Beginner
263,30,24,6,80.0,29,10,9,5,0,1,5,Easy,5,78,43,Intermediate
264,30,22,8,73.33,32,10,8,4,0,2,6,Medium,14,76,38,Advanced
265,30,21,9,70.0,28,8,8,5,2,2,5,Hard,5,77,39,Intermediate
266,30,24,6,80.0,24,10,9,5,0,1,5,Hard,15,91,43,Advanced
267,30,28,2,93.33,17,10,8,10,0,2,0,Hard,7,100,56,Advanced
268,30,14,16,46.67,53,8,5,1,2,5,9,Medium,5,51,21,Beginner
269,30,16,14,53.33,37,6,6,4,4,4,6,Medium,6,70,30,Beginner
270,30,18,12,60.0,30,8,10,0,2,0,10,Easy,5,64,28,Intermediate
271,30,29,1,96.67,24,10,8,11,0,2,0,Medium,12,84,59,Advanced
272,30,23,7,76.67,22,10,8,5,0,2,5,Medium,10,68,41,Intermediate
273,30,23,7,76.67,37,8,8,7,2,2,3,Medium,4,64,45,Intermediate
274,30,24,6,80.0,25,9,7,8,1,3,2,Easy,9,74,47,Intermediate
275,30,23,7,76.67,29,10,9,4,0,1,6,Medium,12,92,40,Advanced
276,30,13,17,43.33,37,8,6,0,2,4,11,Medium,2,66,20,Beginner
277,30,26,4,86.67,19,10,8,8,0,2,2,Hard,11,80,50,Advanced
278,30,20,10,66.67,36,9,8,3,1,2,7,Easy,6,85,34,Intermediate
279,30,17,13,56.67,43,10,5,2,0,5,8,Easy,7,58,26,Beginner
280,30,16,14,53.33,57,7,5,4,3,5,6,Easy,6,36,29,Beginner
281,30,22,8,73.33,42,9,9,4,1,1,6,Medium,5,70,39,Intermediate
282,30,18,12,60.0,34,8,9,1,2,1,9,Medium,9,69,29,Intermediate
283,30,20,10,66.67,32,8,9,3,2,1,7,Easy,10,51,35,Intermediate
284,30,23,7,76.67,22,10,9,4,0,1,6,Medium,14,95,40,Advanced
285,30,21,9,70.0,26,10,9,2,0,1,8,Easy,6,54,34,Intermediate
286,30,24,6,80.0,42,8,8,8,2,2,2,Hard,9,53,48,Intermediate
287,30,17,13,56.67,36,9,4,4,1,6,6,Medium,3,44,29,Beginner
288,30,29,1,96.67,29,10,10,9,0,0,1,Hard,12,98,57,Advanced
289,30,12,18,40.0,37,6,3,3,4,7,7,Easy,6,52,21,Beginner
290,30,20,10,66.67,24,8,9,3,2,1,7,Medium,4,69,35,Intermediate
291,30,19,11,63.33,49,8,5,6,2,5,4,Medium,4,43,36,Beginner
292,30,23,7,76.67,23,10,9,4,0,1,6,Easy,4,71,40,Intermediate
293,30,26,4,86.67,33,9,8,9,1,2,1,Hard,4,78,52,Intermediate
294,30,16,14,53.33,57,10,6,0,0,4,10,Easy,3,43,22,Beginner
295,30,25,5,83.33,24,10,9,6,0,1,4,Medium,9,79,46,Advanced
296,30,18,12,60.0,40,9,7,2,1,3,8,Medium,10,51,29,Intermediate
297,30,17,13,56.67,56,9,5,3,1,5,7,Easy,3,68,28,Beginner
298,30,24,6,80.0,24,10,9,5,0,1,5,Medium,14,70,43,Advanced
299,30,24,6,80.0,40,9,9,6,1,1,4,Easy,5,70,45,Intermediate
300,30,17,13,56.67,41,8,7,2,2,3,8,Easy,10,63,28,Intermediate
301,30,17,13,56.67,30,9,9,0,1,1,11,Hard,7,71,27,Intermediate
302,30,17,13,56.67,35,7,4,6,3,6,4,Easy,6,42,33,Beginner
303,30,15,15,50.0,39,8,4,3,2,6,7,Easy,4,36,25,Beginner
304,30,22,8,73.33,29,8,8,6,2,2,4,Hard,9,72,42,Intermediate
305,30,17,13,56.67,25,9,7,1,1,3,9,Easy,10,61,26,Intermediate
306,30,12,18,40.0,44,6,4,2,4,6,8,Easy,7,39,20,Beginner
307,30,30,0,100.0,24,10,8,12,0,2,0,Hard,13,74,62,Advanced
308,30,24,6,80.0,25,8,8,8,2,2,2,Easy,7,64,48,Intermediate
309,30,21,9,70.0,29,9,7,5,1,3,5,Easy,5,79,38,Intermediate
310,30,19,11,63.33,32,10,8,1,0,2,9,Hard,8,51,29,Intermediate
311,30,18,12,60.0,40,9,8,1,1,2,9,Easy,6,85,28,Intermediate
312,30,15,15,50.0,59,10,6,0,0,4,11,Easy,5,46,22,Beginner
313,30,17,13,56.67,26,8,10,0,2,0,11,Hard,6,81,28,Intermediate
314,30,24,6,80.0,31,10,9,5,0,1,5,Medium,7,98,43,Advanced
315,30,22,8,73.33,37,9,7,6,1,3,4,Easy,4,83,41,Intermediate
316,30,23,7,76.67,16,10,9,4,0,1,6,Medium,12,88,40,Advanced
317,30,14,16,46.67,59,6,6,2,4,4,8,Easy,5,58,24,Beginner
318,30,20,10,66.67,34,9,7,4,1,3,6,Hard,10,83,35,Intermediate
319,30,22,8,73.33,27,9,9,4,1,1,6,Hard,4,85,39,Intermediate
320,30,30,0,100.0,21,10,10,10,0,0,0,Medium,12,90,60,Advanced
321,30,23,7,76.67,20,10,10,3,0,0,7,Medium,8,84,39,Advanced
322,30,18,12,60.0,41,10,6,2,0,4,8,Easy,7,36,28,Beginner
323,30,24,6,80.0,23,9,7,8,1,3,2,Hard,6,85,47,Intermediate
324,30,18,12,60.0,36,9,7,2,1,3,8,Hard,8,62,29,Intermediate
325,30,19,11,63.33,41,10,6,3,0,4,7,Medium,4,41,31,Beginner
326,30,30,0,100.0,28,10,10,10,0,0,0,Hard,12,77,60,Advanced
327,30,25,5,83.33,31,9,9,7,1,1,3,Medium,4,78,48,Intermediate
328,30,30,0,100.0,32,10,10,10,0,0,0,Hard,13,81,60,Advanced
329,30,16,14,53.33,60,8,3,5,2,7,5,Easy,7,40,29,Beginner
330,30,25,5,83.33,42,8,7,10,2,3,0,Medium,10,64,52,Intermediate
331,30,12,18,40.0,40,7,4,1,3,6,9,Medium,3,63,18,Beginner
332,30,16,14,53.33,52,8,5,3,2,5,7,Easy,5,45,27,Beginner
333,30,24,6,80.0,15,10,8,6,0,2,4,Medium,13,86,44,Advanced
334,30,29,1,96.67,29,10,8,11,0,2,0,Medium,14,89,59,Advanced
335,30,21,9,70.0,27,9,9,3,1,1,7,Easy,4,69,36,Intermediate
336,30,13,17,43.33,53,8,6,0,2,4,11,Easy,4,54,20,Beginner
337,30,19,11,63.33,34,8,9,2,2,1,8,Easy,4,64,32,Intermediate
338,30,26,4,86.67,27,10,9,7,0,1,3,Medium,9,80,49,Advanced
339,30,28,2,93.33,29,10,9,9,0,1,1,Hard,7,75,55,Advanced
340,30,16,14,53.33,53,10,6,0,0,4,10,Medium,3,63,22,Beginner
341,30,12,18,40.0,57,8,6,0,2,4,12,Easy,5,38,20,Beginner
342,30,30,0,100.0,31,10,10,10,0,0,0,Hard,8,94,60,Advanced
343,30,22,8,73.33,20,10,8,4,0,2,6,Medium,7,90,38,Advanced
344,30,30,0,100.0,25,10,8,12,0,2,0,Medium,14,94,62,Advanced
345,30,15,15,50.0,55,9,6,0,1,4,10,Medium,6,49,21,Beginner
346,30,16,14,53.33,51,10,4,2,0,6,8,Easy,5,55,24,Beginner
347,30,14,16,46.67,51,7,3,4,3,7,6,Medium,3,59,25,Beginner
348,30,17,13,56.67,37,9,10,0,1,0,12,Hard,6,65,29,Intermediate
349,30,25,5,83.33,37,9,10,6,1,0,4,Hard,7,61,47,Intermediate
350,30,28,2,93.33,16,10,8,10,0,2,0,Hard,9,76,56,Advanced
351,30,12,18,40.0,43,7,4,1,3,6,9,Easy,5,63,18,Beginner
352,30,20,10,66.67,38,8,3,9,2,7,1,Easy,7,68,41,Beginner
353,30,17,13,56.67,22,8,10,0,2,0,11,Medium,9,71,28,Intermediate
354,30,27,3,90.0,26,10,9,8,0,1,2,Hard,9,89,52,Advanced
355,30,19,11,63.33,46,6,5,8,4,5,2,Medium,4,35,40,Beginner
356,30,22,8,73.33,27,8,10,4,2,0,6,Medium,9,57,40,Intermediate
357,30,30,0,100.0,26,10,9,11,0,1,0,Hard,10,77,61,Advanced
358,30,24,6,80.0,16,10,10,4,0,0,6,Medium,15,76,42,Advanced
359,30,15,15,50.0,44,10,6,0,0,4,11,Medium,7,67,22,Beginner
360,30,18,12,60.0,27,10,9,0,0,1,11,Medium,10,70,28,Intermediate
361,30,18,12,60.0,35,10,3,5,0,7,5,Easy,7,50,31,Beginner
362,30,20,10,66.67,43,10,5,5,0,5,5,Medium,2,60,35,Beginner
363,30,18,12,60.0,38,7,3,8,3,7,2,Medium,7,42,37,Beginner
364,30,16,14,53.33,56,7,6,3,3,4,7,Easy,6,39,28,Beginner
365,30,19,11,63.33,59,9,6,4,1,4,6,Medium,7,42,33,Beginner
366,30,12,18,40.0,48,10,6,0,0,4,14,Easy,5,68,22,Beginner
367,30,22,8,73.33,15,10,8,4,0,2,6,Medium,7,93,38,Advanced
368,30,27,3,90.0,22,10,9,8,0,1,2,Medium,7,71,52,Advanced
369,30,22,8,73.33,31,10,8,4,0,2,6,Medium,7,90,38,Advanced
370,30,28,2,93.33,30,10,10,8,0,0,2,Medium,9,74,54,Advanced
371,30,30,0,100.0,22,10,10,10,0,0,0,Medium,15,91,60,Advanced
372,30,19,11,63.33,32,8,8,3,2,2,7,Medium,10,68,33,Intermediate
373,30,12,18,40.0,47,10,4,0,0,6,12,Easy,4,54,18,Beginner
374,30,20,10,66.67,48,8,4,8,2,6,2,Easy,2,52,40,Beginner
375,30,28,2,93.33,18,10,9,9,0,1,1,Hard,7,93,55,Advanced
376,30,20,10,66.67,48,6,6,8,4,4,2,Medium,3,61,42,Beginner
377,30,15,15,50.0,60,7,6,2,3,4,8,Medium,2,36,25,Beginner
378,30,22,8,73.33,35,9,7,6,1,3,4,Hard,7,71,41,Intermediate
379,30,20,10,66.67,30,9,10,1,1,0,9,Medium,4,61,32,Intermediate
380,30,30,0,100.0,19,10,10,10,0,0,0,Medium,8,94,60,Advanced
381,30,16,14,53.33,40,10,5,1,0,5,9,Medium,5,48,23,Beginner
382,30,24,6,80.0,34,8,8,8,2,2,2,Medium,8,55,48,Intermediate
383,30,19,11,63.33,38,8,7,4,2,3,6,Hard,8,56,34,Intermediate
384,30,18,12,60.0,51,10,4,4,0,6,6,Medium,3,37,30,Beginner
385,30,16,14,53.33,37,8,5,3,2,5,7,Medium,5,48,27,Beginner
386,30,14,16,46.67,35,6,4,4,4,6,6,Easy,7,48,26,Beginner
387,30,15,15,50.0,46,10,3,2,0,7,8,Medium,2,58,22,Beginner
388,30,21,9,70.0,34,9,9,3,1,1,7,Medium,6,78,36,Intermediate
389,30,18,12,60.0,38,8,10,0,2,0,10,Medium,10,59,28,Intermediate
390,30,21,9,70.0,40,10,9,2,0,1,8,Hard,7,74,34,Intermediate
391,30,18,12,60.0,24,9,7,2,1,3,8,Easy,8,83,29,Intermediate
392,30,25,5,83.33,37,9,7,9,1,3,1,Easy,5,62,50,Intermediate
393,30,16,14,53.33,47,7,3,6,3,7,4,Medium,4,42,31,Beginner
394,30,26,4,86.67,21,10,8,8,0,2,2,Hard,8,90,50,Advanced
395,30,17,13,56.67,28,9,10,0,1,0,12,Hard,4,78,29,Intermediate
396,30,16,14,53.33,51,8,6,2,2,4,8,Medium,6,46,26,Beginner
397,30,23,7,76.67,32,10,9,4,0,1,6,Medium,14,92,40,Advanced
398,30,13,17,43.33,35,8,3,2,2,7,8,Easy,2,46,20,Beginner
399,30,24,6,80.0,28,9,10,5,1,0,5,Medium,9,54,44,Intermediate
400,30,25,5,83.33,30,10,9,6,0,1,4,Medium,11,89,46,Advanced
401,30,19,11,63.33,37,10,10,0,0,0,11,Medium,10,79,30,Intermediate
402,30,17,13,56.67,23,10,7,0,0,3,10,Easy,9,55,24,Intermediate
403,30,17,13,56.67,41,8,8,1,2,2,9,Easy,9,80,27,Intermediate
404,30,24,6,80.0,31,9,10,5,1,0,5,Hard,4,59,44,Intermediate
405,30,24,6,80.0,21,10,8,6,0,2,4,Hard,8,92,44,Advanced
406,30,15,15,50.0,46,10,4,1,0,6,9,Easy,7,55,21,Beginner
407,30,17,13,56.67,37,6,4,7,4,6,3,Medium,3,53,35,Beginner
408,30,18,12,60.0,40,9,9,0,1,1,10,Medium,6,82,27,Intermediate
409,30,14,16,46.67,56,7,6,1,3,4,9,Medium,7,55,22,Beginner
410,30,28,2,93.33,24,10,9,9,0,1,1,Hard,9,90,55,Advanced
411,30,19,11,63.33,24,10,7,2,0,3,8,Medium,6,67,30,Intermediate
412,30,26,4,86.67,31,10,8,8,0,2,2,Hard,15,92,50,Advanced
413,30,17,13,56.67,35,8,8,1,2,2,9,Medium,9,50,27,Intermediate
414,30,23,7,76.67,31,8,10,5,2,0,5,Easy,9,60,43,Intermediate
415,30,25,5,83.33,36,9,7,9,1,3,1,Medium,9,78,50,Intermediate
416,30,24,6,80.0,24,10,9,5,0,1,5,Medium,5,71,43,Intermediate
417,30,19,11,63.33,38,6,3,10,4,7,0,Medium,3,37,42,Beginner
418,30,28,2,93.33,31,10,8,10,0,2,0,Hard,13,71,56,Advanced
419,30,13,17,43.33,40,9,6,0,1,4,12,Medium,5,47,21,Beginner
420,30,23,7,76.67,27,9,7,7,1,3,3,Hard,5,76,44,Intermediate
421,30,21,9,70.0,22,10,10,1,0,0,9,Easy,10,57,33,Intermediate
422,30,25,5,83.33,21,10,10,5,0,0,5,Hard,13,94,45,Advanced
423,30,17,13,56.67,23,9,7,1,1,3,9,Medium,6,63,26,Intermediate
424,30,21,9,70.0,40,9,8,4,1,2,6,Medium,4,76,37,Intermediate
425,30,26,4,86.67,25,10,9,7,0,1,3,Easy,7,73,49,Intermediate
426,30,18,12,60.0,38,10,5,3,0,5,7,Easy,5,54,29,Beginner
427,30,23,7,76.67,39,10,8,5,0,2,5,Easy,8,83,41,Intermediate
428,30,20,10,66.67,36,6,4,10,4,6,0,Easy,6,42,44,Beginner
429,30,25,5,83.33,24,10,8,7,0,2,3,Hard,7,77,47,Intermediate
430,30,13,17,43.33,45,9,6,0,1,4,12,Easy,6,56,21,Beginner
431,30,24,6,80.0,16,10,8,6,0,2,4,Medium,12,81,44,Advanced
432,30,19,11,63.33,56,6,6,7,4,4,3,Medium,2,50,39,Beginner
433,30,28,2,93.33,31,10,9,9,0,1,1,Medium,14,98,55,Advanced
434,30,19,11,63.33,40,10,5,4,0,5,6,Medium,3,67,32,Beginner
435,30,21,9,70.0,40,9,9,3,1,1,7,Hard,10,61,36,Intermediate
436,30,23,7,76.67,32,10,10,3,0,0,7,Medium,15,75,39,Advanced
437,30,19,11,63.33,41,7,3,9,3,7,1,Medium,5,61,40,Beginner
438,30,29,1,96.67,28,10,8,11,0,2,0,Hard,13,70,59,Advanced
439,30,14,16,46.67,52,6,4,4,4,6,6,Medium,6,47,26,Beginner
440,30,18,12,60.0,34,10,8,0,0,2,10,Hard,5,62,26,Intermediate
441,30,20,10,66.67,24,10,8,2,0,2,8,Medium,9,77,32,Intermediate
442,30,25,5,83.33,24,8,7,10,2,3,0,Hard,7,82,52,Intermediate
443,30,22,8,73.33,31,10,9,3,0,1,7,Hard,14,86,37,Advanced
444,30,25,5,83.33,21,10,10,5,0,0,5,Medium,7,78,45,Advanced
445,30,18,12,60.0,41,8,5,5,2,5,5,Medium,4,52,33,Beginner
446,30,18,12,60.0,54,10,4,4,0,6,6,Medium,3,65,30,Beginner
447,30,17,13,56.67,35,8,5,4,2,5,6,Medium,7,45,30,Beginner
448,30,22,8,73.33,34,10,10,2,0,0,8,Medium,5,76,36,Intermediate
449,30,20,10,66.67,52,10,5,5,0,5,5,Easy,3,37,35,Beginner
450,30,20,10,66.67,59,6,3,11,4,7,0,Medium,4,65,45,Beginner
451,30,22,8,73.33,21,10,8,4,0,2,6,Medium,12,88,38,Advanced
452,30,18,12,60.0,40,10,7,1,0,3,9,Hard,7,58,27,Intermediate
453,30,26,4,86.67,29,9,8,9,1,2,1,Easy,8,58,52,Intermediate
454,30,27,3,90.0,27,10,9,8,0,1,2,Hard,10,91,52,Advanced
455,30,22,8,73.33,24,9,10,3,1,0,7,Medium,9,66,38,Intermediate
456,30,29,1,96.67,31,10,10,9,0,0,1,Medium,15,84,57,Advanced
457,30,18,12,60.0,39,9,5,4,1,5,6,Easy,5,68,31,Beginner
458,30,16,14,53.33,41,6,3,7,4,7,3,Easy,6,52,33,Beginner
459,30,18,12,60.0,40,8,9,1,2,1,9,Hard,4,80,29,Intermediate
460,30,16,14,53.33,40,6,5,5,4,5,5,Medium,3,57,31,Beginner
461,30,25,5,83.33,33,9,10,6,1,0,4,Hard,9,61,47,Intermediate
462,30,23,7,76.67,30,9,9,5,1,1,5,Medium,4,55,42,Intermediate
463,30,19,11,63.33,41,10,3,6,0,7,4,Easy,4,38,34,Beginner
464,30,20,10,66.67,32,9,8,3,1,2,7,Medium,9,56,34,Intermediate
465,30,24,6,80.0,33,9,10,5,1,0,5,Hard,10,58,44,Intermediate
466,30,30,0,100.0,24,10,8,12,0,2,0,Medium,13,91,62,Advanced
467,30,19,11,63.33,49,6,6,7,4,4,3,Easy,7,47,39,Beginner
468,30,28,2,93.33,32,10,9,9,0,1,1,Hard,15,96,55,Advanced
469,30,26,4,86.67,38,8,10,8,2,0,2,Hard,7,67,52,Intermediate
470,30,13,17,43.33,48,7,5,1,3,5,9,Medium,5,62,20,Beginner
471,30,22,8,73.33,41,10,8,4,0,2,6,Hard,10,54,38,Intermediate
472,30,19,11,63.33,39,8,5,6,2,5,4,Easy,6,44,36,Beginner
473,30,15,15,50.0,40,7,5,3,3,5,7,Medium,7,38,26,Beginner
474,30,25,5,83.33,32,10,9,6,0,1,4,Medium,10,71,46,Advanced
475,30,14,16,46.67,55,9,4,1,1,6,9,Easy,5,50,20,Beginner
476,30,17,13,56.67,41,8,3,6,2,7,4,Easy,7,59,32,Beginner
477,30,19,11,63.33,37,9,9,1,1,1,9,Easy,9,58,30,Intermediate
478,30,24,6,80.0,30,10,10,4,0,0,6,Hard,8,75,42,Advanced
479,30,23,7,76.67,20,10,8,5,0,2,5,Medium,14,92,41,Advanced
480,30,24,6,80.0,36,10,9,5,0,1,5,Hard,6,61,43,Intermediate
481,30,25,5,83.33,41,9,10,6,1,0,4,Easy,7,64,47,Intermediate
482,30,17,13,56.67,25,8,9,0,2,1,10,Easy,9,80,26,Intermediate
483,30,17,13,56.67,39,10,4,3,0,6,7,Easy,4,51,27,Beginner
484,30,22,8,73.33,17,10,9,3,0,1,7,Hard,12,87,37,Advanced
485,30,17,13,56.67,59,9,5,3,1,5,7,Medium,2,56,28,Beginner
486,30,23,7,76.67,26,8,7,8,2,3,2,Hard,9,84,46,Intermediate
487,30,22,8,73.33,18,10,8,4,0,2,6,Hard,14,100,38,Advanced
488,30,24,6,80.0,32,10,9,5,0,1,5,Hard,12,70,43,Advanced
489,30,29,1,96.67,26,10,10,9,0,0,1,Hard,8,86,57,Advanced
490,30,18,12,60.0,34,9,9,0,1,1,10,Medium,9,82,27,Intermediate
491,30,25,5,83.33,28,10,9,6,0,1,4,Hard,10,57,46,Intermediate
492,30,23,7,76.67,21,10,9,4,0,1,6,Medium,8,93,40,Advanced
493,30,22,8,73.33,32,10,8,4,0,2,6,Hard,13,72,38,Advanced
494,30,27,3,90.0,16,10,8,9,0,2,1,Hard,9,78,53,Advanced
495,30,20,10,66.67,41,6,3,11,4,7,0,Easy,3,54,45,Beginner
496,30,18,12,60.0,31,8,8,2,2,2,8,Hard,4,79,30,Intermediate
497,30,29,1,96.67,21,10,9,10,0,1,0,Hard,8,88,58,Advanced
498,30,18,12,60.0,51,6,3,9,4,7,1,Medium,4,57,39,Beginner
499,30,25,5,83.33,26,10,8,7,0,2,3,Hard,14,81,47,Advanced
500,30,24,6,80.0,28,10,8,6,0,2,4,Hard,7,93,44,Advanced
501,30,29,1,96.67,23,10,9,10,0,1,0,Medium,14,78,58,Advanced
502,30,23,7,76.67,39,9,10,4,1,0,6,Hard,5,57,41,Intermediate
503,30,20,10,66.67,57,10,4,6,0,6,4,Easy,2,40,36,Beginner
504,30,17,13,56.67,42,9,8,0,1,2,10,Medium,7,71,25,Intermediate
505,30,28,2,93.33,29,10,10,8,0,0,2,Medium,9,77,54,Advanced
506,30,12,18,40.0,48,8,4,0,2,6,10,Easy,5,65,16,Beginner
507,30,24,6,80.0,28,9,10,5,1,0,5,Medium,7,84,44,Intermediate
508,30,28,2,93.33,31,10,10,8,0,0,2,Hard,12,92,54,Advanced
509,30,19,11,63.33,38,9,8,2,1,2,8,Easy,9,50,31,Intermediate
510,30,26,4,86.67,29,10,9,7,0,1,3,Medium,15,91,49,Advanced
511,30,23,7,76.67,32,10,8,5,0,2,5,Hard,11,97,41,Advanced
512,30,17,13,56.67,30,8,7,2,2,3,8,Medium,5,65,28,Intermediate
513,30,22,8,73.33,30,9,9,4,1,1,6,Medium,9,50,39,Intermediate
514,30,30,0,100.0,21,10,9,11,0,1,0,Hard,10,71,61,Advanced
515,30,25,5,83.33,40,8,7,10,2,3,0,Hard,4,81,52,Intermediate
516,30,25,5,83.33,28,10,9,6,0,1,4,Medium,10,74,46,Advanced
517,30,15,15,50.0,60,10,6,0,0,4,11,Medium,3,52,22,Beginner
518,30,24,6,80.0,25,9,9,6,1,1,4,Easy,10,51,45,Intermediate
519,30,14,16,46.67,46,8,3,3,2,7,7,Medium,2,54,23,Beginner
520,30,24,6,80.0,36,9,10,5,1,0,5,Medium,7,68,44,Intermediate
521,30,17,13,56.67,34,8,8,1,2,2,9,Hard,5,73,27,Intermediate
522,30,28,2,93.33,30,10,8,10,0,2,0,Medium,13,74,56,Advanced
523,30,19,11,63.33,22,8,7,4,2,3,6,Hard,8,79,34,Intermediate
524,30,15,15,50.0,37,9,5,1,1,5,9,Medium,7,61,22,Beginner
525,30,25,5,83.33,24,10,9,6,0,1,4,Hard,13,85,46,Advanced
526,30,18,12,60.0,38,10,4,4,0,6,6,Easy,7,40,30,Beginner
527,30,20,10,66.67,42,10,10,0,0,0,10,Easy,5,80,30,Intermediate
528,30,19,11,63.33,26,8,7,4,2,3,6,Hard,10,66,34,Intermediate
529,30,12,18,40.0,47,7,3,2,3,7,8,Medium,2,58,19,Beginner
530,30,20,10,66.67,43,7,5,8,3,5,2,Easy,5,35,41,Beginner
531,30,22,8,73.33,29,8,10,4,2,0,6,Medium,9,71,40,Intermediate
532,30,30,0,100.0,20,10,9,11,0,1,0,Hard,15,99,61,Advanced
533,30,29,1,96.67,24,10,8,11,0,2,0,Medium,11,87,59,Advanced
534,30,21,9,70.0,30,10,9,2,0,1,8,Hard,7,76,34,Intermediate
535,30,21,9,70.0,42,8,10,3,2,0,7,Easy,5,55,37,Intermediate
536,30,19,11,63.33,36,8,9,2,2,1,8,Easy,9,59,32,Intermediate
537,30,24,6,80.0,40,9,7,8,1,3,2,Hard,5,52,47,Intermediate
538,30,19,11,63.33,32,9,10,0,1,0,10,Easy,4,72,29,Intermediate
539,30,18,12,60.0,37,8,10,0,2,0,10,Hard,4,54,28,Intermediate
540,30,26,4,86.67,25,10,8,8,0,2,2,Hard,12,80,50,Advanced
541,30,16,14,53.33,58,7,4,5,3,6,5,Medium,3,59,30,Beginner
542,30,21,9,70.0,32,9,7,5,1,3,5,Medium,5,63,38,Intermediate
543,30,22,8,73.33,27,8,10,4,2,0,6,Easy,7,57,40,Intermediate
544,30,19,11,63.33,33,9,8,2,1,2,8,Hard,10,67,31,Intermediate
545,30,19,11,63.33,60,9,6,4,1,4,6,Easy,4,45,33,Beginner
546,30,17,13,56.67,22,9,10,0,1,0,12,Medium,4,77,29,Intermediate
547,30,19,11,63.33,25,10,7,2,0,3,8,Easy,5,65,30,Intermediate
548,30,20,10,66.67,39,8,8,4,2,2,6,Hard,6,57,36,Intermediate
549,30,12,18,40.0,45,8,5,0,2,5,11,Medium,4,39,18,Beginner
550,30,29,1,96.67,23,10,8,11,0,2,0,Medium,15,85,59,Advanced
551,30,20,10,66.67,60,10,3,7,0,7,3,Easy,5,68,37,Beginner
552,30,13,17,43.33,45,6,3,4,4,7,6,Medium,3,62,24,Beginner
553,30,24,6,80.0,23,10,9,5,0,1,5,Medium,11,99,43,Advanced
554,30,18,12,60.0,41,9,5,4,1,5,6,Medium,6,62,31,Beginner
555,30,26,4,86.67,22,10,8,8,0,2,2,Medium,5,73,50,Intermediate
556,30,25,5,83.33,25,9,8,8,1,2,2,Easy,6,57,49,Intermediate
557,30,15,15,50.0,60,10,3,2,0,7,8,Easy,2,48,22,Beginner
558,30,21,9,70.0,41,10,10,1,0,0,9,Easy,5,74,33,Intermediate
559,30,26,4,86.67,15,10,9,7,0,1,3,Hard,12,73,49,Advanced
560,30,30,0,100.0,30,10,9,11,0,1,0,Medium,8,98,61,Advanced
561,30,26,4,86.67,30,10,8,8,0,2,2,Hard,7,78,50,Advanced
562,30,28,2,93.33,15,10,10,8,0,0,2,Medium,11,99,54,Advanced
563,30,17,13,56.67,43,9,3,5,1,7,5,Medium,2,56,30,Beginner
564,30,22,8,73.33,29,8,9,5,2,1,5,Hard,5,67,41,Intermediate
565,30,15,15,50.0,55,6,3,6,4,7,4,Easy,3,43,30,Beginner
566,30,15,15,50.0,44,8,3,4,2,7,6,Medium,7,67,26,Beginner
567,30,26,4,86.67,32,10,9,7,0,1,3,Medium,10,72,49,Intermediate
568,30,17,13,56.67,42,10,8,0,0,2,11,Medium,10,81,26,Intermediate
569,30,15,15,50.0,52,7,4,4,3,6,6,Medium,4,43,27,Beginner
570,30,20,10,66.67,40,9,7,4,1,3,6,Hard,10,64,35,Intermediate
571,30,20,10,66.67,27,10,10,0,0,0,10,Medium,8,63,30,Intermediate
572,30,15,15,50.0,45,9,4,2,1,6,8,Easy,6,37,23,Beginner
573,30,25,5,83.33,42,10,8,7,0,2,3,Hard,9,80,47,Intermediate
574,30,18,12,60.0,28,8,9,1,2,1,9,Hard,6,65,29,Intermediate
575,30,14,16,46.67,50,7,3,4,3,7,6,Easy,4,45,25,Beginner
576,30,24,6,80.0,23,10,10,4,0,0,6,Hard,15,87,42,Advanced
577,30,23,7,76.67,27,8,10,5,2,0,5,Hard,9,60,43,Intermediate
578,30,19,11,63.33,44,8,4,7,2,6,3,Easy,6,37,37,Beginner
579,30,22,8,73.33,22,10,9,3,0,1,7,Hard,7,94,37,Advanced
580,30,24,6,80.0,19,10,9,5,0,1,5,Medium,11,81,43,Advanced
581,30,25,5,83.33,24,9,10,6,1,0,4,Easy,10,68,47,Intermediate
582,30,18,12,60.0,27,8,10,0,2,0,10,Medium,6,59,28,Intermediate
583,30,23,7,76.67,26,10,9,4,0,1,6,Hard,9,77,40,Advanced
584,30,16,14,53.33,51,6,5,5,4,5,5,Medium,4,59,31,Beginner
585,30,21,9,70.0,36,8,7,6,2,3,4,Hard,10,64,40,Intermediate
586,30,25,5,83.33,33,10,10,5,0,0,5,Medium,7,81,45,Intermediate
587,30,20,10,66.67,40,10,3,7,0,7,3,Medium,7,52,37,Beginner
588,30,16,14,53.33,37,9,5,2,1,5,8,Easy,4,61,25,Beginner
589,30,19,11,63.33,34,10,7,2,0,3,8,Hard,9,60,30,Intermediate
590,30,26,4,86.67,29,10,9,7,0,1,3,Medium,7,84,49,Advanced
591,30,16,14,53.33,43,9,6,1,1,4,9,Easy,5,51,24,Beginner
592,30,25,5,83.33,21,10,9,6,0,1,4,Hard,8,89,46,Advanced
593,30,19,11,63.33,39,9,7,3,1,3,7,Easy,5,74,32,Intermediate
594,30,22,8,73.33,34,10,10,2,0,0,8,Medium,10,60,36,Intermediate
595,30,17,13,56.67,31,10,9,0,0,1,12,Hard,9,75,28,Intermediate
596,30,23,7,76.67,36,9,7,7,1,3,3,Medium,7,62,44,Intermediate
597,30,14,16,46.67,49,9,6,0,1,4,11,Medium,5,38,21,Beginner
598,30,26,4,86.67,39,8,9,9,2,1,1,Hard,5,55,53,Intermediate
599,30,13,17,43.33,59,10,5,0,0,5,12,Easy,4,54,20,Beginner
600,30,13,17,43.33,50,9,5,0,1,5,11,Medium,7,37,19,Beginner
601,30,20,10,66.67,55,7,6,7,3,4,3,Medium,3,62,40,Beginner
602,30,28,2,93.33,24,10,8,10,0,2,0,Medium,10,87,56,Advanced
603,30,19,11,63.33,28,9,8,2,1,2,8,Medium,9,63,31,Intermediate
604,30,22,8,73.33,35,9,8,5,1,2,5,Medium,4,52,40,Intermediate
605,30,29,1,96.67,32,10,10,9,0,0,1,Hard,9,87,57,Advanced
606,30,25,5,83.33,35,8,10,7,2,0,3,Easy,9,69,49,Intermediate
607,30,17,13,56.67,44,6,6,5,4,4,5,Easy,6,70,33,Beginner
608,30,22,8,73.33,22,10,7,5,0,3,5,Medium,9,55,39,Intermediate
609,30,21,9,70.0,38,9,7,5,1,3,5,Easy,6,63,38,Intermediate
610,30,23,7,76.67,39,10,8,5,0,2,5,Medium,10,59,41,Intermediate
611,30,18,12,60.0,52,6,3,9,4,7,1,Easy,4,51,39,Beginner
612,30,23,7,76.67,15,10,9,4,0,1,6,Hard,7,92,40,Advanced
613,30,13,17,43.33,53,9,4,0,1,6,10,Easy,2,60,17,Beginner
614,30,20,10,66.67,36,6,6,8,4,4,2,Easy,5,39,42,Beginner
615,30,25,5,83.33,31,10,10,5,0,0,5,Hard,13,84,45,Advanced
616,30,17,13,56.67,60,7,6,4,3,4,6,Easy,6,61,31,Beginner
617,30,16,14,53.33,59,10,3,3,0,7,7,Medium,3,43,25,Beginner
618,30,28,2,93.33,19,10,9,9,0,1,1,Hard,15,78,55,Advanced
619,30,27,3,90.0,21,10,8,9,0,2,1,Medium,15,74,53,Advanced
620,30,18,12,60.0,26,10,10,0,0,0,12,Medium,10,78,30,Intermediate
621,30,17,13,56.67,23,8,10,0,2,0,11,Easy,6,60,28,Intermediate
622,30,26,4,86.67,21,10,10,6,0,0,4,Medium,10,86,48,Advanced
623,30,26,4,86.67,30,8,7,11,2,3,0,Hard,4,63,55,Intermediate
624,30,23,7,76.67,42,9,10,4,1,0,6,Medium,7,63,41,Intermediate
625,30,18,12,60.0,40,7,5,6,3,5,4,Easy,2,43,35,Beginner
626,30,18,12,60.0,54,9,6,3,1,4,7,Medium,2,69,30,Beginner
627,30,29,1,96.67,22,10,8,11,0,2,0,Medium,12,96,59,Advanced
628,30,30,0,100.0,19,10,10,10,0,0,0,Hard,10,74,60,Advanced
629,30,15,15,50.0,35,10,6,0,0,4,11,Easy,2,38,22,Beginner
630,30,26,4,86.67,25,10,10,6,0,0,4,Hard,7,92,48,Advanced
631,30,23,7,76.67,32,10,9,4,0,1,6,Medium,7,84,40,Advanced
632,30,22,8,73.33,21,10,9,3,0,1,7,Hard,13,81,37,Advanced
633,30,22,8,73.33,32,10,8,4,0,2,6,Medium,10,85,38,Advanced
634,30,22,8,73.33,18,10,9,3,0,1,7,Hard,15,85,37,Advanced
635,30,24,6,80.0,39,9,9,6,1,1,4,Medium,7,83,45,Intermediate
636,30,14,16,46.67,60,7,5,2,3,5,8,Medium,5,56,23,Beginner
637,30,22,8,73.33,15,10,10,2,0,0,8,Hard,13,98,36,Advanced
638,30,14,16,46.67,49,9,5,0,1,5,10,Easy,6,53,19,Beginner
639,30,23,7,76.67,36,8,7,8,2,3,2,Medium,10,84,46,Intermediate
640,30,17,13,56.67,22,8,10,0,2,0,11,Medium,6,70,28,Intermediate
641,30,25,5,83.33,28,10,9,6,0,1,4,Medium,10,79,46,Advanced
642,30,19,11,63.33,33,9,8,2,1,2,8,Hard,6,52,31,Intermediate
643,30,14,16,46.67,59,6,6,2,4,4,8,Easy,3,40,24,Beginner
644,30,24,6,80.0,39,9,7,8,1,3,2,Easy,9,68,47,Intermediate
645,30,13,17,43.33,38,7,3,3,3,7,7,Medium,6,43,22,Beginner
646,30,25,5,83.33,26,10,8,7,0,2,3,Medium,12,93,47,Advanced
647,30,26,4,86.67,29,10,7,9,0,3,1,Hard,8,62,51,Intermediate
648,30,15,15,50.0,41,10,4,1,0,6,9,Easy,2,46,21,Beginner
649,30,17,13,56.67,38,10,8,0,0,2,11,Hard,9,72,26,Intermediate
650,30,18,12,60.0,25,9,7,2,1,3,8,Easy,5,56,29,Intermediate
651,30,21,9,70.0,28,10,8,3,0,2,7,Hard,5,78,35,Intermediate
652,30,13,17,43.33,46,10,5,0,0,5,12,Medium,3,38,20,Beginner
653,30,12,18,40.0,35,6,3,3,4,7,7,Easy,6,50,21,Beginner
654,30,22,8,73.33,35,10,9,3,0,1,7,Medium,7,56,37,Intermediate
655,30,23,7,76.67,27,10,9,4,0,1,6,Hard,7,88,40,Advanced
656,30,26,4,86.67,21,10,8,8,0,2,2,Medium,10,84,50,Advanced
657,30,17,13,56.67,41,10,7,0,0,3,10,Easy,8,58,24,Intermediate
658,30,21,9,70.0,39,9,7,5,1,3,5,Medium,4,64,38,Intermediate
659,30,15,15,50.0,41,6,5,4,4,5,6,Easy,3,48,28,Beginner
660,30,23,7,76.67,26,8,7,8,2,3,2,Hard,10,75,46,Intermediate
661,30,21,9,70.0,34,10,7,4,0,3,6,Hard,9,79,36,Intermediate
662,30,15,15,50.0,37,10,3,2,0,7,8,Medium,5,52,22,Beginner
663,30,29,1,96.67,19,10,8,11,0,2,0,Medium,9,70,59,Advanced
664,30,17,13,56.67,38,9,6,2,1,4,8,Medium,6,40,27,Beginner
665,30,24,6,80.0,25,10,9,5,0,1,5,Medium,11,85,43,Advanced
666,30,22,8,73.33,18,10,9,3,0,1,7,Hard,12,97,37,Advanced
667,30,14,16,46.67,48,6,6,2,4,4,8,Easy,5,58,24,Beginner
668,30,24,6,80.0,23,8,9,7,2,1,3,Easy,5,53,47,Intermediate
669,30,23,7,76.67,24,10,9,4,0,1,6,Hard,8,84,40,Advanced
670,30,21,9,70.0,23,8,9,4,2,1,6,Easy,5,71,38,Intermediate
671,30,24,6,80.0,19,10,9,5,0,1,5,Medium,9,86,43,Advanced
672,30,18,12,60.0,34,9,8,1,1,2,9,Medium,4,52,28,Intermediate
673,30,18,12,60.0,29,10,8,0,0,2,10,Hard,5,79,26,Intermediate
674,30,25,5,83.33,41,10,8,7,0,2,3,Hard,8,58,47,Intermediate
675,30,13,17,43.33,45,9,4,0,1,6,10,Medium,7,52,17,Beginner
676,30,17,13,56.67,52,8,3,6,2,7,4,Medium,7,54,32,Beginner
677,30,22,8,73.33,42,8,8,6,2,2,4,Easy,10,66,42,Intermediate
678,30,18,12,60.0,46,9,4,5,1,6,5,Easy,6,50,32,Beginner
679,30,19,11,63.33,33,8,8,3,2,2,7,Easy,9,68,33,Intermediate
680,30,28,2,93.33,16,10,8,10,0,2,0,Medium,10,99,56,Advanced
681,30,16,14,53.33,39,6,6,4,4,4,6,Easy,4,68,30,Beginner
682,30,17,13,56.67,42,9,9,0,1,1,11,Easy,5,50,27,Intermediate
683,30,24,6,80.0,21,10,8,6,0,2,4,Hard,8,97,44,Advanced
684,30,30,0,100.0,18,10,9,11,0,1,0,Medium,9,84,61,Advanced
685,30,19,11,63.33,37,9,6,4,1,4,6,Medium,7,39,33,Beginner
686,30,20,10,66.67,51,7,6,7,3,4,3,Medium,6,57,40,Beginner
687,30,22,8,73.33,25,10,8,4,0,2,6,Medium,11,94,38,Advanced
688,30,16,14,53.33,60,9,3,4,1,7,6,Easy,5,59,27,Beginner
689,30,17,13,56.67,41,9,7,1,1,3,9,Hard,9,61,26,Intermediate
690,30,25,5,83.33,24,10,9,6,0,1,4,Hard,11,80,46,Advanced
691,30,12,18,40.0,60,6,3,3,4,7,7,Medium,2,69,21,Beginner
692,30,24,6,80.0,26,8,8,8,2,2,2,Easy,6,55,48,Intermediate
693,30,20,10,66.67,31,9,10,1,1,0,9,Medium,9,64,32,Intermediate
694,30,24,6,80.0,16,10,8,6,0,2,4,Medium,10,97,44,Advanced
695,30,14,16,46.67,53,7,3,4,3,7,6,Medium,3,35,25,Beginner
696,30,24,6,80.0,23,10,10,4,0,0,6,Medium,15,72,42,Advanced
697,30,25,5,83.33,32,9,7,9,1,3,1,Medium,10,76,50,Intermediate
698,30,22,8,73.33,23,10,7,5,0,3,5,Easy,7,52,39,Intermediate
699,30,22,8,73.33,29,10,8,4,0,2,6,Hard,13,79,38,Advanced
700,30,27,3,90.0,30,10,8,9,0,2,1,Hard,8,100,53,Advanced
701,30,13,17,43.33,57,9,6,0,1,4,12,Medium,3,39,21,Beginner
702,30,17,13,56.67,36,8,5,4,2,5,6,Easy,7,70,30,Beginner
703,30,17,13,56.67,50,8,3,6,2,7,4,Easy,4,70,32,Beginner
704,30,21,9,70.0,28,10,7,4,0,3,6,Medium,9,65,36,Intermediate
705,30,23,7,76.67,42,9,7,7,1,3,3,Hard,5,62,44,Intermediate
706,30,26,4,86.67,40,10,10,6,0,0,4,Easy,9,67,48,Intermediate
707,30,26,4,86.67,37,8,8,10,2,2,0,Medium,8,50,54,Intermediate
708,30,26,4,86.67,40,9,7,10,1,3,0,Medium,6,52,53,Intermediate
709,30,19,11,63.33,40,6,6,7,4,4,3,Medium,5,49,39,Beginner
710,30,14,16,46.67,47,10,5,0,0,5,11,Medium,3,42,20,Beginner
711,30,20,10,66.67,38,9,6,5,1,4,5,Easy,7,36,36,Beginner
712,30,23,7,76.67,25,10,8,5,0,2,5,Medium,5,57,41,Intermediate
713,30,27,3,90.0,25,10,10,7,0,0,3,Medium,15,97,51,Advanced
714,30,28,2,93.33,20,10,8,10,0,2,0,Hard,15,75,56,Advanced
715,30,18,12,60.0,41,9,9,0,1,1,10,Medium,8,52,27,Intermediate
716,30,23,7,76.67,29,10,8,5,0,2,5,Hard,8,84,41,Advanced
717,30,26,4,86.67,22,10,9,7,0,1,3,Medium,11,82,49,Advanced
718,30,23,7,76.67,29,8,9,6,2,1,4,Easy,4,57,44,Intermediate
719,30,27,3,90.0,21,10,8,9,0,2,1,Hard,13,89,53,Advanced
720,30,18,12,60.0,22,9,10,0,1,0,11,Easy,6,59,29,Intermediate
721,30,18,12,60.0,54,8,3,7,2,7,3,Medium,4,40,35,Beginner
722,30,13,17,43.33,51,7,6,0,3,4,10,Medium,3,68,19,Beginner
723,30,19,11,63.33,25,8,10,1,2,0,9,Easy,10,57,31,Intermediate
724,30,22,8,73.33,42,9,8,5,1,2,5,Medium,10,63,40,Intermediate
725,30,30,0,100.0,24,10,10,10,0,0,0,Hard,10,96,60,Advanced
726,30,19,11,63.33,46,6,4,9,4,6,1,Easy,5,41,41,Beginner
727,30,20,10,66.67,56,10,6,4,0,4,6,Easy,2,40,34,Beginner
728,30,25,5,83.33,15,10,8,7,0,2,3,Hard,12,98,47,Advanced
729,30,22,8,73.33,23,10,8,4,0,2,6,Hard,10,59,38,Intermediate
730,30,12,18,40.0,46,7,5,0,3,5,10,Easy,3,49,17,Beginner
731,30,23,7,76.67,16,10,9,4,0,1,6,Medium,10,73,40,Advanced
732,30,20,10,66.67,57,9,6,5,1,4,5,Easy,4,51,36,Beginner
733,30,18,12,60.0,40,8,3,7,2,7,3,Easy,2,52,35,Beginner
734,30,24,6,80.0,21,10,8,6,0,2,4,Medium,10,85,44,Advanced
735,30,19,11,63.33,48,7,6,6,3,4,4,Easy,6,66,37,Beginner
736,30,23,7,76.67,16,10,8,5,0,2,5,Hard,10,87,41,Advanced
737,30,22,8,73.33,30,10,8,4,0,2,6,Medium,10,62,38,Intermediate
738,30,13,17,43.33,37,8,3,2,2,7,8,Easy,7,62,20,Beginner
739,30,19,11,63.33,35,10,9,0,0,1,10,Easy,8,78,28,Intermediate
740,30,18,12,60.0,28,8,10,0,2,0,10,Easy,6,74,28,Intermediate
741,30,30,0,100.0,27,10,8,12,0,2,0,Hard,10,84,62,Advanced
742,30,23,7,76.67,39,8,7,8,2,3,2,Medium,9,62,46,Intermediate
743,30,25,5,83.33,38,8,7,10,2,3,0,Hard,5,62,52,Intermediate
744,30,23,7,76.67,36,10,7,6,0,3,4,Hard,8,75,42,Intermediate
745,30,24,6,80.0,32,8,7,9,2,3,1,Medium,4,81,49,Intermediate
746,30,30,0,100.0,32,10,10,10,0,0,0,Hard,14,84,60,Advanced
747,30,30,0,100.0,28,10,10,10,0,0,0,Medium,11,75,60,Advanced
748,30,23,7,76.67,16,10,10,3,0,0,7,Hard,12,78,39,Advanced
749,30,14,16,46.67,46,6,3,5,4,7,5,Medium,6,44,27,Beginner
750,30,26,4,86.67,26,10,10,6,0,0,4,Hard,10,95,48,Advanced
751,30,19,11,63.33,35,9,8,2,1,2,8,Easy,9,54,31,Intermediate
752,30,18,12,60.0,41,8,4,6,2,6,4,Easy,4,69,34,Beginner
753,30,24,6,80.0,40,9,8,7,1,2,3,Medium,5,72,46,Intermediate
754,30,12,18,40.0,57,10,3,0,0,7,11,Medium,4,56,16,Beginner
755,30,23,7,76.67,38,10,8,5,0,2,5,Medium,8,66,41,Intermediate
756,30,18,12,60.0,58,8,6,4,2,4,6,Medium,4,38,32,Beginner
757,30,25,5,83.33,42,8,9,8,2,1,2,Medium,5,52,50,Intermediate
758,30,19,11,63.33,45,8,3,8,2,7,2,Easy,2,45,38,Beginner
759,30,25,5,83.33,25,10,9,6,0,1,4,Medium,15,72,46,Advanced
760,30,25,5,83.33,24,10,8,7,0,2,3,Hard,8,84,47,Advanced
761,30,29,1,96.67,19,10,9,10,0,1,0,Hard,13,94,58,Advanced
762,30,14,16,46.67,53,8,6,0,2,4,10,Medium,4,47,20,Beginner
763,30,30,0,100.0,30,10,9,11,0,1,0,Hard,15,97,61,Advanced
764,30,14,16,46.67,39,9,3,2,1,7,8,Easy,7,54,21,Beginner
765,30,21,9,70.0,41,10,7,4,0,3,6,Hard,6,70,36,Intermediate
766,30,17,13,56.67,56,9,5,3,1,5,7,Easy,7,66,28,Beginner
767,30,26,4,86.67,21,10,9,7,0,1,3,Hard,12,76,49,Advanced
768,30,18,12,60.0,36,9,7,2,1,3,8,Medium,9,60,29,Intermediate
769,30,18,12,60.0,41,10,10,0,0,0,12,Hard,4,68,30,Intermediate
770,30,24,6,80.0,26,10,8,6,0,2,4,Hard,8,71,44,Advanced
771,30,24,6,80.0,29,10,10,4,0,0,6,Hard,10,88,42,Advanced
772,30,21,9,70.0,24,8,9,4,2,1,6,Hard,10,77,38,Intermediate
773,30,19,11,63.33,53,8,4,7,2,6,3,Easy,2,67,37,Beginner
774,30,15,15,50.0,50,9,4,2,1,6,8,Medium,5,43,23,Beginner
775,30,18,12,60.0,36,6,3,9,4,7,1,Medium,5,56,39,Beginner
776,30,26,4,86.67,26,10,8,8,0,2,2,Hard,12,98,50,Advanced
777,30,17,13,56.67,53,8,6,3,2,4,7,Medium,7,59,29,Beginner
778,30,23,7,76.67,28,9,8,6,1,2,4,Medium,7,56,43,Intermediate
779,30,27,3,90.0,17,10,9,8,0,1,2,Medium,7,73,52,Advanced
780,30,22,8,73.33,42,9,9,4,1,1,6,Easy,10,80,39,Intermediate
781,30,24,6,80.0,28,9,9,6,1,1,4,Easy,4,58,45,Intermediate
782,30,12,18,40.0,42,7,3,2,3,7,8,Easy,6,50,19,Beginner
783,30,24,6,80.0,27,8,8,8,2,2,2,Hard,9,55,48,Intermediate
784,30,22,8,73.33,21,10,10,2,0,0,8,Medium,9,72,36,Advanced
785,30,23,7,76.67,26,10,10,3,0,0,7,Hard,7,76,39,Advanced
786,30,21,9,70.0,32,10,10,1,0,0,9,Easy,4,53,33,Intermediate
787,30,22,8,73.33,17,10,10,2,0,0,8,Hard,9,86,36,Advanced
788,30,25,5,83.33,32,10,8,7,0,2,3,Medium,15,76,47,Advanced
789,30,17,13,56.67,28,9,10,0,1,0,12,Hard,8,80,29,Intermediate
790,30,24,6,80.0,27,10,9,5,0,1,5,Hard,8,88,43,Advanced
791,30,25,5,83.33,29,10,9,6,0,1,4,Hard,10,62,46,Intermediate
792,30,25,5,83.33,28,10,8,7,0,2,3,Hard,12,81,47,Advanced
793,30,16,14,53.33,41,10,4,2,0,6,8,Easy,2,49,24,Beginner
794,30,24,6,80.0,29,10,8,6,0,2,4,Medium,8,70,44,Advanced
795,30,24,6,80.0,27,10,10,4,0,0,6,Hard,12,87,42,Advanced
796,30,12,18,40.0,35,10,3,0,0,7,11,Easy,5,69,16,Beginner
797,30,18,12,60.0,41,9,9,0,1,1,10,Medium,7,55,27,Intermediate
798,30,26,4,86.67,35,9,9,8,1,1,2,Hard,10,63,51,Intermediate
799,30,25,5,83.33,36,10,7,8,0,3,2,Easy,6,71,48,Intermediate
800,30,19,11,63.33,32,10,7,2,0,3,8,Medium,4,71,30,Intermediate
801,30,28,2,93.33,31,10,8,10,0,2,0,Hard,13,72,56,Advanced
802,30,14,16,46.67,58,8,6,0,2,4,10,Medium,6,49,20,Beginner
803,30,25,5,83.33,28,10,8,7,0,2,3,Hard,7,67,47,Intermediate
804,30,20,10,66.67,56,9,5,6,1,5,4,Easy,6,65,37,Beginner
805,30,22,8,73.33,36,9,7,6,1,3,4,Easy,8,84,41,Intermediate
806,30,28,2,93.33,24,10,8,10,0,2,0,Medium,8,92,56,Advanced
807,30,13,17,43.33,57,9,4,0,1,6,10,Medium,5,59,17,Beginner
808,30,23,7,76.67,23,9,7,7,1,3,3,Medium,6,70,44,Intermediate
809,30,29,1,96.67,28,10,10,9,0,0,1,Medium,10,94,57,Advanced
810,30,12,18,40.0,45,6,5,1,4,5,9,Easy,4,35,19,Beginner
811,30,15,15,50.0,35,8,5,2,2,5,8,Easy,2,66,24,Beginner
812,30,26,4,86.67,40,10,8,8,0,2,2,Hard,6,63,50,Intermediate
813,30,23,7,76.67,24,10,7,6,0,3,4,Easy,8,54,42,Intermediate
814,30,30,0,100.0,15,10,8,12,0,2,0,Medium,11,84,62,Advanced
815,30,19,11,63.33,45,7,6,6,3,4,4,Medium,5,41,37,Beginner
816,30,18,12,60.0,35,9,9,0,1,1,10,Easy,10,55,27,Intermediate
817,30,17,13,56.67,36,8,10,0,2,0,11,Hard,7,77,28,Intermediate
818,30,25,5,83.33,41,9,8,8,1,2,2,Easy,10,59,49,Intermediate
819,30,22,8,73.33,33,10,8,4,0,2,6,Medium,5,66,38,Intermediate
820,30,15,15,50.0,47,10,5,0,0,5,10,Medium,3,54,20,Beginner
821,30,19,11,63.33,36,8,7,4,2,3,6,Medium,8,52,34,Intermediate
822,30,14,16,46.67,52,8,6,0,2,4,10,Easy,3,57,20,Beginner
823,30,16,14,53.33,52,8,5,3,2,5,7,Easy,4,50,27,Beginner
824,30,15,15,50.0,41,6,3,6,4,7,4,Medium,2,48,30,Beginner
825,30,27,3,90.0,21,10,10,7,0,0,3,Hard,14,98,51,Advanced
826,30,25,5,83.33,33,9,9,7,1,1,3,Medium,4,82,48,Intermediate
827,30,17,13,56.67,43,6,6,5,4,4,5,Easy,5,68,33,Beginner
828,30,22,8,73.33,29,10,9,3,0,1,7,Medium,12,98,37,Advanced
829,30,13,17,43.33,48,9,4,0,1,6,10,Easy,3,37,17,Beginner
830,30,29,1,96.67,27,10,8,11,0,2,0,Hard,15,94,59,Advanced
831,30,18,12,60.0,43,6,5,7,4,5,3,Easy,7,41,37,Beginner
832,30,26,4,86.67,32,8,8,10,2,2,0,Hard,10,63,54,Intermediate
833,30,15,15,50.0,54,8,5,2,2,5,8,Medium,3,35,24,Beginner
834,30,26,4,86.67,30,10,8,8,0,2,2,Medium,13,87,50,Advanced
835,30,22,8,73.33,25,10,9,3,0,1,7,Hard,8,92,37,Advanced
836,30,14,16,46.67,53,10,6,0,0,4,12,Easy,3,70,22,Beginner
837,30,26,4,86.67,36,9,8,9,1,2,1,Easy,8,55,52,Intermediate
838,30,24,6,80.0,35,8,10,6,2,0,4,Hard,6,81,46,Intermediate
839,30,20,10,66.67,60,9,4,7,1,6,3,Easy,3,55,38,Beginner
840,30,20,10,66.67,47,10,4,6,0,6,4,Easy,6,36,36,Beginner
841,30,20,10,66.67,38,10,7,3,0,3,7,Hard,9,56,33,Intermediate
842,30,23,7,76.67,22,8,8,7,2,2,3,Easy,4,56,45,Intermediate
843,30,22,8,73.33,22,9,9,4,1,1,6,Easy,8,67,39,Intermediate
844,30,23,7,76.67,19,10,8,5,0,2,5,Medium,7,97,41,Advanced
845,30,26,4,86.67,30,8,7,11,2,3,0,Medium,5,81,55,Intermediate
846,30,21,9,70.0,38,8,7,6,2,3,4,Medium,8,50,40,Intermediate
847,30,20,10,66.67,34,10,8,2,0,2,8,Easy,7,62,32,Intermediate
848,30,29,1,96.67,16,10,9,10,0,1,0,Hard,10,94,58,Advanced
849,30,21,9,70.0,34,10,8,3,0,2,7,Medium,6,51,35,Intermediate
850,30,14,16,46.67,47,8,3,3,2,7,7,Easy,6,44,23,Beginner
851,30,22,8,73.33,17,10,10,2,0,0,8,Medium,8,93,36,Advanced
852,30,18,12,60.0,36,10,4,4,0,6,6,Easy,4,55,30,Beginner
853,30,26,4,86.67,27,10,9,7,0,1,3,Medium,11,98,49,Advanced
854,30,17,13,56.67,49,6,4,7,4,6,3,Medium,4,41,35,Beginner
855,30,17,13,56.67,37,8,10,0,2,0,11,Medium,4,58,28,Intermediate
856,30,22,8,73.33,32,10,9,3,0,1,7,Hard,8,96,37,Advanced
857,30,26,4,86.67,27,8,10,8,2,0,2,Hard,4,79,52,Intermediate
858,30,15,15,50.0,38,9,6,0,1,4,10,Easy,4,63,21,Beginner
859,30,12,18,40.0,41,9,3,0,1,7,10,Easy,2,36,15,Beginner
860,30,16,14,53.33,52,10,6,0,0,4,10,Easy,6,50,22,Beginner
861,30,19,11,63.33,46,10,5,4,0,5,6,Medium,2,62,32,Beginner
862,30,19,11,63.33,36,7,6,6,3,4,4,Easy,6,62,37,Beginner
863,30,19,11,63.33,38,8,9,2,2,1,8,Hard,6,65,32,Intermediate
864,30,23,7,76.67,42,9,7,7,1,3,3,Hard,9,84,44,Intermediate
865,30,19,11,63.33,31,10,7,2,0,3,8,Medium,4,77,30,Intermediate
866,30,27,3,90.0,32,10,9,8,0,1,2,Hard,8,90,52,Advanced
867,30,24,6,80.0,31,10,9,5,0,1,5,Medium,11,84,43,Advanced
868,30,27,3,90.0,30,10,8,9,0,2,1,Medium,10,84,53,Advanced
869,30,15,15,50.0,37,10,6,0,0,4,11,Medium,3,70,22,Beginner
870,30,19,11,63.33,35,7,4,8,3,6,2,Easy,2,52,39,Beginner
871,30,20,10,66.67,37,10,10,0,0,0,10,Easy,10,73,30,Intermediate
872,30,23,7,76.67,36,10,10,3,0,0,7,Hard,4,67,39,Intermediate
873,30,24,6,80.0,29,10,7,7,0,3,3,Easy,6,50,45,Intermediate
874,30,26,4,86.67,27,10,9,7,0,1,3,Hard,10,77,49,Advanced
875,30,20,10,66.67,59,7,6,7,3,4,3,Easy,5,60,40,Beginner
876,30,28,2,93.33,25,10,8,10,0,2,0,Medium,10,89,56,Advanced
877,30,26,4,86.67,21,10,9,7,0,1,3,Medium,13,76,49,Advanced
878,30,17,13,56.67,31,9,8,0,1,2,10,Easy,9,64,25,Intermediate
879,30,20,10,66.67,28,9,8,3,1,2,7,Hard,4,55,34,Intermediate
880,30,17,13,56.67,29,10,9,0,0,1,12,Easy,5,79,28,Intermediate
881,30,23,7,76.67,28,10,9,4,0,1,6,Medium,7,80,40,Advanced
882,30,23,7,76.67,32,10,9,4,0,1,6,Hard,8,82,40,Advanced
883,30,20,10,66.67,33,8,7,5,2,3,5,Easy,5,85,37,Intermediate
884,30,15,15,50.0,47,7,3,5,3,7,5,Medium,6,45,28,Beginner
885,30,25,5,83.33,25,10,9,6,0,1,4,Hard,13,89,46,Advanced
886,30,16,14,53.33,45,10,5,1,0,5,9,Medium,3,67,23,Beginner
887,30,19,11,63.33,25,9,9,1,1,1,9,Easy,4,66,30,Intermediate
888,30,13,17,43.33,51,7,3,3,3,7,7,Medium,6,64,22,Beginner
889,30,14,16,46.67,37,6,4,4,4,6,6,Easy,2,41,26,Beginner
890,30,24,6,80.0,42,9,8,7,1,2,3,Hard,4,76,46,Intermediate
891,30,14,16,46.67,51,6,4,4,4,6,6,Easy,2,59,26,Beginner
892,30,28,2,93.33,19,10,10,8,0,0,2,Hard,9,75,54,Advanced
893,30,20,10,66.67,32,10,7,3,0,3,7,Easy,8,62,33,Intermediate
894,30,18,12,60.0,52,7,6,5,3,4,5,Medium,5,45,34,Beginner
895,30,26,4,86.67,18,10,10,6,0,0,4,Hard,12,84,48,Advanced
896,30,24,6,80.0,34,10,10,4,0,0,6,Medium,7,81,42,Intermediate
897,30,30,0,100.0,32,10,9,11,0,1,0,Medium,7,88,61,Advanced
898,30,27,3,90.0,24,10,9,8,0,1,2,Hard,13,81,52,Advanced
899,30,27,3,90.0,26,10,9,8,0,1,2,Hard,11,80,52,Advanced
900,30,26,4,86.67,29,10,10,6,0,0,4,Hard,12,98,48,Advanced
901,30,12,18,40.0,44,7,6,0,3,4,11,Medium,5,38,19,Beginner
902,30,27,3,90.0,19,10,8,9,0,2,1,Hard,7,79,53,Advanced
903,30,29,1,96.67,24,10,10,9,0,0,1,Hard,8,88,57,Advanced
904,30,26,4,86.67,30,10,10,6,0,0,4,Easy,5,82,48,Intermediate
905,30,29,1,96.67,18,10,10,9,0,0,1,Medium,8,90,57,Advanced
906,30,28,2,93.33,21,10,10,8,0,0,2,Hard,11,71,54,Advanced
907,30,28,2,93.33,20,10,10,8,0,0,2,Hard,12,84,54,Advanced
908,30,23,7,76.67,17,10,9,4,0,1,6,Medium,13,93,40,Advanced
909,30,18,12,60.0,37,8,8,2,2,2,8,Easy,4,70,30,Intermediate
910,30,21,9,70.0,27,10,7,4,0,3,6,Hard,8,63,36,Intermediate
911,30,30,0,100.0,25,10,9,11,0,1,0,Medium,11,76,61,Advanced
912,30,21,9,70.0,23,10,10,1,0,0,9,Medium,4,85,33,Intermediate
913,30,20,10,66.67,31,9,10,1,1,0,9,Medium,7,78,32,Intermediate
914,30,28,2,93.33,31,10,10,8,0,0,2,Medium,11,85,54,Advanced
915,30,24,6,80.0,29,10,8,6,0,2,4,Medium,8,98,44,Advanced
916,30,23,7,76.67,32,8,9,6,2,1,4,Hard,4,78,44,Intermediate
917,30,23,7,76.67,20,10,9,4,0,1,6,Medium,11,88,40,Advanced
918,30,14,16,46.67,48,8,4,2,2,6,8,Medium,6,65,22,Beginner
919,30,29,1,96.67,30,10,8,11,0,2,0,Medium,14,74,59,Advanced
920,30,22,8,73.33,32,10,8,4,0,2,6,Hard,15,89,38,Advanced
921,30,19,11,63.33,27,9,8,2,1,2,8,Medium,7,59,31,Intermediate
922,30,22,8,73.33,20,10,10,2,0,0,8,Medium,11,89,36,Advanced
923,30,24,6,80.0,39,10,8,6,0,2,4,Easy,9,71,44,Intermediate
924,30,25,5,83.33,23,10,9,6,0,1,4,Medium,11,97,46,Advanced
925,30,18,12,60.0,29,9,7,2,1,3,8,Easy,5,85,29,Intermediate
926,30,17,13,56.67,56,10,4,3,0,6,7,Easy,7,43,27,Beginner
927,30,24,6,80.0,27,8,8,8,2,2,2,Hard,8,54,48,Intermediate
928,30,24,6,80.0,39,8,10,6,2,0,4,Hard,6,79,46,Intermediate
929,30,19,11,63.33,22,9,7,3,1,3,7,Medium,10,81,32,Intermediate
930,30,23,7,76.67,16,10,10,3,0,0,7,Hard,8,85,39,Advanced
931,30,17,13,56.67,40,6,4,7,4,6,3,Easy,7,42,35,Beginner
932,30,26,4,86.67,37,8,9,9,2,1,1,Medium,4,82,53,Intermediate
933,30,19,11,63.33,39,10,3,6,0,7,4,Easy,4,55,34,Beginner
934,30,24,6,80.0,36,10,8,6,0,2,4,Easy,5,75,44,Intermediate
935,30,19,11,63.33,29,10,8,1,0,2,9,Easy,4,73,29,Intermediate
936,30,25,5,83.33,28,9,8,8,1,2,2,Hard,10,64,49,Intermediate
937,30,26,4,86.67,22,9,10,7,1,0,3,Hard,5,58,50,Intermediate
938,30,21,9,70.0,41,8,8,5,2,2,5,Easy,6,51,39,Intermediate
939,30,29,1,96.67,17,10,10,9,0,0,1,Medium,7,72,57,Advanced
940,30,20,10,66.67,35,7,4,9,3,6,1,Easy,3,36,42,Beginner
941,30,20,10,66.67,41,9,10,1,1,0,9,Medium,10,58,32,Intermediate
942,30,22,8,73.33,24,9,7,6,1,3,4,Medium,10,69,41,Intermediate
943,30,16,14,53.33,47,10,6,0,0,4,10,Easy,4,65,22,Beginner
944,30,24,6,80.0,35,9,10,5,1,0,5,Easy,10,80,44,Intermediate
945,30,18,12,60.0,47,8,6,4,2,4,6,Medium,4,39,32,Beginner
946,30,23,7,76.67,23,9,9,5,1,1,5,Easy,6,53,42,Intermediate
947,30,17,13,56.67,42,10,7,0,0,3,10,Easy,7,63,24,Intermediate
948,30,25,5,83.33,39,8,9,8,2,1,2,Medium,10,72,50,Intermediate
949,30,27,3,90.0,16,10,9,8,0,1,2,Hard,14,79,52,Advanced
950,30,26,4,86.67,32,10,10,6,0,0,4,Hard,15,74,48,Advanced
951,30,28,2,93.33,26,10,9,9,0,1,1,Hard,12,92,55,Advanced
952,30,25,5,83.33,25,10,7,8,0,3,2,Easy,9,83,48,Intermediate
953,30,26,4,86.67,22,10,9,7,0,1,3,Hard,13,94,49,Advanced
954,30,22,8,73.33,36,10,10,2,0,0,8,Easy,9,84,36,Intermediate
955,30,19,11,63.33,48,9,6,4,1,4,6,Medium,6,36,33,Beginner
956,30,23,7,76.67,41,10,8,5,0,2,5,Medium,5,59,41,Intermediate
957,30,18,12,60.0,39,10,5,3,0,5,7,Easy,2,55,29,Beginner
958,30,13,17,43.33,59,8,6,0,2,4,11,Medium,2,36,20,Beginner
959,30,17,13,56.67,22,9,8,0,1,2,10,Medium,8,79,25,Intermediate
960,30,20,10,66.67,51,9,5,6,1,5,4,Medium,2,64,37,Beginner
961,30,23,7,76.67,26,10,10,3,0,0,7,Hard,7,79,39,Advanced
962,30,24,6,80.0,30,10,10,4,0,0,6,Hard,9,80,42,Advanced
963,30,17,13,56.67,40,8,7,2,2,3,8,Medium,7,72,28,Intermediate
964,30,25,5,83.33,26,10,9,6,0,1,4,Hard,11,84,46,Advanced
965,30,22,8,73.33,22,8,9,5,2,1,5,Medium,10,63,41,Intermediate
966,30,21,9,70.0,25,10,9,2,0,1,8,Hard,8,76,34,Intermediate
967,30,19,11,63.33,40,9,9,1,1,1,9,Easy,6,75,30,Intermediate
968,30,28,2,93.33,29,10,10,8,0,0,2,Hard,13,82,54,Advanced
969,30,30,0,100.0,16,10,8,12,0,2,0,Hard,10,100,62,Advanced
970,30,23,7,76.67,22,10,8,5,0,2,5,Medium,8,70,41,Advanced
971,30,29,1,96.67,16,10,9,10,0,1,0,Medium,8,97,58,Advanced
972,30,18,12,60.0,27,8,9,1,2,1,9,Easy,7,75,29,Intermediate
973,30,17,13,56.67,39,6,6,5,4,4,5,Medium,7,63,33,Beginner
974,30,17,13,56.67,32,10,10,0,0,0,13,Easy,10,67,30,Intermediate
975,30,21,9,70.0,32,10,9,2,0,1,8,Easy,8,73,34,Intermediate
976,30,30,0,100.0,21,10,10,10,0,0,0,Medium,11,75,60,Advanced
977,30,24,6,80.0,31,8,10,6,2,0,4,Medium,6,66,46,Intermediate
978,30,24,6,80.0,31,8,7,9,2,3,1,Hard,5,50,49,Intermediate
979,30,29,1,96.67,32,10,10,9,0,0,1,Hard,10,94,57,Advanced
980,30,23,7,76.67,39,9,10,4,1,0,6,Easy,10,79,41,Intermediate
981,30,26,4,86.67,30,10,8,8,0,2,2,Medium,11,95,50,Advanced
982,30,19,11,63.33,30,9,8,2,1,2,8,Hard,10,73,31,Intermediate
983,30,23,7,76.67,25,8,8,7,2,2,3,Hard,10,50,45,Intermediate
984,30,25,5,83.33,23,10,10,5,0,0,5,Hard,14,100,45,Advanced
985,30,20,10,66.67,35,6,6,8,4,4,2,Easy,5,37,42,Beginner
986,30,23,7,76.67,32,8,8,7,2,2,3,Easy,4,59,45,Intermediate
987,30,12,18,40.0,38,6,6,0,4,4,10,Medium,4,54,18,Beginner
988,30,18,12,60.0,57,10,4,4,0,6,6,Easy,6,63,30,Beginner
989,30,18,12,60.0,37,6,5,7,4,5,3,Easy,2,53,37,Beginner
990,30,20,10,66.67,47,8,4,8,2,6,2,Medium,3,43,40,Beginner
991,30,17,13,56.67,33,9,7,1,1,3,9,Hard,6,77,26,Intermediate
992,30,14,16,46.67,59,6,5,3,4,5,7,Medium,6,70,25,Beginner
993,30,23,7,76.67,34,9,7,7,1,3,3,Easy,9,73,44,Intermediate
994,30,24,6,80.0,30,9,8,7,1,2,3,Medium,9,83,46,Intermediate
995,30,21,9,70.0,34,10,7,4,0,3,6,Medium,8,66,36,Intermediate
996,30,23,7,76.67,38,8,10,5,2,0,5,Easy,4,50,43,Intermediate
997,30,26,4,86.67,18,10,10,6,0,0,4,Hard,11,99,48,Advanced
998,30,17,13,56.67,33,9,7,1,1,3,9,Medium,9,76,26,Intermediate
999,30,18,12,60.0,59,6,4,8,4,6,2,Medium,4,70,38,Beginner
1000,30,13,17,43.33,45,10,3,0,0,7,10,Easy,2,42,16,Beginner
1001,30,20,10,66.67,38,8,8,4,2,2,6,Easy,10,60,36,Intermediate
1002,30,19,11,63.33,31,9,9,1,1,1,9,Easy,7,68,30,Intermediate
1003,30,26,4,86.67,40,10,8,8,0,2,2,Hard,4,72,50,Intermediate
1004,30,19,11,63.33,32,9,10,0,1,0,10,Hard,8,79,29,Intermediate
1005,30,28,2,93.33,28,10,10,8,0,0,2,Hard,7,70,54,Advanced
1006,30,28,2,93.33,16,10,8,10,0,2,0,Hard,13,76,56,Advanced
1007,30,29,1,96.67,27,10,8,11,0,2,0,Hard,12,70,59,Advanced
1008,30,15,15,50.0,36,7,6,2,3,4,8,Easy,4,58,25,Beginner
1009,30,14,16,46.67,39,9,3,2,1,7,8,Easy,7,62,21,Beginner
1010,30,25,5,83.33,28,9,7,9,1,3,1,Easy,5,52,50,Intermediate
1011,30,17,13,56.67,30,9,9,0,1,1,11,Hard,10,82,27,Intermediate
1012,30,22,8,73.33,27,8,8,6,2,2,4,Hard,6,63,42,Intermediate
1013,30,12,18,40.0,38,6,6,0,4,4,10,Easy,3,69,18,Beginner
1014,30,28,2,93.33,20,10,10,8,0,0,2,Medium,14,70,54,Advanced
1015,30,16,14,53.33,35,9,3,4,1,7,6,Medium,2,35,27,Beginner
1016,30,19,11,63.33,56,10,4,5,0,6,5,Medium,6,49,33,Beginner
1017,30,26,4,86.67,31,10,10,6,0,0,4,Hard,15,75,48,Advanced
1018,30,20,10,66.67,45,6,3,11,4,7,0,Easy,3,63,45,Beginner
1019,30,19,11,63.33,42,8,5,6,2,5,4,Medium,7,60,36,Beginner
1020,30,30,0,100.0,20,10,8,12,0,2,0,Medium,13,93,62,Advanced
1021,30,26,4,86.67,42,8,7,11,2,3,0,Easy,8,63,55,Intermediate
1022,30,22,8,73.33,27,8,7,7,2,3,3,Medium,4,75,43,Intermediate
1023,30,25,5,83.33,26,9,8,8,1,2,2,Hard,10,75,49,Intermediate
1024,30,22,8,73.33,23,8,8,6,2,2,4,Easy,9,61,42,Intermediate
1025,30,18,12,60.0,44,7,4,7,3,6,3,Medium,4,39,36,Beginner
1026,30,18,12,60.0,28,10,8,0,0,2,10,Easy,7,61,26,Intermediate
1027,30,26,4,86.67,33,10,10,6,0,0,4,Easy,8,77,48,Intermediate
1028,30,24,6,80.0,22,10,9,5,0,1,5,Easy,9,84,43,Intermediate
1029,30,25,5,83.33,37,10,9,6,0,1,4,Easy,8,76,46,Intermediate
1030,30,20,10,66.67,48,7,3,10,3,7,0,Easy,3,62,43,Beginner
1031,30,12,18,40.0,51,10,6,0,0,4,14,Easy,7,38,22,Beginner
1032,30,25,5,83.33,31,8,8,9,2,2,1,Medium,7,52,51,Intermediate
1033,30,22,8,73.33,28,10,8,4,0,2,6,Hard,9,79,38,Advanced
1034,30,22,8,73.33,22,10,10,2,0,0,8,Hard,9,100,36,Advanced
1035,30,19,11,63.33,35,7,3,9,3,7,1,Medium,7,62,40,Beginner
1036,30,22,8,73.33,35,8,9,5,2,1,5,Medium,6,70,41,Intermediate
1037,30,21,9,70.0,23,8,7,6,2,3,4,Hard,9,78,40,Intermediate
1038,30,19,11,63.33,35,9,10,0,1,0,10,Hard,4,79,29,Intermediate
1039,30,30,0,100.0,17,10,9,11,0,1,0,Medium,14,79,61,Advanced
1040,30,19,11,63.33,38,10,9,0,0,1,10,Hard,7,72,28,Intermediate
1041,30,17,13,56.67,27,8,8,1,2,2,9,Medium,6,80,27,Intermediate
1042,30,20,10,66.67,37,8,9,3,2,1,7,Medium,9,66,35,Intermediate
1043,30,24,6,80.0,28,9,9,6,1,1,4,Hard,5,75,45,Intermediate
1044,30,18,12,60.0,54,8,3,7,2,7,3,Easy,4,60,35,Beginner
1045,30,17,13,56.67,41,10,6,1,0,4,9,Medium,7,43,25,Beginner
1046,30,12,18,40.0,57,9,4,0,1,6,11,Medium,5,50,17,Beginner
1047,30,20,10,66.67,40,8,7,5,2,3,5,Hard,7,80,37,Intermediate
1048,30,20,10,66.67,38,8,4,8,2,6,2,Medium,2,37,40,Beginner
1049,30,26,4,86.67,31,9,7,10,1,3,0,Hard,5,50,53,Intermediate
1050,30,22,8,73.33,38,8,9,5,2,1,5,Hard,6,65,41,Intermediate
1051,30,22,8,73.33,42,10,8,4,0,2,6,Hard,8,73,38,Intermediate
1052,30,23,7,76.67,20,10,10,3,0,0,7,Hard,15,83,39,Advanced
1053,30,16,14,53.33,43,6,5,5,4,5,5,Easy,6,68,31,Beginner
1054,30,26,4,86.67,32,10,10,6,0,0,4,Hard,11,73,48,Advanced
1055,30,29,1,96.67,26,10,8,11,0,2,0,Hard,13,75,59,Advanced
1056,30,19,11,63.33,46,6,6,7,4,4,3,Medium,7,63,39,Beginner
1057,30,26,4,86.67,21,10,8,8,0,2,2,Medium,12,79,50,Advanced
1058,30,27,3,90.0,28,10,9,8,0,1,2,Medium,14,98,52,Advanced
1059,30,28,2,93.33,24,10,10,8,0,0,2,Hard,9,83,54,Advanced
1060,30,13,17,43.33,35,6,4,3,4,6,7,Easy,3,56,23,Beginner
1061,30,18,12,60.0,44,10,4,4,0,6,6,Easy,2,65,30,Beginner
1062,30,17,13,56.67,35,6,3,8,4,7,2,Medium,4,55,36,Beginner
1063,30,22,8,73.33,21,10,9,3,0,1,7,Hard,7,79,37,Advanced
1064,30,15,15,50.0,47,10,6,0,0,4,11,Easy,5,52,22,Beginner
1065,30,18,12,60.0,52,8,5,5,2,5,5,Easy,7,51,33,Beginner
1066,30,23,7,76.67,32,10,9,4,0,1,6,Medium,9,79,40,Advanced
1067,30,20,10,66.67,43,7,6,7,3,4,3,Medium,2,59,40,Beginner
1068,30,16,14,53.33,52,8,3,5,2,7,5,Medium,2,60,29,Beginner
1069,30,21,9,70.0,36,8,9,4,2,1,6,Medium,9,73,38,Intermediate
1070,30,26,4,86.67,28,10,9,7,0,1,3,Easy,4,61,49,Intermediate
1071,30,29,1,96.67,22,10,10,9,0,0,1,Hard,14,91,57,Advanced
1072,30,18,12,60.0,39,7,5,6,3,5,4,Easy,2,37,35,Beginner
1073,30,16,14,53.33,49,6,4,6,4,6,4,Easy,6,58,32,Beginner
1074,30,17,13,56.67,52,6,4,7,4,6,3,Easy,6,55,35,Beginner
1075,30,14,16,46.67,36,10,3,1,0,7,9,Easy,4,41,19,Beginner
1076,30,14,16,46.67,43,9,5,0,1,5,10,Medium,4,49,19,Beginner
1077,30,23,7,76.67,33,9,10,4,1,0,6,Easy,6,75,41,Intermediate
1078,30,24,6,80.0,33,9,10,5,1,0,5,Hard,8,66,44,Intermediate
1079,30,17,13,56.67,44,7,5,5,3,5,5,Medium,4,42,32,Beginner
1080,30,20,10,66.67,43,7,5,8,3,5,2,Medium,3,51,41,Beginner
1081,30,20,10,66.67,45,6,6,8,4,4,2,Medium,4,65,42,Beginner
1082,30,22,8,73.33,29,8,10,4,2,0,6,Hard,10,69,40,Intermediate
1083,30,15,15,50.0,48,6,6,3,4,4,7,Medium,7,42,27,Beginner
1084,30,19,11,63.33,32,8,8,3,2,2,7,Easy,10,85,33,Intermediate
1085,30,17,13,56.67,27,10,8,0,0,2,11,Hard,9,58,26,Intermediate
1086,30,19,11,63.33,53,6,5,8,4,5,2,Medium,7,59,40,Beginner
1087,30,18,12,60.0,29,8,9,1,2,1,9,Easy,10,72,29,Intermediate
1088,30,30,0,100.0,17,10,8,12,0,2,0,Hard,10,76,62,Advanced
1089,30,17,13,56.67,44,6,3,8,4,7,2,Medium,6,57,36,Beginner
1090,30,24,6,80.0,34,10,8,6,0,2,4,Medium,10,53,44,Intermediate
1091,30,21,9,70.0,24,10,10,1,0,0,9,Hard,8,79,33,Intermediate
1092,30,24,6,80.0,38,9,8,7,1,2,3,Hard,7,52,46,Intermediate
1093,30,26,4,86.67,31,10,9,7,0,1,3,Medium,7,91,49,Advanced
1094,30,23,7,76.67,26,10,9,4,0,1,6,Medium,10,91,40,Advanced
1095,30,14,16,46.67,53,8,3,3,2,7,7,Medium,6,69,23,Beginner
1096,30,17,13,56.67,47,9,4,4,1,6,6,Medium,7,68,29,Beginner
1097,30,12,18,40.0,47,9,6,0,1,4,13,Easy,6,50,21,Beginner
1098,30,18,12,60.0,56,7,5,6,3,5,4,Easy,4,53,35,Beginner
1099,30,26,4,86.67,42,10,9,7,0,1,3,Hard,5,83,49,Intermediate
1100,30,27,3,90.0,22,10,9,8,0,1,2,Hard,8,88,52,Advanced
1101,30,19,11,63.33,37,9,9,1,1,1,9,Hard,4,56,30,Intermediate
1102,30,30,0,100.0,25,10,8,12,0,2,0,Hard,10,71,62,Advanced
1103,30,24,6,80.0,16,10,8,6,0,2,4,Medium,7,100,44,Advanced
1104,30,13,17,43.33,41,6,5,2,4,5,8,Medium,5,38,22,Beginner
1105,30,16,14,53.33,59,7,6,3,3,4,7,Medium,4,55,28,Beginner
1106,30,13,17,43.33,45,7,6,0,3,4,10,Medium,3,35,19,Beginner
1107,30,15,15,50.0,35,9,5,1,1,5,9,Medium,6,43,22,Beginner
1108,30,20,10,66.67,36,6,3,11,4,7,0,Medium,4,68,45,Beginner
1109,30,16,14,53.33,60,6,4,6,4,6,4,Medium,6,44,32,Beginner
1110,30,26,4,86.67,23,10,8,8,0,2,2,Medium,10,91,50,Advanced
1111,30,16,14,53.33,52,8,6,2,2,4,8,Medium,3,59,26,Beginner
1112,30,17,13,56.67,40,8,7,2,2,3,8,Easy,10,58,28,Intermediate
1113,30,19,11,63.33,53,6,5,8,4,5,2,Medium,5,61,40,Beginner
1114,30,19,11,63.33,47,10,6,3,0,4,7,Easy,4,64,31,Beginner
1115,30,21,9,70.0,38,10,9,2,0,1,8,Hard,4,68,34,Intermediate
1116,30,23,7,76.67,36,9,8,6,1,2,4,Easy,8,51,43,Intermediate
1117,30,23,7,76.67,39,10,9,4,0,1,6,Medium,8,68,40,Intermediate
1118,30,18,12,60.0,37,9,7,2,1,3,8,Medium,8,65,29,Intermediate
1119,30,26,4,86.67,18,10,9,7,0,1,3,Hard,11,86,49,Advanced
1120,30,27,3,90.0,16,10,8,9,0,2,1,Hard,10,77,53,Advanced
1121,30,21,9,70.0,28,10,9,2,0,1,8,Easy,4,78,34,Intermediate
1122,30,24,6,80.0,30,10,9,5,0,1,5,Hard,12,72,43,Advanced
1123,30,27,3,90.0,17,10,9,8,0,1,2,Medium,10,100,52,Advanced
1124,30,23,7,76.67,41,10,8,5,0,2,5,Hard,8,76,41,Intermediate
1125,30,25,5,83.33,34,10,10,5,0,0,5,Hard,10,62,45,Intermediate
1126,30,21,9,70.0,34,10,10,1,0,0,9,Easy,9,78,33,Intermediate
1127,30,23,7,76.67,15,10,9,4,0,1,6,Medium,7,84,40,Advanced
1128,30,21,9,70.0,27,8,8,5,2,2,5,Medium,10,83,39,Intermediate
1129,30,19,11,63.33,34,8,9,2,2,1,8,Easy,10,78,32,Intermediate
1130,30,29,1,96.67,22,10,10,9,0,0,1,Medium,7,80,57,Advanced
1131,30,16,14,53.33,47,8,6,2,2,4,8,Easy,6,60,26,Beginner
1132,30,29,1,96.67,19,10,8,11,0,2,0,Hard,7,83,59,Advanced
1133,30,28,2,93.33,16,10,10,8,0,0,2,Medium,12,78,54,Advanced
1134,30,30,0,100.0,23,10,8,12,0,2,0,Hard,12,93,62,Advanced
1135,30,29,1,96.67,23,10,10,9,0,0,1,Medium,11,81,57,Advanced
1136,30,15,15,50.0,36,8,3,4,2,7,6,Easy,5,51,26,Beginner
1137,30,19,11,63.33,45,9,3,7,1,7,3,Easy,4,50,36,Beginner
1138,30,24,6,80.0,25,9,7,8,1,3,2,Medium,6,73,47,Intermediate
1139,30,17,13,56.67,26,8,7,2,2,3,8,Easy,4,82,28,Intermediate
1140,30,30,0,100.0,26,10,8,12,0,2,0,Hard,15,79,62,Advanced
1141,30,25,5,83.33,39,10,7,8,0,3,2,Easy,5,52,48,Intermediate
1142,30,17,13,56.67,25,10,8,0,0,2,11,Hard,6,81,26,Intermediate
1143,30,27,3,90.0,28,10,8,9,0,2,1,Hard,10,74,53,Advanced
1144,30,30,0,100.0,24,10,10,10,0,0,0,Hard,13,84,60,Advanced
1145,30,20,10,66.67,35,8,4,8,2,6,2,Medium,4,48,40,Beginner
1146,30,29,1,96.67,25,10,9,10,0,1,0,Medium,8,89,58,Advanced
1147,30,24,6,80.0,15,10,10,4,0,0,6,Hard,10,92,42,Advanced
1148,30,22,8,73.33,15,10,8,4,0,2,6,Hard,13,89,38,Advanced
1149,30,28,2,93.33,22,10,8,10,0,2,0,Hard,10,75,56,Advanced
1150,30,17,13,56.67,41,8,9,0,2,1,10,Hard,8,80,26,Intermediate
1151,30,26,4,86.67,30,10,9,7,0,1,3,Hard,13,93,49,Advanced
1152,30,17,13,56.67,27,10,9,0,0,1,12,Hard,7,53,28,Intermediate
1153,30,25,5,83.33,26,10,8,7,0,2,3,Medium,7,97,47,Advanced
1154,30,19,11,63.33,44,9,6,4,1,4,6,Easy,4,35,33,Beginner
1155,30,27,3,90.0,29,10,10,7,0,0,3,Hard,11,75,51,Advanced
1156,30,12,18,40.0,43,9,3,0,1,7,10,Medium,5,49,15,Beginner
1157,30,19,11,63.33,22,10,8,1,0,2,9,Hard,6,84,29,Intermediate
1158,30,21,9,70.0,33,9,8,4,1,2,6,Hard,10,66,37,Intermediate
1159,30,26,4,86.67,33,10,7,9,0,3,1,Easy,5,70,51,Intermediate
1160,30,29,1,96.67,27,10,10,9,0,0,1,Medium,8,100,57,Advanced
1161,30,23,7,76.67,34,10,7,6,0,3,4,Medium,10,75,42,Intermediate
1162,30,25,5,83.33,32,10,8,7,0,2,3,Medium,12,78,47,Advanced
1163,30,14,16,46.67,45,9,5,0,1,5,10,Easy,5,65,19,Beginner
1164,30,18,12,60.0,27,8,8,2,2,2,8,Medium,7,54,30,Intermediate
1165,30,22,8,73.33,29,9,7,6,1,3,4,Hard,6,63,41,Intermediate
1166,30,27,3,90.0,18,10,8,9,0,2,1,Hard,11,83,53,Advanced
1167,30,20,10,66.67,41,10,9,1,0,1,9,Medium,6,69,31,Intermediate
1168,30,19,11,63.33,39,8,9,2,2,1,8,Hard,10,57,32,Intermediate
1169,30,12,18,40.0,57,10,5,0,0,5,13,Medium,3,56,20,Beginner
1170,30,26,4,86.67,36,8,8,10,2,2,0,Easy,10,71,54,Intermediate
1171,30,25,5,83.33,22,10,9,6,0,1,4,Medium,14,79,46,Advanced
1172,30,23,7,76.67,35,8,8,7,2,2,3,Hard,4,75,45,Intermediate
1173,30,19,11,63.33,39,8,3,8,2,7,2,Easy,7,36,38,Beginner
1174,30,26,4,86.67,32,8,7,11,2,3,0,Hard,8,79,55,Intermediate
1175,30,24,6,80.0,30,8,8,8,2,2,2,Hard,7,71,48,Intermediate
1176,30,22,8,73.33,27,10,10,2,0,0,8,Hard,12,98,36,Advanced
1177,30,16,14,53.33,38,10,5,1,0,5,9,Easy,7,45,23,Beginner
1178,30,13,17,43.33,58,7,6,0,3,4,10,Medium,5,48,19,Beginner
1179,30,26,4,86.67,29,8,9,9,2,1,1,Medium,6,69,53,Intermediate
1180,30,28,2,93.33,25,10,10,8,0,0,2,Medium,9,96,54,Advanced
1181,30,25,5,83.33,27,10,8,7,0,2,3,Medium,12,73,47,Advanced
1182,30,24,6,80.0,30,8,8,8,2,2,2,Medium,6,66,48,Intermediate
1183,30,26,4,86.67,41,10,10,6,0,0,4,Medium,5,75,48,Intermediate
1184,30,25,5,83.33,22,8,9,8,2,1,2,Hard,4,85,50,Intermediate
1185,30,26,4,86.67,34,10,10,6,0,0,4,Easy,4,67,48,Intermediate
1186,30,25,5,83.33,19,10,8,7,0,2,3,Hard,14,88,47,Advanced
1187,30,25,5,83.33,27,10,7,8,0,3,2,Hard,4,81,48,Intermediate
1188,30,17,13,56.67,35,6,3,8,4,7,2,Easy,2,61,36,Beginner
1189,30,29,1,96.67,17,10,9,10,0,1,0,Medium,12,88,58,Advanced
1190,30,24,6,80.0,36,8,10,6,2,0,4,Hard,8,71,46,Intermediate
1191,30,22,8,73.33,15,10,9,3,0,1,7,Hard,15,79,37,Advanced
1192,30,21,9,70.0,34,8,10,3,2,0,7,Medium,5,50,37,Intermediate
1193,30,20,10,66.67,31,9,9,2,1,1,8,Medium,4,77,33,Intermediate
1194,30,24,6,80.0,23,10,9,5,0,1,5,Medium,6,66,43,Intermediate
1195,30,27,3,90.0,29,10,9,8,0,1,2,Hard,9,78,52,Advanced
1196,30,19,11,63.33,38,10,7,2,0,3,8,Medium,9,81,30,Intermediate
1197,30,29,1,96.67,16,10,8,11,0,2,0,Medium,8,97,59,Advanced
1198,30,25,5,83.33,22,10,9,6,0,1,4,Medium,6,77,46,Intermediate
1199,30,18,12,60.0,28,8,8,2,2,2,8,Hard,4,67,30,Intermediate
1200,30,28,2,93.33,21,10,10,8,0,0,2,Medium,13,96,54,Advanced
1201,30,29,1,96.67,29,10,8,11,0,2,0,Hard,14,70,59,Advanced
1202,30,28,2,93.33,19,10,8,10,0,2,0,Hard,15,80,56,Advanced
1203,30,30,0,100.0,26,10,10,10,0,0,0,Medium,10,72,60,Advanced
1204,30,15,15,50.0,60,8,4,3,2,6,7,Medium,6,54,25,Beginner
1205,30,17,13,56.67,42,10,7,0,0,3,10,Hard,9,71,24,Intermediate
1206,30,23,7,76.67,30,9,8,6,1,2,4,Medium,6,53,43,Intermediate
1207,30,26,4,86.67,28,8,8,10,2,2,0,Easy,5,81,54,Intermediate
1208,30,20,10,66.67,30,10,7,3,0,3,7,Easy,7,54,33,Intermediate
1209,30,17,13,56.67,37,10,7,0,0,3,10,Medium,7,80,24,Intermediate
1210,30,22,8,73.33,22,10,8,4,0,2,6,Medium,13,85,38,Advanced
1211,30,25,5,83.33,32,10,8,7,0,2,3,Hard,6,72,47,Intermediate
1212,30,26,4,86.67,30,10,8,8,0,2,2,Medium,6,66,50,Intermediate
1213,30,13,17,43.33,42,10,4,0,0,6,11,Easy,2,47,18,Beginner
1214,30,19,11,63.33,31,8,8,3,2,2,7,Easy,8,57,33,Intermediate
1215,30,23,7,76.67,22,9,7,7,1,3,3,Easy,5,59,44,Intermediate
1216,30,28,2,93.33,30,10,9,9,0,1,1,Medium,14,87,55,Advanced
1217,30,25,5,83.33,36,9,8,8,1,2,2,Medium,10,60,49,Intermediate
1218,30,19,11,63.33,45,9,3,7,1,7,3,Medium,3,37,36,Beginner
1219,30,26,4,86.67,39,9,9,8,1,1,2,Easy,8,79,51,Intermediate
1220,30,24,6,80.0,25,9,9,6,1,1,4,Hard,8,57,45,Intermediate
1221,30,20,10,66.67,46,8,3,9,2,7,1,Easy,3,52,41,Beginner
1222,30,23,7,76.67,41,10,7,6,0,3,4,Easy,8,56,42,Intermediate
1223,30,25,5,83.33,38,10,10,5,0,0,5,Easy,10,70,45,Intermediate
1224,30,25,5,83.33,26,10,8,7,0,2,3,Medium,8,78,47,Advanced
1225,30,26,4,86.67,18,10,9,7,0,1,3,Hard,12,75,49,Advanced
1226,30,16,14,53.33,38,8,6,2,2,4,8,Medium,3,56,26,Beginner
1227,30,26,4,86.67,28,10,7,9,0,3,1,Medium,8,57,51,Intermediate
1228,30,17,13,56.67,31,10,10,0,0,0,13,Hard,7,85,30,Intermediate
1229,30,13,17,43.33,46,10,3,0,0,7,10,Medium,5,52,16,Beginner
1230,30,19,11,63.33,31,10,9,0,0,1,10,Hard,10,60,28,Intermediate
1231,30,15,15,50.0,41,7,6,2,3,4,8,Easy,3,55,25,Beginner
1232,30,26,4,86.67,29,10,8,8,0,2,2,Medium,14,100,50,Advanced
1233,30,13,17,43.33,59,8,4,1,2,6,9,Easy,5,70,19,Beginner
1234,30,16,14,53.33,46,6,3,7,4,7,3,Medium,4,58,33,Beginner
1235,30,20,10,66.67,33,9,7,4,1,3,6,Hard,5,56,35,Intermediate
1236,30,17,13,56.67,50,9,3,5,1,7,5,Medium,4,49,30,Beginner
1237,30,22,8,73.33,23,10,8,4,0,2,6,Hard,6,79,38,Intermediate
1238,30,19,11,63.33,41,9,6,4,1,4,6,Easy,6,57,33,Beginner
1239,30,23,7,76.67,33,8,8,7,2,2,3,Medium,4,62,45,Intermediate
1240,30,30,0,100.0,26,10,10,10,0,0,0,Hard,8,91,60,Advanced
1241,30,12,18,40.0,40,10,6,0,0,4,14,Easy,6,49,22,Beginner
1242,30,15,15,50.0,43,9,6,0,1,4,10,Medium,2,48,21,Beginner
1243,30,17,13,56.67,45,8,5,4,2,5,6,Medium,5,59,30,Beginner
1244,30,29,1,96.67,29,10,10,9,0,0,1,Hard,14,94,57,Advanced
1245,30,15,15,50.0,41,10,3,2,0,7,8,Medium,5,63,22,Beginner
1246,30,23,7,76.67,32,10,9,4,0,1,6,Hard,12,77,40,Advanced
1247,30,17,13,56.67,39,10,9,0,0,1,12,Medium,7,53,28,Intermediate
1248,30,19,11,63.33,40,7,5,7,3,5,3,Easy,6,44,38,Beginner
1249,30,22,8,73.33,19,10,9,3,0,1,7,Medium,13,71,37,Advanced
1250,30,23,7,76.67,22,8,8,7,2,2,3,Medium,5,65,45,Intermediate
1251,30,25,5,83.33,40,9,8,8,1,2,2,Hard,6,79,49,Intermediate
1252,30,23,7,76.67,16,10,9,4,0,1,6,Medium,7,91,40,Advanced
1253,30,20,10,66.67,24,8,8,4,2,2,6,Easy,7,51,36,Intermediate
1254,30,20,10,66.67,31,8,9,3,2,1,7,Hard,6,84,35,Intermediate
1255,30,14,16,46.67,53,10,4,0,0,6,10,Easy,4,68,18,Beginner
1256,30,29,1,96.67,17,10,10,9,0,0,1,Medium,15,75,57,Advanced
1257,30,26,4,86.67,29,8,9,9,2,1,1,Easy,8,77,53,Intermediate
1258,30,22,8,73.33,36,9,8,5,1,2,5,Easy,9,76,40,Intermediate
1259,30,26,4,86.67,31,10,10,6,0,0,4,Hard,15,94,48,Advanced
1260,30,20,10,66.67,60,6,4,10,4,6,0,Easy,4,66,44,Beginner
1261,30,21,9,70.0,35,10,7,4,0,3,6,Hard,5,77,36,Intermediate
1262,30,23,7,76.67,20,10,9,4,0,1,6,Hard,7,90,40,Advanced
1263,30,13,17,43.33,52,6,4,3,4,6,7,Easy,2,48,23,Beginner
1264,30,20,10,66.67,39,6,3,11,4,7,0,Easy,4,36,45,Beginner
1265,30,21,9,70.0,30,8,7,6,2,3,4,Easy,5,64,40,Intermediate
1266,30,18,12,60.0,58,8,6,4,2,4,6,Easy,6,67,32,Beginner
1267,30,16,14,53.33,54,7,5,4,3,5,6,Easy,2,53,29,Beginner
1268,30,23,7,76.67,27,10,8,5,0,2,5,Medium,7,62,41,Intermediate
1269,30,24,6,80.0,16,10,8,6,0,2,4,Hard,9,93,44,Advanced
1270,30,13,17,43.33,58,10,4,0,0,6,11,Easy,7,58,18,Beginner
1271,30,17,13,56.67,24,10,8,0,0,2,11,Medium,5,79,26,Intermediate
1272,30,17,13,56.67,35,9,5,3,1,5,7,Medium,5,52,28,Beginner
1273,30,24,6,80.0,29,10,8,6,0,2,4,Medium,4,57,44,Intermediate
1274,30,25,5,83.33,25,10,9,6,0,1,4,Medium,13,88,46,Advanced
1275,30,25,5,83.33,17,10,9,6,0,1,4,Hard,9,90,46,Advanced
1276,30,16,14,53.33,53,9,6,1,1,4,9,Medium,4,52,24,Beginner
1277,30,20,10,66.67,23,10,10,0,0,0,10,Easy,7,85,30,Intermediate
1278,30,25,5,83.33,18,10,10,5,0,0,5,Medium,8,96,45,Advanced
1279,30,30,0,100.0,26,10,9,11,0,1,0,Medium,14,97,61,Advanced
1280,30,14,16,46.67,57,9,4,1,1,6,9,Medium,6,45,20,Beginner
1281,30,22,8,73.33,22,9,8,5,1,2,5,Hard,4,65,40,Intermediate
1282,30,24,6,80.0,28,9,10,5,1,0,5,Medium,9,55,44,Intermediate
1283,30,27,3,90.0,23,10,10,7,0,0,3,Hard,10,82,51,Advanced
1284,30,21,9,70.0,32,10,8,3,0,2,7,Hard,5,77,35,Intermediate
1285,30,24,6,80.0,38,9,7,8,1,3,2,Hard,7,79,47,Intermediate
1286,30,12,18,40.0,52,6,6,0,4,4,10,Easy,5,55,18,Beginner
1287,30,18,12,60.0,55,7,4,7,3,6,3,Easy,4,44,36,Beginner
1288,30,17,13,56.67,36,8,10,0,2,0,11,Medium,5,63,28,Intermediate
1289,30,14,16,46.67,41,10,5,0,0,5,11,Medium,5,49,20,Beginner
1290,30,21,9,70.0,39,8,7,6,2,3,4,Easy,6,56,40,Intermediate
1291,30,26,4,86.67,30,9,9,8,1,1,2,Hard,7,74,51,Intermediate
1292,30,19,11,63.33,36,8,9,2,2,1,8,Hard,10,62,32,Intermediate
1293,30,23,7,76.67,28,9,9,5,1,1,5,Medium,4,50,42,Intermediate
1294,30,17,13,56.67,59,9,6,2,1,4,8,Easy,4,48,27,Beginner
1295,30,19,11,63.33,54,8,5,6,2,5,4,Easy,2,63,36,Beginner
1296,30,24,6,80.0,15,10,8,6,0,2,4,Medium,8,97,44,Advanced
1297,30,22,8,73.33,33,9,7,6,1,3,4,Medium,5,70,41,Intermediate
1298,30,30,0,100.0,20,10,9,11,0,1,0,Medium,8,90,61,Advanced
1299,30,22,8,73.33,23,9,8,5,1,2,5,Easy,6,85,40,Intermediate
1300,30,13,17,43.33,51,6,5,2,4,5,8,Easy,3,42,22,Beginner
1301,30,19,11,63.33,22,10,8,1,0,2,9,Hard,6,75,29,Intermediate
1302,30,21,9,70.0,28,10,8,3,0,2,7,Hard,6,65,35,Intermediate
1303,30,25,5,83.33,17,10,9,6,0,1,4,Medium,13,89,46,Advanced
1304,30,19,11,63.33,27,8,7,4,2,3,6,Easy,5,74,34,Intermediate
1305,30,19,11,63.33,28,8,9,2,2,1,8,Hard,8,51,32,Intermediate
1306,30,24,6,80.0,25,10,8,6,0,2,4,Easy,9,80,44,Intermediate
1307,30,18,12,60.0,39,9,8,1,1,2,9,Medium,9,58,28,Intermediate
1308,30,13,17,43.33,55,10,4,0,0,6,11,Easy,2,64,18,Beginner
1309,30,18,12,60.0,22,10,10,0,0,0,12,Medium,5,70,30,Intermediate
1310,30,14,16,46.67,36,9,3,2,1,7,8,Medium,6,67,21,Beginner
1311,30,29,1,96.67,24,10,8,11,0,2,0,Hard,11,75,59,Advanced
1312,30,24,6,80.0,26,10,9,5,0,1,5,Hard,14,97,43,Advanced
1313,30,22,8,73.33,41,8,9,5,2,1,5,Medium,7,57,41,Intermediate
1314,30,22,8,73.33,30,10,9,3,0,1,7,Medium,12,76,37,Advanced
1315,30,22,8,73.33,30,10,9,3,0,1,7,Hard,12,88,37,Advanced
1316,30,25,5,83.33,25,10,8,7,0,2,3,Hard,11,76,47,Advanced
1317,30,23,7,76.67,28,10,10,3,0,0,7,Hard,11,71,39,Advanced
1318,30,15,15,50.0,45,10,4,1,0,6,9,Easy,2,63,21,Beginner
1319,30,21,9,70.0,37,9,10,2,1,0,8,Easy,6,56,35,Intermediate
1320,30,12,18,40.0,48,7,5,0,3,5,10,Easy,7,55,17,Beginner
1321,30,30,0,100.0,29,10,9,11,0,1,0,Hard,7,78,61,Advanced
1322,30,17,13,56.67,26,10,10,0,0,0,13,Easy,5,84,30,Intermediate
1323,30,15,15,50.0,50,7,6,2,3,4,8,Medium,3,58,25,Beginner
1324,30,13,17,43.33,44,10,6,0,0,4,13,Medium,4,48,22,Beginner
1325,30,26,4,86.67,26,8,10,8,2,0,2,Medium,5,79,52,Intermediate
1326,30,29,1,96.67,23,10,9,10,0,1,0,Hard,8,73,58,Advanced
1327,30,17,13,56.67,33,10,10,0,0,0,13,Medium,5,85,30,Intermediate
1328,30,23,7,76.67,32,10,10,3,0,0,7,Hard,7,94,39,Advanced
1329,30,12,18,40.0,43,6,4,2,4,6,8,Easy,6,53,20,Beginner
1330,30,18,12,60.0,46,10,4,4,0,6,6,Easy,3,43,30,Beginner
1331,30,22,8,73.33,30,10,8,4,0,2,6,Medium,15,74,38,Advanced
1332,30,26,4,86.67,29,9,10,7,1,0,3,Easy,6,53,50,Intermediate
1333,30,26,4,86.67,29,9,8,9,1,2,1,Easy,6,85,52,Intermediate
1334,30,20,10,66.67,34,10,10,0,0,0,10,Hard,9,63,30,Intermediate
1335,30,17,13,56.67,49,10,6,1,0,4,9,Easy,4,46,25,Beginner
1336,30,16,14,53.33,47,6,6,4,4,4,6,Medium,2,58,30,Beginner
1337,30,15,15,50.0,35,10,4,1,0,6,9,Easy,7,65,21,Beginner
1338,30,26,4,86.67,36,9,10,7,1,0,3,Medium,10,74,50,Intermediate
1339,30,16,14,53.33,47,6,3,7,4,7,3,Easy,2,47,33,Beginner
1340,30,23,7,76.67,40,10,7,6,0,3,4,Medium,5,55,42,Intermediate
1341,30,26,4,86.67,22,10,9,7,0,1,3,Medium,7,88,49,Advanced
1342,30,19,11,63.33,57,7,6,6,3,4,4,Easy,2,48,37,Beginner
1343,30,12,18,40.0,50,6,3,3,4,7,7,Medium,2,70,21,Beginner
1344,30,29,1,96.67,22,10,8,11,0,2,0,Hard,14,76,59,Advanced
1345,30,26,4,86.67,34,9,8,9,1,2,1,Hard,8,65,52,Intermediate
1346,30,25,5,83.33,17,10,8,7,0,2,3,Medium,14,94,47,Advanced
1347,30,24,6,80.0,42,10,7,7,0,3,3,Easy,8,50,45,Intermediate
1348,30,23,7,76.67,29,8,10,5,2,0,5,Medium,4,67,43,Intermediate
1349,30,22,8,73.33,29,10,10,2,0,0,8,Hard,7,51,36,Intermediate
1350,30,17,13,56.67,57,8,4,5,2,6,5,Medium,5,50,31,Beginner
1351,30,30,0,100.0,25,10,9,11,0,1,0,Hard,8,87,61,Advanced
1352,30,24,6,80.0,30,10,7,7,0,3,3,Easy,9,71,45,Intermediate
1353,30,24,6,80.0,17,10,9,5,0,1,5,Hard,15,94,43,Advanced
1354,30,18,12,60.0,39,9,8,1,1,2,9,Easy,4,80,28,Intermediate
1355,30,24,6,80.0,30,10,8,6,0,2,4,Hard,11,100,44,Advanced
1356,30,21,9,70.0,30,8,8,5,2,2,5,Medium,9,77,39,Intermediate
1357,30,17,13,56.67,58,10,3,4,0,7,6,Medium,4,57,28,Beginner
1358,30,20,10,66.67,27,10,7,3,0,3,7,Hard,7,66,33,Intermediate
1359,30,26,4,86.67,37,10,9,7,0,1,3,Hard,9,58,49,Intermediate
1360,30,18,12,60.0,39,6,6,6,4,4,4,Easy,3,54,36,Beginner
1361,30,28,2,93.33,28,10,10,8,0,0,2,Hard,13,83,54,Advanced
1362,30,22,8,73.33,23,10,8,4,0,2,6,Hard,8,93,38,Advanced
1363,30,22,8,73.33,24,9,9,4,1,1,6,Medium,7,58,39,Intermediate
1364,30,19,11,63.33,59,9,5,5,1,5,5,Medium,4,39,34,Beginner
1365,30,22,8,73.33,21,10,10,2,0,0,8,Medium,8,72,36,Advanced
1366,30,22,8,73.33,41,8,9,5,2,1,5,Easy,4,66,41,Intermediate
1367,30,25,5,83.33,34,10,9,6,0,1,4,Easy,6,59,46,Intermediate
1368,30,24,6,80.0,23,10,10,4,0,0,6,Medium,8,72,42,Advanced
1369,30,19,11,63.33,36,8,9,2,2,1,8,Medium,10,51,32,Intermediate
1370,30,26,4,86.67,30,10,8,8,0,2,2,Easy,4,50,50,Intermediate
1371,30,27,3,90.0,24,10,8,9,0,2,1,Hard,9,92,53,Advanced
1372,30,18,12,60.0,58,8,6,4,2,4,6,Medium,2,56,32,Beginner
1373,30,16,14,53.33,59,6,3,7,4,7,3,Medium,4,53,33,Beginner
1374,30,23,7,76.67,24,9,8,6,1,2,4,Easy,4,56,43,Intermediate
1375,30,17,13,56.67,42,9,5,3,1,5,7,Easy,3,68,28,Beginner
1376,30,22,8,73.33,26,8,8,6,2,2,4,Hard,4,81,42,Intermediate
1377,30,15,15,50.0,53,6,6,3,4,4,7,Easy,4,69,27,Beginner
1378,30,23,7,76.67,38,10,10,3,0,0,7,Hard,5,65,39,Intermediate
1379,30,20,10,66.67,52,7,6,7,3,4,3,Easy,4,41,40,Beginner
1380,30,20,10,66.67,39,8,6,6,2,4,4,Medium,6,60,38,Beginner
1381,30,19,11,63.33,52,8,3,8,2,7,2,Medium,6,48,38,Beginner
1382,30,15,15,50.0,35,10,6,0,0,4,11,Easy,3,60,22,Beginner
1383,30,22,8,73.33,28,10,8,4,0,2,6,Medium,6,62,38,Intermediate
1384,30,18,12,60.0,52,9,5,4,1,5,6,Medium,5,41,31,Beginner
1385,30,18,12,60.0,59,6,3,9,4,7,1,Easy,4,67,39,Beginner
1386,30,24,6,80.0,23,10,10,4,0,0,6,Hard,14,87,42,Advanced
1387,30,16,14,53.33,59,9,3,4,1,7,6,Easy,6,39,27,Beginner
1388,30,22,8,73.33,30,10,10,2,0,0,8,Medium,15,76,36,Advanced
1389,30,18,12,60.0,37,10,10,0,0,0,12,Easy,10,58,30,Intermediate
1390,30,27,3,90.0,25,10,8,9,0,2,1,Medium,10,90,53,Advanced
1391,30,29,1,96.67,16,10,9,10,0,1,0,Medium,8,93,58,Advanced
1392,30,18,12,60.0,58,6,5,7,4,5,3,Medium,5,35,37,Beginner
1393,30,12,18,40.0,36,8,6,0,2,4,12,Easy,6,42,20,Beginner
1394,30,25,5,83.33,20,10,10,5,0,0,5,Hard,12,86,45,Advanced
1395,30,19,11,63.33,22,10,7,2,0,3,8,Medium,7,60,30,Intermediate
1396,30,15,15,50.0,44,10,6,0,0,4,11,Easy,7,70,22,Beginner
1397,30,26,4,86.67,19,10,9,7,0,1,3,Hard,15,72,49,Advanced
1398,30,18,12,60.0,46,8,5,5,2,5,5,Easy,5,59,33,Beginner
1399,30,13,17,43.33,44,10,3,0,0,7,10,Medium,7,46,16,Beginner
1400,30,22,8,73.33,33,8,8,6,2,2,4,Easy,8,77,42,Intermediate
1401,30,16,14,53.33,35,10,6,0,0,4,10,Easy,4,65,22,Beginner
1402,30,26,4,86.67,29,10,9,7,0,1,3,Hard,12,87,49,Advanced
1403,30,25,5,83.33,20,10,9,6,0,1,4,Hard,15,100,46,Advanced
1404,30,17,13,56.67,55,6,6,5,4,4,5,Medium,7,69,33,Beginner
1405,30,27,3,90.0,20,10,10,7,0,0,3,Medium,10,92,51,Advanced
1406,30,30,0,100.0,18,10,10,10,0,0,0,Hard,14,72,60,Advanced
1407,30,25,5,83.33,30,9,9,7,1,1,3,Hard,5,75,48,Intermediate
1408,30,25,5,83.33,39,8,8,9,2,2,1,Easy,8,72,51,Intermediate
1409,30,24,6,80.0,19,10,10,4,0,0,6,Hard,9,77,42,Advanced
1410,30,18,12,60.0,39,10,8,0,0,2,10,Easy,9,51,26,Intermediate
1411,30,27,3,90.0,23,10,8,9,0,2,1,Hard,12,98,53,Advanced
1412,30,24,6,80.0,32,9,9,6,1,1,4,Hard,5,64,45,Intermediate
1413,30,17,13,56.67,30,10,9,0,0,1,12,Medium,4,55,28,Intermediate
1414,30,20,10,66.67,35,10,8,2,0,2,8,Hard,5,63,32,Intermediate
1415,30,29,1,96.67,22,10,9,10,0,1,0,Medium,8,73,58,Advanced
1416,30,29,1,96.67,27,10,10,9,0,0,1,Medium,12,76,57,Advanced
1417,30,18,12,60.0,36,8,9,1,2,1,9,Easy,9,60,29,Intermediate
1418,30,22,8,73.33,30,8,7,7,2,3,3,Easy,6,78,43,Intermediate
1419,30,19,11,63.33,42,7,5,7,3,5,3,Easy,5,44,38,Beginner
1420,30,21,9,70.0,41,8,7,6,2,3,4,Hard,4,66,40,Intermediate
1421,30,22,8,73.33,39,8,7,7,2,3,3,Hard,9,69,43,Intermediate
1422,30,25,5,83.33,32,9,7,9,1,3,1,Medium,10,77,50,Intermediate
1423,30,18,12,60.0,40,8,7,3,2,3,7,Medium,7,73,31,Intermediate
1424,30,22,8,73.33,18,10,9,3,0,1,7,Medium,15,80,37,Advanced
1425,30,18,12,60.0,23,9,10,0,1,0,11,Hard,8,76,29,Intermediate
1426,30,28,2,93.33,27,10,8,10,0,2,0,Medium,7,71,56,Advanced
1427,30,22,8,73.33,38,8,9,5,2,1,5,Medium,4,84,41,Intermediate
1428,30,17,13,56.67,47,8,4,5,2,6,5,Medium,7,70,31,Beginner
1429,30,14,16,46.67,49,6,4,4,4,6,6,Easy,2,38,26,Beginner
1430,30,28,2,93.33,20,10,9,9,0,1,1,Medium,13,82,55,Advanced
1431,30,25,5,83.33,16,10,10,5,0,0,5,Hard,8,97,45,Advanced
1432,30,22,8,73.33,19,10,8,4,0,2,6,Hard,9,100,38,Advanced
1433,30,17,13,56.67,39,10,7,0,0,3,10,Medium,7,52,24,Intermediate
1434,30,17,13,56.67,35,10,6,1,0,4,9,Medium,4,69,25,Beginner
1435,30,13,17,43.33,47,10,3,0,0,7,10,Medium,6,61,16,Beginner
1436,30,18,12,60.0,29,10,9,0,0,1,11,Easy,4,55,28,Intermediate
1437,30,29,1,96.67,17,10,8,11,0,2,0,Medium,9,99,59,Advanced
1438,30,20,10,66.67,32,9,9,2,1,1,8,Hard,8,73,33,Intermediate
1439,30,23,7,76.67,23,10,9,4,0,1,6,Hard,7,96,40,Advanced
1440,30,17,13,56.67,58,10,3,4,0,7,6,Medium,5,37,28,Beginner
1441,30,20,10,66.67,42,9,9,2,1,1,8,Hard,7,80,33,Intermediate
1442,30,23,7,76.67,35,9,8,6,1,2,4,Easy,5,80,43,Intermediate
1443,30,27,3,90.0,26,10,10,7,0,0,3,Hard,12,72,51,Advanced
1444,30,28,2,93.33,15,10,9,9,0,1,1,Hard,8,98,55,Advanced
1445,30,17,13,56.67,27,9,10,0,1,0,12,Easy,7,52,29,Intermediate
1446,30,22,8,73.33,23,9,9,4,1,1,6,Medium,7,53,39,Intermediate
1447,30,27,3,90.0,29,10,9,8,0,1,2,Hard,9,98,52,Advanced
1448,30,12,18,40.0,57,10,5,0,0,5,13,Medium,3,46,20,Beginner
1449,30,21,9,70.0,38,10,7,4,0,3,6,Easy,9,61,36,Intermediate
1450,30,19,11,63.33,37,8,8,3,2,2,7,Medium,6,56,33,Intermediate
1451,30,13,17,43.33,44,9,4,0,1,6,10,Easy,4,51,17,Beginner
1452,30,23,7,76.67,32,8,10,5,2,0,5,Medium,4,70,43,Intermediate
1453,30,23,7,76.67,22,10,10,3,0,0,7,Medium,15,83,39,Advanced
1454,30,19,11,63.33,41,8,9,2,2,1,8,Easy,7,65,32,Intermediate
1455,30,18,12,60.0,59,7,5,6,3,5,4,Easy,6,54,35,Beginner
1456,30,19,11,63.33,36,9,3,7,1,7,3,Easy,2,64,36,Beginner
1457,30,17,13,56.67,39,10,10,0,0,0,13,Hard,8,55,30,Intermediate
1458,30,16,14,53.33,57,6,3,7,4,7,3,Medium,4,60,33,Beginner
1459,30,17,13,56.67,24,8,8,1,2,2,9,Hard,10,56,27,Intermediate
1460,30,26,4,86.67,30,10,10,6,0,0,4,Medium,12,87,48,Advanced
1461,30,20,10,66.67,35,9,9,2,1,1,8,Easy,4,54,33,Intermediate
1462,30,25,5,83.33,40,9,8,8,1,2,2,Hard,9,68,49,Intermediate
1463,30,28,2,93.33,22,10,9,9,0,1,1,Hard,14,73,55,Advanced
1464,30,18,12,60.0,33,8,7,3,2,3,7,Easy,6,76,31,Intermediate
1465,30,28,2,93.33,25,10,9,9,0,1,1,Medium,13,73,55,Advanced
1466,30,20,10,66.67,40,10,6,4,0,4,6,Medium,2,58,34,Beginner
1467,30,19,11,63.33,29,8,8,3,2,2,7,Hard,7,54,33,Intermediate
1468,30,12,18,40.0,51,7,3,2,3,7,8,Medium,5,48,19,Beginner
1469,30,25,5,83.33,38,10,10,5,0,0,5,Easy,7,55,45,Intermediate
1470,30,28,2,93.33,27,10,9,9,0,1,1,Hard,12,86,55,Advanced
1471,30,23,7,76.67,22,9,8,6,1,2,4,Hard,7,52,43,Intermediate
1472,30,25,5,83.33,19,10,10,5,0,0,5,Hard,11,78,45,Advanced
1473,30,18,12,60.0,42,7,4,7,3,6,3,Easy,7,70,36,Beginner
1474,30,26,4,86.67,42,8,8,10,2,2,0,Hard,9,62,54,Intermediate
1475,30,17,13,56.67,36,8,8,1,2,2,9,Easy,4,64,27,Intermediate
1476,30,24,6,80.0,37,9,9,6,1,1,4,Medium,9,69,45,Intermediate
1477,30,23,7,76.67,26,10,10,3,0,0,7,Hard,9,75,39,Advanced
1478,30,22,8,73.33,24,10,9,3,0,1,7,Hard,12,100,37,Advanced
1479,30,24,6,80.0,26,10,9,5,0,1,5,Hard,15,91,43,Advanced
1480,30,23,7,76.67,33,9,7,7,1,3,3,Easy,6,62,44,Intermediate
1481,30,24,6,80.0,25,10,9,5,0,1,5,Easy,5,59,43,Intermediate
1482,30,23,7,76.67,25,10,9,4,0,1,6,Medium,13,99,40,Advanced
1483,30,13,17,43.33,39,7,3,3,3,7,7,Medium,2,68,22,Beginner
1484,30,14,16,46.67,37,9,3,2,1,7,8,Medium,6,70,21,Beginner
1485,30,12,18,40.0,47,6,4,2,4,6,8,Easy,7,39,20,Beginner
1486,30,23,7,76.67,25,10,9,4,0,1,6,Medium,8,75,40,Advanced
1487,30,17,13,56.67,51,9,5,3,1,5,7,Easy,4,65,28,Beginner
1488,30,18,12,60.0,39,7,6,5,3,4,5,Medium,6,40,34,Beginner
1489,30,29,1,96.67,29,10,9,10,0,1,0,Hard,11,80,58,Advanced
1490,30,26,4,86.67,36,9,10,7,1,0,3,Easy,5,51,50,Intermediate
1491,30,18,12,60.0,41,10,8,0,0,2,10,Easy,9,69,26,Intermediate
1492,30,26,4,86.67,37,8,9,9,2,1,1,Easy,4,73,53,Intermediate
1493,30,23,7,76.67,39,9,7,7,1,3,3,Easy,9,66,44,Intermediate
1494,30,21,9,70.0,30,10,10,1,0,0,9,Hard,9,71,33,Intermediate
1495,30,27,3,90.0,17,10,8,9,0,2,1,Medium,7,91,53,Advanced
1496,30,17,13,56.67,40,8,6,3,2,4,7,Medium,4,70,29,Beginner
1497,30,18,12,60.0,42,8,10,0,2,0,10,Medium,5,84,28,Intermediate
1498,30,13,17,43.33,60,9,5,0,1,5,11,Medium,4,56,19,Beginner
1499,30,26,4,86.67,32,10,9,7,0,1,3,Hard,11,97,49,Advanced
1500,30,28,2,93.33,31,10,10,8,0,0,2,Medium,7,74,54,Advanced
1501,30,16,14,53.33,39,10,3,3,0,7,7,Medium,3,46,25,Beginner
1502,30,16,14,53.33,53,9,4,3,1,6,7,Easy,2,66,26,Beginner
1503,30,23,7,76.67,24,10,9,4,0,1,6,Medium,9,77,40,Intermediate
1504,30,29,1,96.67,22,10,8,11,0,2,0,Medium,9,93,59,Advanced
1505,30,30,0,100.0,25,10,8,12,0,2,0,Hard,12,87,62,Advanced
1506,30,18,12,60.0,25,9,7,2,1,3,8,Medium,4,61,29,Intermediate
1507,30,23,7,76.67,36,8,10,5,2,0,5,Medium,9,79,43,Intermediate
1508,30,23,7,76.67,39,10,7,6,0,3,4,Easy,4,69,42,Intermediate
1509,30,24,6,80.0,26,10,9,5,0,1,5,Medium,7,91,43,Advanced
1510,30,15,15,50.0,52,9,3,3,1,7,7,Medium,7,44,24,Beginner
1511,30,13,17,43.33,35,10,5,0,0,5,12,Medium,3,47,20,Beginner
1512,30,22,8,73.33,24,10,8,4,0,2,6,Hard,13,72,38,Advanced
1513,30,17,13,56.67,24,10,8,0,0,2,11,Medium,8,66,26,Intermediate
1514,30,19,11,63.33,30,9,9,1,1,1,9,Hard,4,69,30,Intermediate
1515,30,17,13,56.67,29,10,10,0,0,0,13,Easy,7,52,30,Intermediate
1516,30,17,13,56.67,45,7,6,4,3,4,6,Easy,4,35,31,Beginner
1517,30,17,13,56.67,56,10,4,3,0,6,7,Medium,3,52,27,Beginner
1518,30,21,9,70.0,35,10,9,2,0,1,8,Medium,5,58,34,Intermediate
1519,30,23,7,76.67,23,10,8,5,0,2,5,Hard,7,72,41,Advanced
1520,30,17,13,56.67,44,9,6,2,1,4,8,Medium,3,66,27,Beginner
1521,30,20,10,66.67,38,9,7,4,1,3,6,Medium,6,66,35,Intermediate
1522,30,26,4,86.67,31,10,10,6,0,0,4,Medium,13,79,48,Advanced
1523,30,20,10,66.67,40,10,3,7,0,7,3,Medium,5,37,37,Beginner
1524,30,18,12,60.0,37,10,10,0,0,0,12,Easy,7,80,30,Intermediate
1525,30,26,4,86.67,28,10,8,8,0,2,2,Medium,10,98,50,Advanced
1526,30,16,14,53.33,45,10,5,1,0,5,9,Medium,5,69,23,Beginner
1527,30,26,4,86.67,22,10,7,9,0,3,1,Hard,4,85,51,Intermediate
1528,30,12,18,40.0,47,9,4,0,1,6,11,Easy,3,60,17,Beginner
1529,30,26,4,86.67,39,8,10,8,2,0,2,Hard,6,69,52,Intermediate
1530,30,18,12,60.0,42,10,9,0,0,1,11,Hard,4,64,28,Intermediate
1531,30,29,1,96.67,32,10,9,10,0,1,0,Hard,12,71,58,Advanced
1532,30,28,2,93.33,27,10,9,9,0,1,1,Hard,8,90,55,Advanced
1533,30,18,12,60.0,34,10,9,0,0,1,11,Easy,6,55,28,Intermediate
1534,30,23,7,76.67,25,10,9,4,0,1,6,Medium,12,83,40,Advanced
1535,30,24,6,80.0,27,8,10,6,2,0,4,Medium,4,77,46,Intermediate
1536,30,21,9,70.0,26,9,8,4,1,2,6,Medium,4,51,37,Intermediate
1537,30,19,11,63.33,39,8,8,3,2,2,7,Easy,9,58,33,Intermediate
1538,30,18,12,60.0,38,9,9,0,1,1,10,Medium,9,72,27,Intermediate
1539,30,19,11,63.33,47,9,3,7,1,7,3,Easy,6,69,36,Beginner
1540,30,14,16,46.67,45,10,3,1,0,7,9,Medium,5,35,19,Beginner
1541,30,27,3,90.0,26,10,10,7,0,0,3,Hard,11,97,51,Advanced
1542,30,15,15,50.0,36,6,4,5,4,6,5,Easy,2,37,29,Beginner
1543,30,23,7,76.67,24,10,9,4,0,1,6,Medium,11,81,40,Advanced
1544,30,12,18,40.0,37,10,6,0,0,4,14,Medium,7,44,22,Beginner
1545,30,14,16,46.67,39,8,6,0,2,4,10,Easy,7,64,20,Beginner
1546,30,26,4,86.67,41,9,9,8,1,1,2,Medium,7,59,51,Intermediate
1547,30,19,11,63.33,22,8,8,3,2,2,7,Easy,8,85,33,Intermediate
1548,30,24,6,80.0,24,9,8,7,1,2,3,Medium,9,85,46,Intermediate
1549,30,23,7,76.67,27,10,8,5,0,2,5,Medium,14,83,41,Advanced
1550,30,22,8,73.33,34,10,7,5,0,3,5,Hard,9,61,39,Intermediate
1551,30,23,7,76.67,38,9,7,7,1,3,3,Hard,5,56,44,Intermediate
1552,30,17,13,56.67,23,8,9,0,2,1,10,Hard,9,78,26,Intermediate
1553,30,24,6,80.0,15,10,10,4,0,0,6,Medium,13,90,42,Advanced
1554,30,17,13,56.67,53,7,4,6,3,6,4,Easy,2,37,33,Beginner
1555,30,30,0,100.0,29,10,9,11,0,1,0,Hard,7,95,61,Advanced
1556,30,23,7,76.67,23,8,9,6,2,1,4,Hard,6,58,44,Intermediate
1557,30,20,10,66.67,39,7,5,8,3,5,2,Medium,3,50,41,Beginner
1558,30,13,17,43.33,39,9,6,0,1,4,12,Medium,4,36,21,Beginner
1559,30,19,11,63.33,52,7,3,9,3,7,1,Medium,6,52,40,Beginner
1560,30,14,16,46.67,55,8,5,1,2,5,9,Easy,6,35,21,Beginner
1561,30,15,15,50.0,50,10,6,0,0,4,11,Medium,6,70,22,Beginner
1562,30,24,6,80.0,35,8,7,9,2,3,1,Hard,7,73,49,Intermediate
1563,30,23,7,76.67,24,10,8,5,0,2,5,Hard,9,80,41,Advanced
1564,30,15,15,50.0,37,9,5,1,1,5,9,Medium,7,51,22,Beginner
1565,30,20,10,66.67,28,9,7,4,1,3,6,Hard,10,71,35,Intermediate
1566,30,28,2,93.33,18,10,9,9,0,1,1,Hard,10,71,55,Advanced
1567,30,13,17,43.33,49,6,6,1,4,4,9,Easy,6,65,21,Beginner
1568,30,26,4,86.67,22,10,9,7,0,1,3,Medium,12,97,49,Advanced
1569,30,15,15,50.0,59,7,6,2,3,4,8,Easy,3,48,25,Beginner
1570,30,22,8,73.33,38,8,10,4,2,0,6,Hard,8,64,40,Intermediate
1571,30,25,5,83.33,27,10,9,6,0,1,4,Medium,14,98,46,Advanced
1572,30,19,11,63.33,49,9,6,4,1,4,6,Medium,4,35,33,Beginner
1573,30,22,8,73.33,32,10,10,2,0,0,8,Hard,14,73,36,Advanced
1574,30,23,7,76.67,16,10,8,5,0,2,5,Hard,11,87,41,Advanced
1575,30,20,10,66.67,41,10,3,7,0,7,3,Easy,7,68,37,Beginner
1576,30,26,4,86.67,23,9,7,10,1,3,0,Easy,9,50,53,Intermediate
1577,30,26,4,86.67,20,10,9,7,0,1,3,Hard,11,82,49,Advanced
1578,30,27,3,90.0,29,10,9,8,0,1,2,Medium,7,90,52,Advanced
1579,30,20,10,66.67,37,10,3,7,0,7,3,Medium,4,37,37,Beginner
1580,30,25,5,83.33,32,8,10,7,2,0,3,Easy,5,69,49,Intermediate
1581,30,17,13,56.67,31,8,9,0,2,1,10,Medium,7,83,26,Intermediate
1582,30,26,4,86.67,25,10,8,8,0,2,2,Hard,12,99,50,Advanced
1583,30,19,11,63.33,25,9,9,1,1,1,9,Medium,4,50,30,Intermediate
1584,30,17,13,56.67,23,8,10,0,2,0,11,Easy,5,73,28,Intermediate
1585,30,14,16,46.67,51,9,6,0,1,4,11,Medium,6,67,21,Beginner
1586,30,20,10,66.67,42,10,9,1,0,1,9,Hard,10,76,31,Intermediate
1587,30,20,10,66.67,50,7,4,9,3,6,1,Medium,2,55,42,Beginner
1588,30,14,16,46.67,49,9,4,1,1,6,9,Medium,6,40,20,Beginner
1589,30,19,11,63.33,26,10,10,0,0,0,11,Medium,5,68,30,Intermediate
1590,30,19,11,63.33,51,7,6,6,3,4,4,Medium,2,42,37,Beginner
1591,30,19,11,63.33,31,9,9,1,1,1,9,Medium,9,74,30,Intermediate
1592,30,24,6,80.0,25,10,7,7,0,3,3,Medium,8,81,45,Intermediate
1593,30,17,13,56.67,24,8,8,1,2,2,9,Hard,9,83,27,Intermediate
1594,30,12,18,40.0,38,9,4,0,1,6,11,Easy,2,49,17,Beginner
1595,30,18,12,60.0,39,10,10,0,0,0,12,Easy,5,68,30,Intermediate
1596,30,26,4,86.67,41,10,7,9,0,3,1,Hard,7,63,51,Intermediate
1597,30,21,9,70.0,22,10,7,4,0,3,6,Hard,7,63,36,Intermediate
1598,30,18,12,60.0,47,8,3,7,2,7,3,Easy,3,54,35,Beginner
1599,30,23,7,76.67,27,10,10,3,0,0,7,Hard,13,73,39,Advanced
1600,30,26,4,86.67,28,10,7,9,0,3,1,Medium,4,80,51,Intermediate
1601,30,26,4,86.67,24,10,8,8,0,2,2,Medium,12,81,50,Advanced
1602,30,25,5,83.33,26,10,9,6,0,1,4,Medium,14,95,46,Advanced
1603,30,30,0,100.0,23,10,9,11,0,1,0,Medium,9,84,61,Advanced
1604,30,20,10,66.67,55,9,5,6,1,5,4,Easy,3,47,37,Beginner
1605,30,24,6,80.0,31,10,9,5,0,1,5,Hard,13,75,43,Advanced
1606,30,22,8,73.33,32,10,10,2,0,0,8,Medium,14,96,36,Advanced
1607,30,17,13,56.67,28,10,7,0,0,3,10,Hard,7,73,24,Intermediate
1608,30,30,0,100.0,15,10,10,10,0,0,0,Medium,14,79,60,Advanced
1609,30,19,11,63.33,31,10,10,0,0,0,11,Hard,5,71,30,Intermediate
1610,30,23,7,76.67,23,10,10,3,0,0,7,Medium,10,81,39,Advanced
1611,30,22,8,73.33,38,10,7,5,0,3,5,Hard,10,80,39,Intermediate
1612,30,22,8,73.33,18,10,8,4,0,2,6,Hard,7,83,38,Advanced
1613,30,26,4,86.67,30,10,8,8,0,2,2,Hard,13,92,50,Advanced
1614,30,17,13,56.67,36,9,3,5,1,7,5,Easy,3,52,30,Beginner
1615,30,18,12,60.0,34,9,8,1,1,2,9,Medium,7,61,28,Intermediate
1616,30,22,8,73.33,27,10,10,2,0,0,8,Medium,12,96,36,Advanced
1617,30,23,7,76.67,32,10,9,4,0,1,6,Medium,13,73,40,Advanced
1618,30,24,6,80.0,31,9,10,5,1,0,5,Hard,7,79,44,Intermediate
1619,30,23,7,76.67,34,8,9,6,2,1,4,Hard,9,83,44,Intermediate
1620,30,20,10,66.67,31,10,9,1,0,1,9,Medium,5,62,31,Intermediate
1621,30,24,6,80.0,25,10,9,5,0,1,5,Medium,10,91,43,Advanced
1622,30,20,10,66.67,22,9,7,4,1,3,6,Hard,8,54,35,Intermediate
1623,30,21,9,70.0,33,9,8,4,1,2,6,Easy,10,65,37,Intermediate
1624,30,24,6,80.0,22,9,7,8,1,3,2,Easy,4,77,47,Intermediate
1625,30,23,7,76.67,17,10,9,4,0,1,6,Hard,8,74,40,Advanced
1626,30,13,17,43.33,39,6,6,1,4,4,9,Medium,3,65,21,Beginner
1627,30,26,4,86.67,30,10,7,9,0,3,1,Medium,6,81,51,Intermediate
1628,30,23,7,76.67,24,10,8,5,0,2,5,Hard,15,94,41,Advanced
1629,30,20,10,66.67,26,8,7,5,2,3,5,Easy,10,81,37,Intermediate
1630,30,26,4,86.67,20,10,10,6,0,0,4,Medium,13,91,48,Advanced
1631,30,16,14,53.33,48,8,5,3,2,5,7,Easy,2,35,27,Beginner
1632,30,20,10,66.67,32,8,10,2,2,0,8,Hard,7,72,34,Intermediate
1633,30,29,1,96.67,15,10,9,10,0,1,0,Hard,12,80,58,Advanced
1634,30,12,18,40.0,53,7,6,0,3,4,11,Medium,2,51,19,Beginner
1635,30,29,1,96.67,28,10,10,9,0,0,1,Hard,11,83,57,Advanced
1636,30,13,17,43.33,41,8,4,1,2,6,9,Medium,3,55,19,Beginner
1637,30,22,8,73.33,35,10,9,3,0,1,7,Hard,8,70,37,Intermediate
1638,30,30,0,100.0,32,10,9,11,0,1,0,Medium,13,92,61,Advanced
1639,30,26,4,86.67,27,8,10,8,2,0,2,Easy,6,56,52,Intermediate
1640,30,23,7,76.67,37,10,10,3,0,0,7,Easy,5,58,39,Intermediate
1641,30,17,13,56.67,40,10,4,3,0,6,7,Medium,2,70,27,Beginner
1642,30,26,4,86.67,28,9,10,7,1,0,3,Medium,10,59,50,Intermediate
1643,30,17,13,56.67,58,9,4,4,1,6,6,Medium,4,37,29,Beginner
1644,30,17,13,56.67,39,8,8,1,2,2,9,Easy,8,58,27,Intermediate
1645,30,18,12,60.0,53,6,3,9,4,7,1,Medium,7,57,39,Beginner
1646,30,12,18,40.0,47,8,5,0,2,5,11,Easy,6,60,18,Beginner
1647,30,21,9,70.0,30,10,9,2,0,1,8,Medium,9,65,34,Intermediate
1648,30,19,11,63.33,33,9,10,0,1,0,10,Medium,8,79,29,Intermediate
1649,30,20,10,66.67,36,9,10,1,1,0,9,Medium,8,55,32,Intermediate
1650,30,13,17,43.33,37,10,5,0,0,5,12,Easy,4,35,20,Beginner
1651,30,18,12,60.0,60,8,6,4,2,4,6,Medium,2,52,32,Beginner
1652,30,15,15,50.0,60,6,6,3,4,4,7,Easy,2,50,27,Beginner
1653,30,13,17,43.33,37,8,5,0,2,5,10,Medium,7,46,18,Beginner
1654,30,25,5,83.33,42,9,9,7,1,1,3,Hard,6,52,48,Intermediate
1655,30,27,3,90.0,21,10,10,7,0,0,3,Medium,15,85,51,Advanced
1656,30,24,6,80.0,30,10,7,7,0,3,3,Easy,8,72,45,Intermediate
1657,30,20,10,66.67,38,9,3,8,1,7,2,Easy,7,50,39,Beginner
1658,30,23,7,76.67,15,10,8,5,0,2,5,Hard,15,97,41,Advanced
1659,30,24,6,80.0,16,10,10,4,0,0,6,Hard,9,97,42,Advanced
1660,30,25,5,83.33,35,10,9,6,0,1,4,Hard,6,76,46,Intermediate
1661,30,20,10,66.67,50,9,3,8,1,7,2,Medium,5,60,39,Beginner
1662,30,28,2,93.33,31,10,10,8,0,0,2,Hard,7,70,54,Advanced
1663,30,18,12,60.0,39,8,5,5,2,5,5,Medium,6,68,33,Beginner
1664,30,14,16,46.67,56,8,5,1,2,5,9,Easy,2,55,21,Beginner
1665,30,27,3,90.0,32,10,10,7,0,0,3,Hard,7,77,51,Advanced
1666,30,28,2,93.33,15,10,10,8,0,0,2,Medium,12,86,54,Advanced
1667,30,15,15,50.0,55,10,6,0,0,4,11,Easy,3,50,22,Beginner
1668,30,24,6,80.0,18,10,8,6,0,2,4,Medium,8,80,44,Advanced
1669,30,15,15,50.0,43,8,6,1,2,4,9,Easy,2,54,23,Beginner
1670,30,16,14,53.33,57,10,5,1,0,5,9,Easy,2,49,23,Beginner
1671,30,18,12,60.0,34,8,7,3,2,3,7,Easy,5,66,31,Intermediate
1672,30,23,7,76.67,32,10,9,4,0,1,6,Medium,10,81,40,Advanced
1673,30,28,2,93.33,23,10,10,8,0,0,2,Hard,15,83,54,Advanced
1674,30,26,4,86.67,17,10,9,7,0,1,3,Medium,12,88,49,Advanced
1675,30,18,12,60.0,35,8,10,0,2,0,10,Hard,8,63,28,Intermediate
1676,30,27,3,90.0,31,10,8,9,0,2,1,Medium,10,71,53,Advanced
1677,30,15,15,50.0,41,10,4,1,0,6,9,Medium,5,65,21,Beginner
1678,30,12,18,40.0,45,8,3,1,2,7,9,Medium,4,40,17,Beginner
1679,30,22,8,73.33,36,10,7,5,0,3,5,Hard,6,53,39,Intermediate
1680,30,24,6,80.0,16,10,9,5,0,1,5,Hard,10,92,43,Advanced
1681,30,25,5,83.33,15,10,10,5,0,0,5,Hard,8,72,45,Advanced
1682,30,23,7,76.67,31,10,9,4,0,1,6,Medium,15,77,40,Advanced
1683,30,22,8,73.33,19,10,9,3,0,1,7,Medium,12,90,37,Advanced
1684,30,22,8,73.33,20,10,8,4,0,2,6,Hard,8,89,38,Advanced
1685,30,18,12,60.0,36,10,10,0,0,0,12,Hard,10,69,30,Intermediate
1686,30,22,8,73.33,35,9,10,3,1,0,7,Hard,4,81,38,Intermediate
1687,30,22,8,73.33,24,8,7,7,2,3,3,Medium,8,57,43,Intermediate
1688,30,24,6,80.0,30,10,8,6,0,2,4,Easy,7,59,44,Intermediate
1689,30,17,13,56.67,26,9,10,0,1,0,12,Easy,7,50,29,Intermediate
1690,30,27,3,90.0,32,10,9,8,0,1,2,Hard,12,86,52,Advanced
1691,30,27,3,90.0,28,10,9,8,0,1,2,Hard,10,78,52,Advanced
1692,30,12,18,40.0,51,8,5,0,2,5,11,Medium,7,41,18,Beginner
1693,30,22,8,73.33,26,9,10,3,1,0,7,Medium,4,63,38,Intermediate
1694,30,28,2,93.33,19,10,10,8,0,0,2,Hard,14,81,54,Advanced
1695,30,21,9,70.0,32,8,9,4,2,1,6,Hard,10,65,38,Intermediate
1696,30,15,15,50.0,51,9,6,0,1,4,10,Medium,2,36,21,Beginner
1697,30,15,15,50.0,38,9,5,1,1,5,9,Easy,2,68,22,Beginner
1698,30,22,8,73.33,25,8,9,5,2,1,5,Medium,9,53,41,Intermediate
1699,30,22,8,73.33,37,10,10,2,0,0,8,Easy,10,62,36,Intermediate
1700,30,26,4,86.67,30,9,7,10,1,3,0,Hard,6,78,53,Intermediate
1701,30,17,13,56.67,29,8,7,2,2,3,8,Easy,6,64,28,Intermediate
1702,30,14,16,46.67,59,9,6,0,1,4,11,Medium,5,64,21,Beginner
1703,30,26,4,86.67,18,10,8,8,0,2,2,Hard,9,74,50,Advanced
1704,30,26,4,86.67,29,9,7,10,1,3,0,Medium,4,77,53,Intermediate
1705,30,25,5,83.33,15,10,10,5,0,0,5,Hard,12,94,45,Advanced
1706,30,27,3,90.0,19,10,8,9,0,2,1,Medium,7,73,53,Advanced
1707,30,18,12,60.0,33,10,8,0,0,2,10,Medium,4,76,26,Intermediate
1708,30,24,6,80.0,26,10,9,5,0,1,5,Hard,4,54,43,Intermediate
1709,30,13,17,43.33,57,9,5,0,1,5,11,Medium,2,55,19,Beginner
1710,30,24,6,80.0,25,10,8,6,0,2,4,Hard,8,77,44,Advanced
1711,30,30,0,100.0,16,10,8,12,0,2,0,Hard,10,96,62,Advanced
1712,30,24,6,80.0,25,10,10,4,0,0,6,Hard,11,77,42,Advanced
1713,30,17,13,56.67,36,10,4,3,0,6,7,Medium,5,43,27,Beginner
1714,30,30,0,100.0,31,10,9,11,0,1,0,Medium,8,75,61,Advanced
1715,30,22,8,73.33,16,10,9,3,0,1,7,Hard,7,91,37,Advanced
1716,30,24,6,80.0,28,10,9,5,0,1,5,Hard,10,96,43,Advanced
1717,30,22,8,73.33,27,8,10,4,2,0,6,Hard,4,53,40,Intermediate
1718,30,27,3,90.0,31,10,8,9,0,2,1,Medium,10,70,53,Advanced
1719,30,17,13,56.67,56,8,5,4,2,5,6,Easy,6,68,30,Beginner
1720,30,18,12,60.0,55,10,5,3,0,5,7,Easy,7,51,29,Beginner
1721,30,23,7,76.67,31,10,8,5,0,2,5,Hard,9,99,41,Advanced
1722,30,22,8,73.33,34,8,7,7,2,3,3,Hard,8,68,43,Intermediate
1723,30,25,5,83.33,17,10,8,7,0,2,3,Hard,14,88,47,Advanced
1724,30,25,5,83.33,20,10,8,7,0,2,3,Hard,7,80,47,Advanced
1725,30,22,8,73.33,27,10,8,4,0,2,6,Easy,10,51,38,Intermediate
1726,30,25,5,83.33,15,10,9,6,0,1,4,Hard,8,91,46,Advanced
1727,30,22,8,73.33,33,9,7,6,1,3,4,Medium,4,80,41,Intermediate
1728,30,22,8,73.33,16,10,10,2,0,0,8,Hard,11,77,36,Advanced
1729,30,21,9,70.0,26,8,7,6,2,3,4,Medium,6,74,40,Intermediate
1730,30,25,5,83.33,24,8,9,8,2,1,2,Medium,9,58,50,Intermediate
1731,30,17,13,56.67,39,8,6,3,2,4,7,Medium,4,57,29,Beginner
1732,30,18,12,60.0,40,6,3,9,4,7,1,Medium,5,63,39,Beginner
1733,30,13,17,43.33,43,10,6,0,0,4,13,Easy,7,49,22,Beginner
1734,30,17,13,56.67,46,7,4,6,3,6,4,Easy,2,65,33,Beginner
1735,30,21,9,70.0,29,9,9,3,1,1,7,Easy,8,85,36,Intermediate
1736,30,26,4,86.67,25,8,8,10,2,2,0,Easy,5,80,54,Intermediate
1737,30,19,11,63.33,37,10,5,4,0,5,6,Easy,3,62,32,Beginner
1738,30,24,6,80.0,16,10,10,4,0,0,6,Medium,14,80,42,Advanced
1739,30,25,5,83.33,24,10,9,6,0,1,4,Hard,12,78,46,Advanced
1740,30,29,1,96.67,16,10,9,10,0,1,0,Medium,8,78,58,Advanced
1741,30,19,11,63.33,40,7,5,7,3,5,3,Easy,4,67,38,Beginner
1742,30,13,17,43.33,57,7,4,2,3,6,8,Medium,3,60,21,Beginner
1743,30,22,8,73.33,29,10,10,2,0,0,8,Hard,14,70,36,Advanced
1744,30,14,16,46.67,53,6,3,5,4,7,5,Medium,4,35,27,Beginner
1745,30,30,0,100.0,25,10,8,12,0,2,0,Hard,13,88,62,Advanced
1746,30,24,6,80.0,22,9,7,8,1,3,2,Easy,8,71,47,Intermediate
1747,30,24,6,80.0,35,10,9,5,0,1,5,Hard,8,56,43,Intermediate
1748,30,24,6,80.0,38,10,10,4,0,0,6,Easy,10,78,42,Intermediate
1749,30,21,9,70.0,34,9,10,2,1,0,8,Hard,10,78,35,Intermediate
1750,30,23,7,76.67,18,10,9,4,0,1,6,Medium,12,75,40,Advanced
1751,30,23,7,76.67,27,10,10,3,0,0,7,Medium,13,85,39,Advanced
1752,30,28,2,93.33,25,10,10,8,0,0,2,Medium,8,86,54,Advanced
1753,30,24,6,80.0,28,10,10,4,0,0,6,Hard,13,83,42,Advanced
1754,30,18,12,60.0,33,8,10,0,2,0,10,Medium,4,52,28,Intermediate
1755,30,23,7,76.67,26,10,9,4,0,1,6,Medium,4,66,40,Intermediate
1756,30,12,18,40.0,40,8,4,0,2,6,10,Easy,3,40,16,Beginner
1757,30,15,15,50.0,36,9,3,3,1,7,7,Easy,4,39,24,Beginner
1758,30,14,16,46.67,56,9,5,0,1,5,10,Easy,7,35,19,Beginner
1759,30,26,4,86.67,30,9,8,9,1,2,1,Medium,4,50,52,Intermediate
1760,30,26,4,86.67,41,9,9,8,1,1,2,Medium,6,65,51,Intermediate
1761,30,14,16,46.67,43,7,4,3,3,6,7,Medium,4,59,24,Beginner
1762,30,17,13,56.67,23,8,9,0,2,1,10,Hard,10,64,26,Intermediate
1763,30,12,18,40.0,50,8,4,0,2,6,10,Easy,7,63,16,Beginner
1764,30,22,8,73.33,38,8,10,4,2,0,6,Easy,7,69,40,Intermediate
1765,30,29,1,96.67,24,10,10,9,0,0,1,Medium,11,74,57,Advanced
1766,30,15,15,50.0,55,8,5,2,2,5,8,Medium,7,66,24,Beginner
1767,30,19,11,63.33,42,9,9,1,1,1,9,Easy,6,61,30,Intermediate
1768,30,24,6,80.0,22,8,8,8,2,2,2,Medium,7,81,48,Intermediate
1769,30,19,11,63.33,22,8,10,1,2,0,9,Hard,8,57,31,Intermediate
1770,30,24,6,80.0,26,10,8,6,0,2,4,Easy,7,82,44,Intermediate
1771,30,18,12,60.0,56,10,3,5,0,7,5,Medium,2,53,31,Beginner
1772,30,17,13,56.67,60,9,4,4,1,6,6,Medium,5,49,29,Beginner
1773,30,23,7,76.67,27,10,9,4,0,1,6,Hard,7,72,40,Advanced
1774,30,26,4,86.67,15,10,8,8,0,2,2,Medium,14,89,50,Advanced
1775,30,14,16,46.67,52,8,3,3,2,7,7,Medium,5,51,23,Beginner
1776,30,22,8,73.33,29,10,7,5,0,3,5,Hard,7,54,39,Intermediate
1777,30,20,10,66.67,57,10,3,7,0,7,3,Medium,4,63,37,Beginner
1778,30,21,9,70.0,30,10,8,3,0,2,7,Hard,10,78,35,Intermediate
1779,30,23,7,76.67,26,10,9,4,0,1,6,Medium,11,78,40,Advanced
1780,30,12,18,40.0,43,10,6,0,0,4,14,Medium,3,56,22,Beginner
1781,30,27,3,90.0,24,10,8,9,0,2,1,Medium,13,95,53,Advanced
1782,30,27,3,90.0,19,10,10,7,0,0,3,Hard,9,80,51,Advanced
1783,30,16,14,53.33,60,6,5,5,4,5,5,Medium,4,60,31,Beginner
1784,30,18,12,60.0,53,6,6,6,4,4,4,Medium,5,55,36,Beginner
1785,30,18,12,60.0,33,10,8,0,0,2,10,Medium,9,76,26,Intermediate
1786,30,24,6,80.0,20,10,8,6,0,2,4,Hard,12,95,44,Advanced
1787,30,30,0,100.0,22,10,8,12,0,2,0,Hard,13,90,62,Advanced
1788,30,25,5,83.33,33,8,7,10,2,3,0,Medium,9,75,52,Intermediate
1789,30,24,6,80.0,26,10,9,5,0,1,5,Hard,13,85,43,Advanced
1790,30,30,0,100.0,22,10,9,11,0,1,0,Medium,9,89,61,Advanced
1791,30,13,17,43.33,59,6,6,1,4,4,9,Medium,4,46,21,Beginner
1792,30,17,13,56.67,36,9,7,1,1,3,9,Easy,5,71,26,Intermediate
1793,30,13,17,43.33,45,10,4,0,0,6,11,Medium,5,56,18,Beginner
1794,30,18,12,60.0,26,9,9,0,1,1,10,Easy,4,66,27,Intermediate
1795,30,21,9,70.0,24,9,10,2,1,0,8,Medium,9,73,35,Intermediate
1796,30,20,10,66.67,44,9,3,8,1,7,2,Easy,2,39,39,Beginner
1797,30,18,12,60.0,57,6,3,9,4,7,1,Medium,4,69,39,Beginner
1798,30,28,2,93.33,28,10,8,10,0,2,0,Hard,11,75,56,Advanced
1799,30,27,3,90.0,22,10,10,7,0,0,3,Hard,15,96,51,Advanced
1800,30,24,6,80.0,21,10,8,6,0,2,4,Hard,11,86,44,Advanced
1801,30,12,18,40.0,55,6,3,3,4,7,7,Easy,5,50,21,Beginner
1802,30,22,8,73.33,36,8,10,4,2,0,6,Hard,5,73,40,Intermediate
1803,30,17,13,56.67,38,8,7,2,2,3,8,Medium,5,68,28,Intermediate
1804,30,21,9,70.0,31,8,9,4,2,1,6,Hard,9,64,38,Intermediate
1805,30,19,11,63.33,47,7,4,8,3,6,2,Easy,3,59,39,Beginner
1806,30,25,5,83.33,32,10,10,5,0,0,5,Medium,6,72,45,Intermediate
1807,30,18,12,60.0,54,9,6,3,1,4,7,Medium,5,37,30,Beginner
1808,30,25,5,83.33,16,10,9,6,0,1,4,Medium,13,87,46,Advanced
1809,30,21,9,70.0,37,9,9,3,1,1,7,Hard,5,55,36,Intermediate
1810,30,23,7,76.67,21,10,8,5,0,2,5,Hard,15,77,41,Advanced
1811,30,26,4,86.67,26,10,10,6,0,0,4,Hard,8,88,48,Advanced
1812,30,17,13,56.67,25,9,9,0,1,1,11,Easy,7,73,27,Intermediate
1813,30,19,11,63.33,50,8,3,8,2,7,2,Medium,2,55,38,Beginner
1814,30,26,4,86.67,32,10,8,8,0,2,2,Hard,7,91,50,Advanced
1815,30,24,6,80.0,33,9,9,6,1,1,4,Easy,5,50,45,Intermediate
1816,30,28,2,93.33,21,10,9,9,0,1,1,Medium,7,74,55,Advanced
1817,30,20,10,66.67,47,10,4,6,0,6,4,Medium,7,56,36,Beginner
1818,30,27,3,90.0,18,10,8,9,0,2,1,Medium,13,71,53,Advanced
1819,30,23,7,76.67,36,10,10,3,0,0,7,Easy,7,52,39,Intermediate
1820,30,13,17,43.33,57,8,3,2,2,7,8,Medium,6,42,20,Beginner
1821,30,17,13,56.67,23,9,7,1,1,3,9,Medium,5,72,26,Intermediate
1822,30,22,8,73.33,40,8,8,6,2,2,4,Hard,6,59,42,Intermediate
1823,30,16,14,53.33,50,10,5,1,0,5,9,Medium,5,55,23,Beginner
1824,30,19,11,63.33,22,9,7,3,1,3,7,Easy,8,83,32,Intermediate
1825,30,18,12,60.0,27,8,7,3,2,3,7,Medium,6,71,31,Intermediate
1826,30,18,12,60.0,40,8,10,0,2,0,10,Medium,8,67,28,Intermediate
1827,30,19,11,63.33,33,10,9,0,0,1,10,Easy,7,80,28,Intermediate
1828,30,19,11,63.33,39,9,7,3,1,3,7,Medium,6,72,32,Intermediate
1829,30,18,12,60.0,41,8,4,6,2,6,4,Easy,3,42,34,Beginner
1830,30,24,6,80.0,26,10,8,6,0,2,4,Hard,7,98,44,Advanced
1831,30,20,10,66.67,22,10,9,1,0,1,9,Medium,4,83,31,Intermediate
1832,30,25,5,83.33,20,10,9,6,0,1,4,Medium,9,71,46,Advanced
1833,30,16,14,53.33,40,9,6,1,1,4,9,Easy,6,70,24,Beginner
1834,30,14,16,46.67,50,9,3,2,1,7,8,Easy,5,52,21,Beginner
1835,30,18,12,60.0,36,8,9,1,2,1,9,Hard,7,65,29,Intermediate
1836,30,23,7,76.67,24,8,9,6,2,1,4,Medium,4,71,44,Intermediate
1837,30,24,6,80.0,22,10,10,4,0,0,6,Medium,9,78,42,Intermediate
1838,30,26,4,86.67,34,10,9,7,0,1,3,Easy,7,51,49,Intermediate
1839,30,18,12,60.0,39,6,6,6,4,4,4,Medium,4,58,36,Beginner
1840,30,26,4,86.67,22,10,10,6,0,0,4,Medium,13,96,48,Advanced
1841,30,28,2,93.33,18,10,8,10,0,2,0,Medium,14,93,56,Advanced
1842,30,23,7,76.67,34,10,10,3,0,0,7,Hard,4,66,39,Intermediate
1843,30,20,10,66.67,40,8,9,3,2,1,7,Medium,7,64,35,Intermediate
1844,30,19,11,63.33,43,6,6,7,4,4,3,Medium,5,37,39,Beginner
1845,30,19,11,63.33,26,9,10,0,1,0,10,Easy,8,82,29,Intermediate
1846,30,20,10,66.67,23,10,7,3,0,3,7,Hard,4,50,33,Intermediate
1847,30,15,15,50.0,47,8,4,3,2,6,7,Medium,3,37,25,Beginner
1848,30,13,17,43.33,56,7,4,2,3,6,8,Easy,6,64,21,Beginner
1849,30,23,7,76.67,18,10,10,3,0,0,7,Medium,9,76,39,Advanced
1850,30,19,11,63.33,39,7,4,8,3,6,2,Easy,7,49,39,Beginner
1851,30,26,4,86.67,32,10,10,6,0,0,4,Easy,8,76,48,Intermediate
1852,30,29,1,96.67,32,10,8,11,0,2,0,Hard,10,96,59,Advanced
1853,30,30,0,100.0,32,10,10,10,0,0,0,Medium,11,88,60,Advanced
1854,30,24,6,80.0,31,8,10,6,2,0,4,Medium,8,79,46,Intermediate
1855,30,15,15,50.0,48,7,4,4,3,6,6,Medium,3,50,27,Beginner
1856,30,20,10,66.67,45,9,3,8,1,7,2,Easy,2,49,39,Beginner
1857,30,26,4,86.67,15,10,8,8,0,2,2,Medium,9,89,50,Advanced
1858,30,26,4,86.67,20,10,9,7,0,1,3,Medium,14,96,49,Advanced
1859,30,22,8,73.33,27,10,8,4,0,2,6,Medium,9,97,38,Advanced
1860,30,14,16,46.67,41,6,5,3,4,5,7,Easy,3,54,25,Beginner
1861,30,21,9,70.0,34,9,10,2,1,0,8,Hard,10,64,35,Intermediate
1862,30,26,4,86.67,28,10,8,8,0,2,2,Hard,13,73,50,Advanced
1863,30,18,12,60.0,56,6,6,6,4,4,4,Easy,4,35,36,Beginner
1864,30,12,18,40.0,56,8,4,0,2,6,10,Medium,4,39,16,Beginner
1865,30,21,9,70.0,36,8,10,3,2,0,7,Medium,5,54,37,Intermediate
1866,30,20,10,66.67,40,8,10,2,2,0,8,Easy,9,57,34,Intermediate
1867,30,17,13,56.67,59,7,5,5,3,5,5,Easy,5,61,32,Beginner
1868,30,22,8,73.33,20,10,8,4,0,2,6,Medium,7,90,38,Advanced
1869,30,17,13,56.67,40,9,7,1,1,3,9,Easy,7,72,26,Intermediate
1870,30,17,13,56.67,32,10,8,0,0,2,11,Easy,7,74,26,Intermediate
1871,30,27,3,90.0,32,10,10,7,0,0,3,Hard,15,92,51,Advanced
1872,30,30,0,100.0,20,10,8,12,0,2,0,Hard,7,90,62,Advanced
1873,30,17,13,56.67,39,7,5,5,3,5,5,Easy,2,57,32,Beginner
1874,30,23,7,76.67,30,10,9,4,0,1,6,Hard,9,95,40,Advanced
1875,30,29,1,96.67,19,10,10,9,0,0,1,Medium,8,73,57,Advanced
1876,30,20,10,66.67,35,6,3,11,4,7,0,Medium,4,40,45,Beginner
1877,30,22,8,73.33,18,10,10,2,0,0,8,Hard,14,78,36,Advanced
1878,30,21,9,70.0,27,9,7,5,1,3,5,Hard,9,83,38,Intermediate
1879,30,14,16,46.67,52,8,5,1,2,5,9,Medium,3,50,21,Beginner
1880,30,23,7,76.67,27,9,10,4,1,0,6,Hard,4,77,41,Intermediate
1881,30,24,6,80.0,30,9,10,5,1,0,5,Easy,10,76,44,Intermediate
1882,30,20,10,66.67,52,7,3,10,3,7,0,Easy,7,38,43,Beginner
1883,30,20,10,66.67,35,9,9,2,1,1,8,Easy,6,75,33,Intermediate
1884,30,27,3,90.0,27,10,9,8,0,1,2,Medium,8,80,52,Advanced
1885,30,30,0,100.0,22,10,8,12,0,2,0,Medium,7,85,62,Advanced
1886,30,26,4,86.67,35,8,9,9,2,1,1,Easy,5,56,53,Intermediate
1887,30,19,11,63.33,30,9,7,3,1,3,7,Hard,6,70,32,Intermediate
1888,30,19,11,63.33,26,8,7,4,2,3,6,Medium,5,59,34,Intermediate
1889,30,19,11,63.33,25,9,7,3,1,3,7,Medium,8,82,32,Intermediate
1890,30,18,12,60.0,51,9,6,3,1,4,7,Easy,6,58,30,Beginner
1891,30,24,6,80.0,16,10,10,4,0,0,6,Hard,15,91,42,Advanced
1892,30,23,7,76.67,30,10,10,3,0,0,7,Hard,11,97,39,Advanced
1893,30,23,7,76.67,24,10,9,4,0,1,6,Medium,15,78,40,Advanced
1894,30,24,6,80.0,29,9,9,6,1,1,4,Hard,8,55,45,Intermediate
1895,30,17,13,56.67,60,9,6,2,1,4,8,Easy,7,39,27,Beginner
1896,30,17,13,56.67,36,8,9,0,2,1,10,Easy,4,83,26,Intermediate
1897,30,27,3,90.0,29,10,8,9,0,2,1,Medium,14,78,53,Advanced
1898,30,19,11,63.33,29,9,7,3,1,3,7,Medium,4,50,32,Intermediate
1899,30,22,8,73.33,36,9,10,3,1,0,7,Medium,6,50,38,Intermediate
1900,30,20,10,66.67,42,9,4,7,1,6,3,Medium,4,42,38,Beginner
1901,30,17,13,56.67,46,8,4,5,2,6,5,Medium,2,40,31,Beginner
1902,30,26,4,86.67,30,9,8,9,1,2,1,Hard,8,75,52,Intermediate
1903,30,15,15,50.0,58,9,3,3,1,7,7,Medium,4,58,24,Beginner
1904,30,23,7,76.67,23,8,9,6,2,1,4,Medium,5,60,44,Intermediate
1905,30,19,11,63.33,27,8,8,3,2,2,7,Hard,8,63,33,Intermediate
1906,30,24,6,80.0,29,8,8,8,2,2,2,Easy,4,71,48,Intermediate
1907,30,24,6,80.0,31,8,9,7,2,1,3,Easy,9,61,47,Intermediate
1908,30,15,15,50.0,41,8,5,2,2,5,8,Medium,6,67,24,Beginner
1909,30,23,7,76.67,25,10,7,6,0,3,4,Medium,4,65,42,Intermediate
1910,30,21,9,70.0,39,8,8,5,2,2,5,Hard,6,77,39,Intermediate
1911,30,14,16,46.67,55,6,4,4,4,6,6,Easy,7,59,26,Beginner
1912,30,13,17,43.33,41,10,4,0,0,6,11,Medium,3,37,18,Beginner
1913,30,18,12,60.0,59,7,3,8,3,7,2,Easy,3,57,37,Beginner
1914,30,25,5,83.33,27,9,9,7,1,1,3,Easy,10,71,48,Intermediate
1915,30,21,9,70.0,26,10,10,1,0,0,9,Medium,6,78,33,Intermediate
1916,30,17,13,56.67,43,10,5,2,0,5,8,Easy,4,49,26,Beginner
1917,30,23,7,76.67,42,8,7,8,2,3,2,Easy,4,66,46,Intermediate
1918,30,14,16,46.67,38,7,6,1,3,4,9,Medium,4,59,22,Beginner
1919,30,18,12,60.0,26,9,9,0,1,1,10,Hard,6,56,27,Intermediate
1920,30,23,7,76.67,25,10,10,3,0,0,7,Medium,11,82,39,Advanced
1921,30,26,4,86.67,33,8,8,10,2,2,0,Hard,4,76,54,Intermediate
1922,30,22,8,73.33,36,8,10,4,2,0,6,Medium,7,69,40,Intermediate
1923,30,25,5,83.33,18,10,10,5,0,0,5,Hard,8,87,45,Advanced
1924,30,20,10,66.67,34,8,7,5,2,3,5,Easy,6,72,37,Intermediate
1925,30,19,11,63.33,37,10,7,2,0,3,8,Easy,10,61,30,Intermediate
1926,30,21,9,70.0,39,10,9,2,0,1,8,Easy,4,58,34,Intermediate
1927,30,20,10,66.67,35,8,10,2,2,0,8,Easy,10,68,34,Intermediate
1928,30,18,12,60.0,53,7,4,7,3,6,3,Easy,6,40,36,Beginner
1929,30,19,11,63.33,39,7,3,9,3,7,1,Easy,3,35,40,Beginner
1930,30,23,7,76.67,33,8,9,6,2,1,4,Medium,6,55,44,Intermediate
1931,30,20,10,66.67,60,9,5,6,1,5,4,Easy,5,42,37,Beginner
1932,30,13,17,43.33,60,8,4,1,2,6,9,Medium,6,51,19,Beginner
1933,30,30,0,100.0,24,10,9,11,0,1,0,Hard,14,80,61,Advanced
1934,30,18,12,60.0,25,8,10,0,2,0,10,Medium,4,83,28,Intermediate
1935,30,30,0,100.0,25,10,10,10,0,0,0,Medium,10,71,60,Advanced
1936,30,14,16,46.67,46,10,4,0,0,6,10,Medium,3,42,18,Beginner
1937,30,21,9,70.0,26,9,8,4,1,2,6,Hard,10,76,37,Intermediate
1938,30,24,6,80.0,23,10,8,6,0,2,4,Hard,7,70,44,Advanced
1939,30,26,4,86.67,32,9,10,7,1,0,3,Medium,9,67,50,Intermediate
1940,30,16,14,53.33,37,8,5,3,2,5,7,Easy,2,36,27,Beginner
1941,30,27,3,90.0,21,10,9,8,0,1,2,Medium,9,92,52,Advanced
1942,30,22,8,73.33,40,10,9,3,0,1,7,Easy,5,67,37,Intermediate
1943,30,26,4,86.67,26,10,7,9,0,3,1,Hard,10,70,51,Intermediate
1944,30,18,12,60.0,37,9,10,0,1,0,11,Medium,4,64,29,Intermediate
1945,30,29,1,96.67,15,10,10,9,0,0,1,Hard,7,73,57,Advanced
1946,30,24,6,80.0,33,9,8,7,1,2,3,Easy,6,83,46,Intermediate
1947,30,15,15,50.0,44,7,5,3,3,5,7,Easy,4,60,26,Beginner
1948,30,12,18,40.0,36,7,5,0,3,5,10,Easy,5,67,17,Beginner
1949,30,22,8,73.33,29,8,9,5,2,1,5,Easy,4,77,41,Intermediate
1950,30,29,1,96.67,24,10,10,9,0,0,1,Medium,9,89,57,Advanced
1951,30,25,5,83.33,33,10,9,6,0,1,4,Hard,10,62,46,Intermediate
1952,30,17,13,56.67,46,8,5,4,2,5,6,Easy,7,35,30,Beginner
1953,30,23,7,76.67,23,8,8,7,2,2,3,Medium,7,52,45,Intermediate
1954,30,26,4,86.67,20,10,9,7,0,1,3,Hard,8,91,49,Advanced
1955,30,22,8,73.33,28,10,9,3,0,1,7,Easy,7,54,37,Intermediate
1956,30,21,9,70.0,40,9,8,4,1,2,6,Hard,8,60,37,Intermediate
1957,30,18,12,60.0,34,9,8,1,1,2,9,Medium,6,80,28,Intermediate
1958,30,29,1,96.67,29,10,10,9,0,0,1,Medium,15,97,57,Advanced
1959,30,13,17,43.33,40,8,5,0,2,5,10,Medium,6,43,18,Beginner
1960,30,18,12,60.0,35,6,5,7,4,5,3,Easy,2,51,37,Beginner
1961,30,30,0,100.0,24,10,10,10,0,0,0,Hard,9,76,60,Advanced
1962,30,22,8,73.33,15,10,8,4,0,2,6,Hard,14,93,38,Advanced
1963,30,25,5,83.33,41,9,8,8,1,2,2,Hard,10,65,49,Intermediate
1964,30,21,9,70.0,27,10,7,4,0,3,6,Medium,5,79,36,Intermediate
1965,30,30,0,100.0,24,10,8,12,0,2,0,Medium,13,83,62,Advanced
1966,30,30,0,100.0,25,10,9,11,0,1,0,Hard,8,83,61,Advanced
1967,30,18,12,60.0,34,8,7,3,2,3,7,Easy,8,85,31,Intermediate
1968,30,20,10,66.67,40,10,9,1,0,1,9,Medium,8,77,31,Intermediate
1969,30,30,0,100.0,19,10,8,12,0,2,0,Hard,14,90,62,Advanced
1970,30,26,4,86.67,22,10,10,6,0,0,4,Hard,13,84,48,Advanced
1971,30,25,5,83.33,41,10,8,7,0,2,3,Easy,5,80,47,Intermediate
1972,30,15,15,50.0,43,10,6,0,0,4,11,Easy,3,47,22,Beginner
1973,30,15,15,50.0,44,9,3,3,1,7,7,Medium,5,54,24,Beginner
1974,30,25,5,83.33,29,9,10,6,1,0,4,Medium,6,72,47,Intermediate
1975,30,29,1,96.67,26,10,8,11,0,2,0,Hard,12,75,59,Advanced
1976,30,17,13,56.67,42,9,10,0,1,0,12,Medium,7,74,29,Intermediate
1977,30,21,9,70.0,36,9,9,3,1,1,7,Hard,10,50,36,Intermediate
1978,30,22,8,73.33,41,9,9,4,1,1,6,Medium,7,51,39,Intermediate
1979,30,16,14,53.33,51,9,4,3,1,6,7,Medium,4,54,26,Beginner
1980,30,30,0,100.0,28,10,8,12,0,2,0,Medium,10,71,62,Advanced
1981,30,15,15,50.0,39,8,5,2,2,5,8,Medium,7,59,24,Beginner
1982,30,15,15,50.0,38,6,6,3,4,4,7,Medium,2,51,27,Beginner
1983,30,12,18,40.0,36,9,4,0,1,6,11,Medium,5,41,17,Beginner
1984,30,24,6,80.0,21,10,9,5,0,1,5,Medium,13,87,43,Advanced
1985,30,12,18,40.0,39,7,5,0,3,5,10,Easy,7,35,17,Beginner
1986,30,24,6,80.0,31,10,9,5,0,1,5,Medium,5,80,43,Intermediate
1987,30,18,12,60.0,56,7,5,6,3,5,4,Medium,3,64,35,Beginner
1988,30,18,12,60.0,34,10,9,0,0,1,11,Hard,10,70,28,Intermediate
1989,30,19,11,63.33,37,8,9,2,2,1,8,Easy,6,53,32,Intermediate
1990,30,13,17,43.33,37,7,3,3,3,7,7,Easy,2,70,22,Beginner
1991,30,20,10,66.67,39,7,3,10,3,7,0,Easy,7,46,43,Beginner
1992,30,19,11,63.33,39,7,3,9,3,7,1,Medium,2,39,40,Beginner
1993,30,28,2,93.33,28,10,9,9,0,1,1,Medium,10,82,55,Advanced
1994,30,20,10,66.67,23,10,10,0,0,0,10,Hard,8,53,30,Intermediate
1995,30,17,13,56.67,27,8,7,2,2,3,8,Medium,4,70,28,Intermediate
1996,30,27,3,90.0,18,10,8,9,0,2,1,Medium,12,73,53,Advanced
1997,30,12,18,40.0,52,9,5,0,1,5,12,Easy,5,69,19,Beginner
1998,30,20,10,66.67,42,8,7,5,2,3,5,Hard,10,63,37,Intermediate
1999,30,18,12,60.0,45,6,3,9,4,7,1,Medium,6,39,39,Beginner
2000,30,18,12,60.0,57,8,5,5,2,5,5,Easy,4,41,33,Beginner
2001,30,17,13,56.67,42,7,6,4,3,4,6,Easy,4,40,31,Beginner
2002,30,22,8,73.33,32,9,10,3,1,0,7,Medium,9,65,38,Intermediate
2003,30,22,8,73.33,22,10,9,3,0,1,7,Hard,10,79,37,Intermediate
2004,30,24,6,80.0,27,10,9,5,0,1,5,Easy,9,84,43,Intermediate
2005,30,28,2,93.33,25,10,10,8,0,0,2,Medium,13,88,54,Advanced
2006,30,25,5,83.33,33,9,7,9,1,3,1,Medium,4,73,50,Intermediate
2007,30,18,12,60.0,29,10,7,1,0,3,9,Hard,9,80,27,Intermediate
2008,30,19,11,63.33,26,9,7,3,1,3,7,Medium,5,85,32,Intermediate
2009,30,23,7,76.67,22,8,7,8,2,3,2,Medium,9,72,46,Intermediate
2010,30,17,13,56.67,47,10,3,4,0,7,6,Easy,7,36,28,Beginner
2011,30,22,8,73.33,30,10,8,4,0,2,6,Medium,13,89,38,Advanced
2012,30,22,8,73.33,16,10,10,2,0,0,8,Medium,14,76,36,Advanced
2013,30,23,7,76.67,27,10,8,5,0,2,5,Medium,5,70,41,Intermediate
2014,30,29,1,96.67,29,10,9,10,0,1,0,Medium,14,79,58,Advanced
2015,30,18,12,60.0,36,10,8,0,0,2,10,Medium,4,58,26,Intermediate
2016,30,23,7,76.67,34,8,7,8,2,3,2,Medium,5,82,46,Intermediate
2017,30,16,14,53.33,49,8,5,3,2,5,7,Medium,3,66,27,Beginner
2018,30,25,5,83.33,41,9,8,8,1,2,2,Easy,7,50,49,Intermediate
2019,30,27,3,90.0,31,10,8,9,0,2,1,Medium,12,96,53,Advanced
2020,30,30,0,100.0,19,10,8,12,0,2,0,Medium,7,99,62,Advanced
2021,30,20,10,66.67,32,8,8,4,2,2,6,Medium,9,73,36,Intermediate
2022,30,26,4,86.67,22,10,9,7,0,1,3,Medium,9,76,49,Advanced
2023,30,13,17,43.33,45,9,5,0,1,5,11,Easy,6,40,19,Beginner
2024,30,24,6,80.0,30,10,10,4,0,0,6,Easy,10,61,42,Intermediate
2025,30,21,9,70.0,26,10,9,2,0,1,8,Medium,6,71,34,Intermediate
2026,30,23,7,76.67,26,8,9,6,2,1,4,Easy,7,59,44,Intermediate
2027,30,20,10,66.67,39,10,5,5,0,5,5,Medium,7,43,35,Beginner
2028,30,19,11,63.33,49,6,3,10,4,7,0,Medium,5,36,42,Beginner
2029,30,28,2,93.33,20,10,8,10,0,2,0,Medium,11,75,56,Advanced
2030,30,23,7,76.67,25,10,8,5,0,2,5,Hard,6,54,41,Intermediate
2031,30,26,4,86.67,22,10,7,9,0,3,1,Medium,9,80,51,Intermediate
2032,30,24,6,80.0,33,8,10,6,2,0,4,Easy,6,84,46,Intermediate
2033,30,20,10,66.67,52,6,3,11,4,7,0,Medium,5,66,45,Beginner
2034,30,25,5,83.33,36,10,9,6,0,1,4,Easy,5,59,46,Intermediate
2035,30,17,13,56.67,30,9,7,1,1,3,9,Medium,4,54,26,Intermediate
2036,30,14,16,46.67,49,9,5,0,1,5,10,Medium,6,66,19,Beginner
2037,30,16,14,53.33,59,9,5,2,1,5,8,Medium,4,60,25,Beginner
2038,30,27,3,90.0,19,10,10,7,0,0,3,Hard,7,75,51,Advanced
2039,30,27,3,90.0,26,10,9,8,0,1,2,Hard,13,98,52,Advanced
2040,30,24,6,80.0,38,9,9,6,1,1,4,Easy,10,70,45,Intermediate
2041,30,16,14,53.33,41,10,5,1,0,5,9,Easy,7,57,23,Beginner
2042,30,13,17,43.33,53,6,4,3,4,6,7,Easy,3,44,23,Beginner
2043,30,23,7,76.67,40,9,9,5,1,1,5,Medium,5,65,42,Intermediate
2044,30,23,7,76.67,38,8,7,8,2,3,2,Medium,8,71,46,Intermediate
2045,30,14,16,46.67,39,9,6,0,1,4,11,Medium,5,66,21,Beginner
2046,30,21,9,70.0,33,8,9,4,2,1,6,Easy,7,55,38,Intermediate
2047,30,23,7,76.67,34,10,9,4,0,1,6,Hard,4,50,40,Intermediate
2048,30,22,8,73.33,38,10,7,5,0,3,5,Hard,4,84,39,Intermediate
2049,30,20,10,66.67,39,9,8,3,1,2,7,Medium,10,72,34,Intermediate
2050,30,19,11,63.33,25,10,10,0,0,0,11,Medium,5,81,30,Intermediate
2051,30,20,10,66.67,35,6,3,11,4,7,0,Medium,4,42,45,Beginner
2052,30,17,13,56.67,45,6,4,7,4,6,3,Medium,2,54,35,Beginner
2053,30,29,1,96.67,23,10,8,11,0,2,0,Hard,9,81,59,Advanced
2054,30,26,4,86.67,39,8,7,11,2,3,0,Medium,10,78,55,Intermediate
2055,30,16,14,53.33,38,8,5,3,2,5,7,Easy,4,62,27,Beginner
2056,30,17,13,56.67,26,8,8,1,2,2,9,Hard,4,71,27,Intermediate
2057,30,26,4,86.67,40,9,10,7,1,0,3,Easy,10,74,50,Intermediate
2058,30,17,13,56.67,32,9,7,1,1,3,9,Hard,9,67,26,Intermediate
2059,30,18,12,60.0,56,9,4,5,1,6,5,Medium,5,50,32,Beginner
2060,30,17,13,56.67,37,10,8,0,0,2,11,Easy,6,61,26,Intermediate
2061,30,26,4,86.67,36,10,7,9,0,3,1,Hard,10,64,51,Intermediate
2062,30,27,3,90.0,31,10,8,9,0,2,1,Hard,12,83,53,Advanced
2063,30,19,11,63.33,25,8,9,2,2,1,8,Hard,8,50,32,Intermediate
2064,30,23,7,76.67,31,10,10,3,0,0,7,Medium,14,75,39,Advanced
2065,30,21,9,70.0,26,9,9,3,1,1,7,Medium,8,65,36,Intermediate
2066,30,15,15,50.0,42,7,4,4,3,6,6,Medium,3,67,27,Beginner
2067,30,17,13,56.67,35,6,4,7,4,6,3,Easy,4,66,35,Beginner
2068,30,25,5,83.33,31,10,9,6,0,1,4,Hard,8,90,46,Advanced
2069,30,25,5,83.33,25,9,9,7,1,1,3,Medium,9,72,48,Intermediate
2070,30,18,12,60.0,52,7,3,8,3,7,2,Medium,5,54,37,Beginner
2071,30,22,8,73.33,22,8,9,5,2,1,5,Easy,10,58,41,Intermediate
2072,30,26,4,86.67,16,10,8,8,0,2,2,Hard,7,93,50,Advanced
2073,30,25,5,83.33,17,10,10,5,0,0,5,Medium,11,100,45,Advanced
2074,30,26,4,86.67,36,9,8,9,1,2,1,Easy,9,78,52,Intermediate
2075,30,24,6,80.0,25,8,9,7,2,1,3,Hard,9,60,47,Intermediate
2076,30,16,14,53.33,59,7,6,3,3,4,7,Medium,6,52,28,Beginner
2077,30,30,0,100.0,21,10,8,12,0,2,0,Medium,14,84,62,Advanced
2078,30,29,1,96.67,28,10,10,9,0,0,1,Hard,11,97,57,Advanced
2079,30,26,4,86.67,31,10,9,7,0,1,3,Hard,11,84,49,Advanced
2080,30,16,14,53.33,44,8,4,4,2,6,6,Easy,6,44,28,Beginner
2081,30,20,10,66.67,54,8,6,6,2,4,4,Medium,2,70,38,Beginner
2082,30,20,10,66.67,41,9,7,4,1,3,6,Easy,6,75,35,Intermediate
2083,30,13,17,43.33,45,10,3,0,0,7,10,Easy,5,60,16,Beginner
2084,30,26,4,86.67,30,10,8,8,0,2,2,Easy,10,70,50,Intermediate
2085,30,14,16,46.67,60,8,3,3,2,7,7,Easy,5,36,23,Beginner
2086,30,26,4,86.67,29,10,8,8,0,2,2,Hard,11,88,50,Advanced
2087,30,21,9,70.0,26,9,9,3,1,1,7,Hard,7,85,36,Intermediate
2088,30,22,8,73.33,17,10,8,4,0,2,6,Hard,8,83,38,Advanced
2089,30,18,12,60.0,34,10,9,0,0,1,11,Easy,8,74,28,Intermediate
2090,30,18,12,60.0,52,6,3,9,4,7,1,Medium,7,52,39,Beginner
2091,30,22,8,73.33,27,8,8,6,2,2,4,Medium,5,71,42,Intermediate
2092,30,21,9,70.0,38,9,8,4,1,2,6,Hard,5,59,37,Intermediate
2093,30,16,14,53.33,56,8,6,2,2,4,8,Medium,6,47,26,Beginner
2094,30,24,6,80.0,18,10,10,4,0,0,6,Hard,8,90,42,Advanced
2095,30,28,2,93.33,22,10,9,9,0,1,1,Medium,12,92,55,Advanced
2096,30,26,4,86.67,29,9,8,9,1,2,1,Medium,8,81,52,Intermediate
2097,30,20,10,66.67,35,9,8,3,1,2,7,Easy,5,66,34,Intermediate
2098,30,13,17,43.33,56,10,3,0,0,7,10,Easy,7,48,16,Beginner
2099,30,20,10,66.67,29,10,7,3,0,3,7,Easy,8,59,33,Intermediate
2100,30,26,4,86.67,35,8,9,9,2,1,1,Medium,8,61,53,Intermediate
2101,30,19,11,63.33,55,7,5,7,3,5,3,Easy,5,64,38,Beginner
2102,30,15,15,50.0,48,10,6,0,0,4,11,Medium,3,68,22,Beginner
2103,30,14,16,46.67,43,6,5,3,4,5,7,Medium,4,57,25,Beginner
2104,30,13,17,43.33,54,9,4,0,1,6,10,Medium,6,42,17,Beginner
2105,30,26,4,86.67,33,9,8,9,1,2,1,Medium,9,79,52,Intermediate
2106,30,19,11,63.33,54,9,6,4,1,4,6,Medium,6,40,33,Beginner
2107,30,20,10,66.67,41,9,7,4,1,3,6,Medium,4,56,35,Intermediate
2108,30,29,1,96.67,32,10,9,10,0,1,0,Hard,8,96,58,Advanced
2109,30,25,5,83.33,26,9,7,9,1,3,1,Hard,6,80,50,Intermediate
2110,30,29,1,96.67,22,10,10,9,0,0,1,Hard,14,79,57,Advanced
2111,30,14,16,46.67,35,6,3,5,4,7,5,Easy,3,68,27,Beginner
2112,30,24,6,80.0,30,10,10,4,0,0,6,Medium,6,79,42,Intermediate
2113,30,22,8,73.33,35,8,7,7,2,3,3,Hard,5,66,43,Intermediate
2114,30,20,10,66.67,38,9,7,4,1,3,6,Easy,8,60,35,Intermediate
2115,30,22,8,73.33,21,10,8,4,0,2,6,Hard,13,72,38,Advanced
2116,30,19,11,63.33,33,9,7,3,1,3,7,Medium,8,82,32,Intermediate
2117,30,19,11,63.33,48,9,5,5,1,5,5,Medium,3,39,34,Beginner
2118,30,18,12,60.0,59,9,3,6,1,7,4,Easy,7,45,33,Beginner
2119,30,15,15,50.0,47,6,5,4,4,5,6,Easy,7,49,28,Beginner
2120,30,22,8,73.33,19,10,8,4,0,2,6,Hard,13,97,38,Advanced
2121,30,18,12,60.0,36,9,4,5,1,6,5,Easy,2,70,32,Beginner
2122,30,23,7,76.67,26,9,8,6,1,2,4,Medium,9,57,43,Intermediate
2123,30,18,12,60.0,33,8,7,3,2,3,7,Easy,9,74,31,Intermediate
2124,30,22,8,73.33,25,10,9,3,0,1,7,Medium,8,70,37,Intermediate
2125,30,23,7,76.67,40,9,9,5,1,1,5,Hard,4,69,42,Intermediate
2126,30,21,9,70.0,37,8,9,4,2,1,6,Easy,9,52,38,Intermediate
2127,30,18,12,60.0,35,8,8,2,2,2,8,Easy,9,75,30,Intermediate
2128,30,23,7,76.67,40,8,7,8,2,3,2,Easy,6,53,46,Intermediate
2129,30,26,4,86.67,31,8,8,10,2,2,0,Medium,5,74,54,Intermediate
2130,30,22,8,73.33,24,10,9,3,0,1,7,Hard,9,99,37,Advanced
2131,30,20,10,66.67,42,10,8,2,0,2,8,Easy,8,52,32,Intermediate
2132,30,25,5,83.33,22,10,8,7,0,2,3,Medium,10,81,47,Advanced
2133,30,26,4,86.67,32,9,8,9,1,2,1,Medium,8,66,52,Intermediate
2134,30,24,6,80.0,41,9,9,6,1,1,4,Medium,10,78,45,Intermediate
2135,30,27,3,90.0,31,10,10,7,0,0,3,Medium,12,70,51,Advanced
2136,30,24,6,80.0,36,8,10,6,2,0,4,Medium,7,73,46,Intermediate
2137,30,22,8,73.33,35,9,10,3,1,0,7,Medium,6,66,38,Intermediate
2138,30,21,9,70.0,28,9,9,3,1,1,7,Easy,7,59,36,Intermediate
2139,30,25,5,83.33,19,10,9,6,0,1,4,Medium,10,77,46,Advanced
2140,30,16,14,53.33,54,8,3,5,2,7,5,Easy,7,43,29,Beginner
2141,30,20,10,66.67,41,10,8,2,0,2,8,Medium,9,61,32,Intermediate
2142,30,21,9,70.0,35,8,10,3,2,0,7,Medium,7,65,37,Intermediate
2143,30,14,16,46.67,59,9,4,1,1,6,9,Easy,5,66,20,Beginner
2144,30,15,15,50.0,38,9,3,3,1,7,7,Medium,7,68,24,Beginner
2145,30,25,5,83.33,30,10,10,5,0,0,5,Hard,8,100,45,Advanced
2146,30,30,0,100.0,30,10,10,10,0,0,0,Hard,7,73,60,Advanced
2147,30,20,10,66.67,47,9,6,5,1,4,5,Medium,6,59,36,Beginner
2148,30,25,5,83.33,27,10,9,6,0,1,4,Hard,15,80,46,Advanced
2149,30,25,5,83.33,41,10,8,7,0,2,3,Easy,9,69,47,Intermediate
2150,30,26,4,86.67,22,10,10,6,0,0,4,Medium,14,82,48,Advanced
2151,30,20,10,66.67,25,9,8,3,1,2,7,Medium,7,68,34,Intermediate
2152,30,26,4,86.67,28,8,8,10,2,2,0,Hard,10,65,54,Intermediate
2153,30,22,8,73.33,36,9,9,4,1,1,6,Medium,7,61,39,Intermediate
2154,30,25,5,83.33,28,9,10,6,1,0,4,Medium,10,56,47,Intermediate
2155,30,24,6,80.0,23,10,9,5,0,1,5,Hard,4,64,43,Intermediate
2156,30,25,5,83.33,31,10,8,7,0,2,3,Medium,12,79,47,Advanced
2157,30,15,15,50.0,43,6,5,4,4,5,6,Easy,5,68,28,Beginner
2158,30,17,13,56.67,32,10,10,0,0,0,13,Medium,8,62,30,Intermediate
2159,30,23,7,76.67,36,10,7,6,0,3,4,Easy,10,69,42,Intermediate
2160,30,25,5,83.33,28,10,10,5,0,0,5,Hard,8,92,45,Advanced
2161,30,25,5,83.33,20,10,8,7,0,2,3,Hard,12,95,47,Advanced
2162,30,25,5,83.33,26,10,9,6,0,1,4,Hard,13,75,46,Advanced
2163,30,18,12,60.0,25,8,7,3,2,3,7,Easy,5,65,31,Intermediate
2164,30,26,4,86.67,26,10,8,8,0,2,2,Medium,9,57,50,Intermediate
2165,30,17,13,56.67,25,9,8,0,1,2,10,Easy,4,52,25,Intermediate
2166,30,22,8,73.33,25,10,8,4,0,2,6,Hard,9,88,38,Advanced
2167,30,27,3,90.0,25,10,8,9,0,2,1,Medium,8,95,53,Advanced
2168,30,14,16,46.67,59,10,5,0,0,5,11,Easy,4,68,20,Beginner
2169,30,24,6,80.0,31,10,8,6,0,2,4,Hard,15,75,44,Advanced
2170,30,30,0,100.0,29,10,10,10,0,0,0,Medium,9,72,60,Advanced
2171,30,30,0,100.0,23,10,9,11,0,1,0,Medium,15,93,61,Advanced
2172,30,19,11,63.33,50,6,5,8,4,5,2,Easy,4,62,40,Beginner
2173,30,17,13,56.67,23,8,9,0,2,1,10,Easy,9,73,26,Intermediate
2174,30,12,18,40.0,57,10,4,0,0,6,12,Easy,5,40,18,Beginner
2175,30,25,5,83.33,27,8,7,10,2,3,0,Medium,7,85,52,Intermediate
2176,30,26,4,86.67,15,10,10,6,0,0,4,Hard,13,100,48,Advanced
2177,30,20,10,66.67,49,6,4,10,4,6,0,Medium,5,40,44,Beginner
2178,30,26,4,86.67,39,9,9,8,1,1,2,Easy,9,84,51,Intermediate
2179,30,17,13,56.67,41,10,8,0,0,2,11,Medium,5,78,26,Intermediate
2180,30,18,12,60.0,57,7,3,8,3,7,2,Medium,2,57,37,Beginner
2181,30,15,15,50.0,37,8,3,4,2,7,6,Medium,6,50,26,Beginner
2182,30,20,10,66.67,41,10,5,5,0,5,5,Easy,2,47,35,Beginner
2183,30,21,9,70.0,33,10,10,1,0,0,9,Hard,10,63,33,Intermediate
2184,30,26,4,86.67,26,10,9,7,0,1,3,Hard,13,94,49,Advanced
2185,30,17,13,56.67,57,8,4,5,2,6,5,Easy,6,69,31,Beginner
2186,30,14,16,46.67,41,10,5,0,0,5,11,Easy,7,64,20,Beginner
2187,30,25,5,83.33,34,9,8,8,1,2,2,Easy,6,63,49,Intermediate
2188,30,18,12,60.0,24,8,7,3,2,3,7,Medium,7,69,31,Intermediate
2189,30,22,8,73.33,42,10,7,5,0,3,5,Hard,8,68,39,Intermediate
2190,30,12,18,40.0,57,6,6,0,4,4,10,Easy,3,37,18,Beginner
2191,30,26,4,86.67,27,8,8,10,2,2,0,Hard,8,78,54,Intermediate
2192,30,14,16,46.67,49,6,3,5,4,7,5,Easy,4,35,27,Beginner
2193,30,25,5,83.33,29,8,9,8,2,1,2,Hard,6,59,50,Intermediate
2194,30,25,5,83.33,41,10,7,8,0,3,2,Hard,5,51,48,Intermediate
2195,30,15,15,50.0,45,8,3,4,2,7,6,Easy,3,36,26,Beginner
2196,30,13,17,43.33,50,7,4,2,3,6,8,Easy,6,39,21,Beginner
2197,30,19,11,63.33,60,9,4,6,1,6,4,Medium,6,51,35,Beginner
2198,30,25,5,83.33,17,10,9,6,0,1,4,Medium,12,97,46,Advanced
2199,30,20,10,66.67,26,8,10,2,2,0,8,Hard,7,75,34,Intermediate
2200,30,17,13,56.67,22,9,7,1,1,3,9,Medium,7,76,26,Intermediate
2201,30,25,5,83.33,20,10,8,7,0,2,3,Hard,10,93,47,Advanced
2202,30,26,4,86.67,29,10,10,6,0,0,4,Easy,5,62,48,Intermediate
2203,30,27,3,90.0,30,10,8,9,0,2,1,Hard,13,76,53,Advanced
2204,30,24,6,80.0,17,10,9,5,0,1,5,Medium,14,88,43,Advanced
2205,30,28,2,93.33,28,10,9,9,0,1,1,Hard,13,72,55,Advanced
2206,30,18,12,60.0,44,10,5,3,0,5,7,Easy,7,51,29,Beginner
2207,30,13,17,43.33,47,9,6,0,1,4,12,Medium,4,56,21,Beginner
2208,30,24,6,80.0,34,8,10,6,2,0,4,Medium,5,81,46,Intermediate
2209,30,20,10,66.67,40,10,6,4,0,4,6,Easy,3,35,34,Beginner
2210,30,24,6,80.0,29,10,8,6,0,2,4,Hard,7,70,44,Intermediate
2211,30,24,6,80.0,19,10,9,5,0,1,5,Medium,15,92,43,Advanced
2212,30,27,3,90.0,24,10,10,7,0,0,3,Medium,7,80,51,Advanced
2213,30,26,4,86.67,25,10,8,8,0,2,2,Medium,14,85,50,Advanced
2214,30,29,1,96.67,29,10,8,11,0,2,0,Hard,10,95,59,Advanced
2215,30,22,8,73.33,26,9,8,5,1,2,5,Hard,6,84,40,Intermediate
2216,30,24,6,80.0,29,10,8,6,0,2,4,Hard,12,81,44,Advanced
2217,30,19,11,63.33,38,10,8,1,0,2,9,Hard,10,52,29,Intermediate
2218,30,18,12,60.0,39,9,9,0,1,1,10,Hard,8,68,27,Intermediate
2219,30,15,15,50.0,57,8,5,2,2,5,8,Medium,3,53,24,Beginner
2220,30,18,12,60.0,25,8,8,2,2,2,8,Medium,8,64,30,Intermediate
2221,30,20,10,66.67,55,8,3,9,2,7,1,Easy,6,65,41,Beginner
2222,30,17,13,56.67,31,10,10,0,0,0,13,Easy,9,57,30,Intermediate
2223,30,29,1,96.67,21,10,9,10,0,1,0,Medium,13,76,58,Advanced
2224,30,17,13,56.67,37,9,8,0,1,2,10,Medium,8,62,25,Intermediate
2225,30,24,6,80.0,32,10,8,6,0,2,4,Hard,6,78,44,Intermediate
2226,30,16,14,53.33,56,6,5,5,4,5,5,Medium,4,68,31,Beginner
2227,30,21,9,70.0,41,10,7,4,0,3,6,Easy,5,82,36,Intermediate
2228,30,25,5,83.33,27,10,7,8,0,3,2,Hard,6,73,48,Intermediate
2229,30,23,7,76.67,18,10,9,4,0,1,6,Medium,14,87,40,Advanced
2230,30,16,14,53.33,52,8,3,5,2,7,5,Medium,7,42,29,Beginner
2231,30,30,0,100.0,21,10,10,10,0,0,0,Medium,12,95,60,Advanced
2232,30,24,6,80.0,37,9,8,7,1,2,3,Hard,4,74,46,Intermediate
2233,30,12,18,40.0,43,9,6,0,1,4,13,Easy,2,68,21,Beginner
2234,30,20,10,66.67,22,8,10,2,2,0,8,Hard,7,64,34,Intermediate
2235,30,24,6,80.0,35,10,10,4,0,0,6,Medium,4,77,42,Intermediate
2236,30,24,6,80.0,17,10,10,4,0,0,6,Medium,8,70,42,Advanced
2237,30,26,4,86.67,22,10,10,6,0,0,4,Medium,7,64,48,Intermediate
2238,30,23,7,76.67,17,10,8,5,0,2,5,Medium,9,93,41,Advanced
2239,30,14,16,46.67,54,7,6,1,3,4,9,Medium,7,47,22,Beginner
2240,30,25,5,83.33,22,9,7,9,1,3,1,Hard,6,50,50,Intermediate
2241,30,22,8,73.33,33,8,8,6,2,2,4,Easy,10,71,42,Intermediate
2242,30,19,11,63.33,39,8,5,6,2,5,4,Medium,2,36,36,Beginner
2243,30,21,9,70.0,41,8,8,5,2,2,5,Hard,4,84,39,Intermediate
2244,30,19,11,63.33,39,9,3,7,1,7,3,Medium,4,39,36,Beginner
2245,30,26,4,86.67,39,10,10,6,0,0,4,Easy,6,79,48,Intermediate
2246,30,17,13,56.67,29,9,7,1,1,3,9,Easy,5,85,26,Intermediate
2247,30,19,11,63.33,39,7,4,8,3,6,2,Easy,2,57,39,Beginner
2248,30,15,15,50.0,48,6,3,6,4,7,4,Medium,4,52,30,Beginner
2249,30,26,4,86.67,33,9,10,7,1,0,3,Medium,5,74,50,Intermediate
2250,30,17,13,56.67,37,10,10,0,0,0,13,Easy,5,83,30,Intermediate
2251,30,18,12,60.0,55,10,3,5,0,7,5,Medium,2,52,31,Beginner
2252,30,12,18,40.0,56,7,5,0,3,5,10,Medium,6,52,17,Beginner
2253,30,26,4,86.67,25,10,8,8,0,2,2,Medium,6,64,50,Intermediate
2254,30,26,4,86.67,28,10,9,7,0,1,3,Hard,9,75,49,Advanced
2255,30,23,7,76.67,21,10,8,5,0,2,5,Medium,13,86,41,Advanced
2256,30,17,13,56.67,22,8,8,1,2,2,9,Medium,5,62,27,Intermediate
2257,30,25,5,83.33,36,10,8,7,0,2,3,Easy,6,76,47,Intermediate
2258,30,29,1,96.67,28,10,9,10,0,1,0,Hard,15,75,58,Advanced
2259,30,19,11,63.33,36,10,6,3,0,4,7,Easy,7,63,31,Beginner
2260,30,25,5,83.33,29,10,8,7,0,2,3,Hard,14,81,47,Advanced
2261,30,12,18,40.0,51,6,6,0,4,4,10,Medium,3,64,18,Beginner
2262,30,25,5,83.33,29,10,8,7,0,2,3,Medium,10,94,47,Advanced
2263,30,26,4,86.67,35,8,9,9,2,1,1,Easy,4,54,53,Intermediate
2264,30,13,17,43.33,49,9,5,0,1,5,11,Medium,5,68,19,Beginner
2265,30,25,5,83.33,29,10,10,5,0,0,5,Hard,14,88,45,Advanced
2266,30,17,13,56.67,41,7,5,5,3,5,5,Easy,4,42,32,Beginner
2267,30,23,7,76.67,20,10,10,3,0,0,7,Medium,8,85,39,Advanced
2268,30,15,15,50.0,48,8,4,3,2,6,7,Medium,4,48,25,Beginner
2269,30,28,2,93.33,32,10,9,9,0,1,1,Hard,8,88,55,Advanced
2270,30,20,10,66.67,26,8,7,5,2,3,5,Medium,6,84,37,Intermediate
2271,30,20,10,66.67,22,8,9,3,2,1,7,Hard,5,64,35,Intermediate
2272,30,27,3,90.0,32,10,10,7,0,0,3,Hard,7,83,51,Advanced
2273,30,26,4,86.67,15,10,9,7,0,1,3,Medium,12,89,49,Advanced
2274,30,16,14,53.33,58,7,6,3,3,4,7,Medium,5,40,28,Beginner
2275,30,30,0,100.0,15,10,9,11,0,1,0,Hard,12,99,61,Advanced
2276,30,25,5,83.33,23,10,9,6,0,1,4,Medium,11,75,46,Advanced
2277,30,21,9,70.0,26,9,8,4,1,2,6,Medium,6,57,37,Intermediate
2278,30,26,4,86.67,33,10,7,9,0,3,1,Hard,4,81,51,Intermediate
2279,30,17,13,56.67,39,8,8,1,2,2,9,Easy,7,69,27,Intermediate
2280,30,17,13,56.67,22,10,8,0,0,2,11,Medium,9,61,26,Intermediate
2281,30,22,8,73.33,24,10,10,2,0,0,8,Hard,10,94,36,Advanced
2282,30,16,14,53.33,41,10,3,3,0,7,7,Medium,7,36,25,Beginner
2283,30,28,2,93.33,23,10,9,9,0,1,1,Hard,10,96,55,Advanced
2284,30,13,17,43.33,44,8,4,1,2,6,9,Medium,5,57,19,Beginner
2285,30,17,13,56.67,38,6,4,7,4,6,3,Medium,6,69,35,Beginner
2286,30,17,13,56.67,32,8,7,2,2,3,8,Easy,7,84,28,Intermediate
2287,30,19,11,63.33,29,10,8,1,0,2,9,Hard,7,60,29,Intermediate
2288,30,17,13,56.67,36,9,10,0,1,0,12,Easy,4,80,29,Intermediate
2289,30,13,17,43.33,48,6,3,4,4,7,6,Medium,3,57,24,Beginner
2290,30,18,12,60.0,57,6,6,6,4,4,4,Easy,6,70,36,Beginner
2291,30,17,13,56.67,57,8,3,6,2,7,4,Easy,5,44,32,Beginner
2292,30,23,7,76.67,29,10,9,4,0,1,6,Medium,13,70,40,Advanced
2293,30,25,5,83.33,36,10,10,5,0,0,5,Hard,9,61,45,Intermediate
2294,30,17,13,56.67,38,9,10,0,1,0,12,Easy,6,66,29,Intermediate
2295,30,25,5,83.33,34,10,10,5,0,0,5,Hard,6,60,45,Intermediate
2296,30,25,5,83.33,40,8,7,10,2,3,0,Medium,10,61,52,Intermediate
2297,30,30,0,100.0,23,10,8,12,0,2,0,Hard,8,83,62,Advanced
2298,30,26,4,86.67,21,10,10,6,0,0,4,Hard,8,92,48,Advanced
2299,30,24,6,80.0,20,10,8,6,0,2,4,Hard,13,87,44,Advanced
2300,30,26,4,86.67,41,8,7,11,2,3,0,Easy,10,57,55,Intermediate
2301,30,22,8,73.33,29,10,10,2,0,0,8,Medium,8,85,36,Advanced
2302,30,30,0,100.0,15,10,8,12,0,2,0,Medium,7,82,62,Advanced
2303,30,16,14,53.33,54,8,5,3,2,5,7,Easy,3,54,27,Beginner
2304,30,16,14,53.33,55,10,4,2,0,6,8,Easy,4,55,24,Beginner
2305,30,26,4,86.67,24,10,10,6,0,0,4,Hard,5,65,48,Intermediate
2306,30,26,4,86.67,18,10,9,7,0,1,3,Hard,12,77,49,Advanced
2307,30,25,5,83.33,23,10,10,5,0,0,5,Medium,10,92,45,Advanced
2308,30,22,8,73.33,39,9,8,5,1,2,5,Easy,8,67,40,Intermediate
2309,30,20,10,66.67,41,8,8,4,2,2,6,Hard,6,61,36,Intermediate
2310,30,18,12,60.0,54,9,5,4,1,5,6,Medium,7,46,31,Beginner
2311,30,19,11,63.33,40,10,4,5,0,6,5,Medium,2,62,33,Beginner
2312,30,23,7,76.67,23,10,9,4,0,1,6,Medium,12,85,40,Advanced
2313,30,25,5,83.33,26,10,10,5,0,0,5,Hard,8,76,45,Advanced
2314,30,18,12,60.0,24,9,8,1,1,2,9,Medium,6,81,28,Intermediate
2315,30,26,4,86.67,21,10,9,7,0,1,3,Medium,12,96,49,Advanced
2316,30,25,5,83.33,29,10,9,6,0,1,4,Hard,10,77,46,Advanced
2317,30,14,16,46.67,37,6,5,3,4,5,7,Easy,7,67,25,Beginner
2318,30,19,11,63.33,27,10,8,1,0,2,9,Easy,6,80,29,Intermediate
2319,30,17,13,56.67,40,9,10,0,1,0,12,Hard,8,57,29,Intermediate
2320,30,25,5,83.33,30,10,8,7,0,2,3,Medium,13,82,47,Advanced
2321,30,19,11,63.33,28,10,8,1,0,2,9,Medium,9,83,29,Intermediate
2322,30,17,13,56.67,28,10,8,0,0,2,11,Easy,4,83,26,Intermediate
2323,30,22,8,73.33,25,8,10,4,2,0,6,Hard,6,50,40,Intermediate
2324,30,17,13,56.67,45,6,6,5,4,4,5,Easy,2,43,33,Beginner
2325,30,15,15,50.0,38,6,3,6,4,7,4,Medium,5,41,30,Beginner
2326,30,24,6,80.0,24,10,10,4,0,0,6,Medium,9,68,42,Intermediate
2327,30,25,5,83.33,28,10,10,5,0,0,5,Medium,13,82,45,Advanced
2328,30,26,4,86.67,20,10,8,8,0,2,2,Medium,12,98,50,Advanced
2329,30,15,15,50.0,39,6,3,6,4,7,4,Medium,3,44,30,Beginner
2330,30,26,4,86.67,32,8,10,8,2,0,2,Hard,10,73,52,Intermediate
2331,30,22,8,73.33,27,10,10,2,0,0,8,Medium,14,97,36,Advanced
2332,30,21,9,70.0,29,9,8,4,1,2,6,Hard,4,60,37,Intermediate
2333,30,24,6,80.0,22,10,9,5,0,1,5,Medium,12,80,43,Advanced
2334,30,19,11,63.33,56,8,3,8,2,7,2,Medium,4,45,38,Beginner
2335,30,19,11,63.33,56,8,5,6,2,5,4,Easy,6,36,36,Beginner
2336,30,19,11,63.33,39,10,8,1,0,2,9,Hard,9,75,29,Intermediate
2337,30,22,8,73.33,28,10,8,4,0,2,6,Hard,15,86,38,Advanced
2338,30,22,8,73.33,32,8,9,5,2,1,5,Easy,10,53,41,Intermediate
2339,30,26,4,86.67,30,8,8,10,2,2,0,Easy,4,74,54,Intermediate
2340,30,17,13,56.67,35,7,6,4,3,4,6,Easy,7,41,31,Beginner
2341,30,16,14,53.33,56,6,6,4,4,4,6,Easy,2,53,30,Beginner
2342,30,22,8,73.33,21,10,10,2,0,0,8,Medium,14,91,36,Advanced
2343,30,30,0,100.0,16,10,10,10,0,0,0,Hard,14,96,60,Advanced
2344,30,29,1,96.67,19,10,8,11,0,2,0,Medium,15,81,59,Advanced
2345,30,17,13,56.67,29,8,9,0,2,1,10,Hard,10,66,26,Intermediate
2346,30,20,10,66.67,49,7,3,10,3,7,0,Medium,6,63,43,Beginner
2347,30,17,13,56.67,23,10,8,0,0,2,11,Medium,10,70,26,Intermediate
2348,30,23,7,76.67,26,10,10,3,0,0,7,Medium,12,75,39,Advanced
2349,30,17,13,56.67,40,10,8,0,0,2,11,Hard,10,55,26,Intermediate
2350,30,22,8,73.33,36,8,7,7,2,3,3,Easy,9,58,43,Intermediate
2351,30,20,10,66.67,23,8,8,4,2,2,6,Medium,6,50,36,Intermediate
2352,30,16,14,53.33,52,10,6,0,0,4,10,Medium,3,61,22,Beginner
2353,30,23,7,76.67,18,10,9,4,0,1,6,Hard,7,88,40,Advanced
2354,30,14,16,46.67,36,9,4,1,1,6,9,Easy,4,52,20,Beginner
2355,30,14,16,46.67,38,6,3,5,4,7,5,Medium,2,36,27,Beginner
2356,30,13,17,43.33,53,8,4,1,2,6,9,Medium,4,53,19,Beginner
2357,30,22,8,73.33,27,8,10,4,2,0,6,Medium,8,62,40,Intermediate
2358,30,19,11,63.33,56,6,4,9,4,6,1,Medium,5,62,41,Beginner
2359,30,17,13,56.67,35,7,4,6,3,6,4,Easy,2,42,33,Beginner
2360,30,19,11,63.33,27,8,8,3,2,2,7,Easy,5,69,33,Intermediate
2361,30,20,10,66.67,54,7,6,7,3,4,3,Easy,7,68,40,Beginner
2362,30,17,13,56.67,38,9,3,5,1,7,5,Easy,6,43,30,Beginner
2363,30,15,15,50.0,48,9,4,2,1,6,8,Medium,2,64,23,Beginner
2364,30,22,8,73.33,28,10,8,4,0,2,6,Medium,11,75,38,Advanced
2365,30,23,7,76.67,22,9,9,5,1,1,5,Medium,10,83,42,Intermediate
2366,30,23,7,76.67,37,10,8,5,0,2,5,Hard,8,85,41,Intermediate
2367,30,18,12,60.0,41,9,5,4,1,5,6,Medium,5,46,31,Beginner
2368,30,22,8,73.33,26,10,9,3,0,1,7,Medium,13,76,37,Advanced
2369,30,21,9,70.0,25,9,9,3,1,1,7,Hard,7,75,36,Intermediate
2370,30,13,17,43.33,43,9,5,0,1,5,11,Medium,4,42,19,Beginner
2371,30,19,11,63.33,35,9,10,0,1,0,10,Easy,9,74,29,Intermediate
2372,30,25,5,83.33,32,10,9,6,0,1,4,Medium,9,60,46,Intermediate
2373,30,25,5,83.33,32,10,8,7,0,2,3,Medium,15,97,47,Advanced
2374,30,24,6,80.0,21,10,9,5,0,1,5,Medium,14,95,43,Advanced
2375,30,26,4,86.67,21,10,10,6,0,0,4,Medium,8,75,48,Advanced
2376,30,19,11,63.33,27,8,7,4,2,3,6,Easy,9,74,34,Intermediate
2377,30,18,12,60.0,26,9,8,1,1,2,9,Medium,9,51,28,Intermediate
2378,30,26,4,86.67,27,10,9,7,0,1,3,Hard,9,95,49,Advanced
2379,30,26,4,86.67,29,8,9,9,2,1,1,Medium,4,83,53,Intermediate
2380,30,12,18,40.0,38,6,6,0,4,4,10,Medium,5,36,18,Beginner
2381,30,21,9,70.0,39,9,10,2,1,0,8,Medium,7,74,35,Intermediate
2382,30,27,3,90.0,26,10,10,7,0,0,3,Medium,9,97,51,Advanced
2383,30,23,7,76.67,19,10,8,5,0,2,5,Medium,7,74,41,Advanced
2384,30,26,4,86.67,36,10,10,6,0,0,4,Easy,7,66,48,Intermediate
2385,30,29,1,96.67,22,10,10,9,0,0,1,Medium,8,90,57,Advanced
2386,30,19,11,63.33,32,8,10,1,2,0,9,Medium,6,66,31,Intermediate
2387,30,28,2,93.33,20,10,8,10,0,2,0,Medium,11,84,56,Advanced
2388,30,25,5,83.33,18,10,8,7,0,2,3,Hard,9,73,47,Advanced
2389,30,20,10,66.67,54,10,6,4,0,4,6,Medium,6,37,34,Beginner
2390,30,20,10,66.67,36,10,5,5,0,5,5,Medium,3,36,35,Beginner
2391,30,15,15,50.0,42,8,6,1,2,4,9,Easy,7,55,23,Beginner
2392,30,18,12,60.0,46,7,4,7,3,6,3,Easy,4,63,36,Beginner
2393,30,22,8,73.33,30,8,9,5,2,1,5,Medium,4,67,41,Intermediate
2394,30,18,12,60.0,33,8,7,3,2,3,7,Hard,10,63,31,Intermediate
2395,30,20,10,66.67,50,9,3,8,1,7,2,Easy,7,56,39,Beginner
2396,30,22,8,73.33,36,8,7,7,2,3,3,Hard,9,50,43,Intermediate
2397,30,14,16,46.67,52,7,6,1,3,4,9,Medium,3,59,22,Beginner
2398,30,22,8,73.33,22,10,10,2,0,0,8,Medium,8,79,36,Advanced
2399,30,24,6,80.0,26,10,9,5,0,1,5,Medium,11,90,43,Advanced
2400,30,15,15,50.0,52,8,5,2,2,5,8,Easy,7,60,24,Beginner
2401,30,29,1,96.67,24,10,9,10,0,1,0,Hard,13,70,58,Advanced
2402,30,27,3,90.0,19,10,10,7,0,0,3,Medium,13,89,51,Advanced
2403,30,26,4,86.67,36,9,10,7,1,0,3,Medium,6,79,50,Intermediate
2404,30,29,1,96.67,21,10,8,11,0,2,0,Medium,9,91,59,Advanced
2405,30,27,3,90.0,17,10,8,9,0,2,1,Hard,12,85,53,Advanced
2406,30,23,7,76.67,22,10,8,5,0,2,5,Medium,12,78,41,Advanced
2407,30,19,11,63.33,39,9,7,3,1,3,7,Easy,10,85,32,Intermediate
2408,30,18,12,60.0,49,8,6,4,2,4,6,Medium,5,64,32,Beginner
2409,30,16,14,53.33,55,10,4,2,0,6,8,Medium,7,38,24,Beginner
2410,30,16,14,53.33,45,8,4,4,2,6,6,Easy,3,42,28,Beginner
2411,30,26,4,86.67,20,10,10,6,0,0,4,Hard,14,90,48,Advanced
2412,30,27,3,90.0,22,10,9,8,0,1,2,Medium,10,71,52,Advanced
2413,30,18,12,60.0,40,7,4,7,3,6,3,Medium,3,70,36,Beginner
2414,30,24,6,80.0,30,9,8,7,1,2,3,Hard,7,65,46,Intermediate
2415,30,21,9,70.0,33,8,7,6,2,3,4,Medium,9,58,40,Intermediate
2416,30,22,8,73.33,18,10,8,4,0,2,6,Medium,13,85,38,Advanced
2417,30,20,10,66.67,35,9,7,4,1,3,6,Hard,7,59,35,Intermediate
2418,30,27,3,90.0,22,10,9,8,0,1,2,Hard,12,77,52,Advanced
2419,30,26,4,86.67,24,9,9,8,1,1,2,Easy,4,85,51,Intermediate
2420,30,20,10,66.67,34,9,10,1,1,0,9,Medium,10,64,32,Intermediate
2421,30,16,14,53.33,60,6,6,4,4,4,6,Medium,4,47,30,Beginner
2422,30,22,8,73.33,28,9,9,4,1,1,6,Easy,10,64,39,Intermediate
2423,30,17,13,56.67,25,9,9,0,1,1,11,Easy,8,82,27,Intermediate
2424,30,18,12,60.0,25,8,9,1,2,1,9,Medium,6,68,29,Intermediate
2425,30,22,8,73.33,37,10,7,5,0,3,5,Hard,6,53,39,Intermediate
2426,30,23,7,76.67,27,10,9,4,0,1,6,Medium,12,85,40,Advanced
2427,30,25,5,83.33,28,9,10,6,1,0,4,Hard,8,59,47,Intermediate
2428,30,17,13,56.67,24,8,8,1,2,2,9,Hard,7,58,27,Intermediate
2429,30,22,8,73.33,24,8,7,7,2,3,3,Hard,6,61,43,Intermediate
2430,30,22,8,73.33,30,8,8,6,2,2,4,Medium,8,69,42,Intermediate
2431,30,12,18,40.0,35,6,3,3,4,7,7,Easy,2,47,21,Beginner
2432,30,20,10,66.67,23,10,7,3,0,3,7,Easy,4,50,33,Intermediate
2433,30,19,11,63.33,34,10,10,0,0,0,11,Hard,9,85,30,Intermediate
2434,30,19,11,63.33,27,8,9,2,2,1,8,Hard,8,83,32,Intermediate
2435,30,19,11,63.33,51,8,6,5,2,4,5,Easy,4,70,35,Beginner
2436,30,23,7,76.67,17,10,10,3,0,0,7,Hard,12,70,39,Advanced
2437,30,25,5,83.33,37,10,10,5,0,0,5,Medium,10,65,45,Intermediate
2438,30,17,13,56.67,47,9,5,3,1,5,7,Easy,5,35,28,Beginner
2439,30,24,6,80.0,15,10,9,5,0,1,5,Medium,8,84,43,Advanced
2440,30,23,7,76.67,38,10,8,5,0,2,5,Easy,9,79,41,Intermediate
2441,30,21,9,70.0,23,9,7,5,1,3,5,Medium,10,51,38,Intermediate
2442,30,22,8,73.33,35,8,9,5,2,1,5,Easy,4,75,41,Intermediate
2443,30,25,5,83.33,30,10,10,5,0,0,5,Medium,8,93,45,Advanced
2444,30,27,3,90.0,18,10,8,9,0,2,1,Hard,12,77,53,Advanced
2445,30,15,15,50.0,43,10,3,2,0,7,8,Medium,5,44,22,Beginner
2446,30,14,16,46.67,48,8,6,0,2,4,10,Easy,6,66,20,Beginner
2447,30,26,4,86.67,33,10,10,6,0,0,4,Medium,4,77,48,Intermediate
2448,30,24,6,80.0,23,10,8,6,0,2,4,Hard,15,72,44,Advanced
2449,30,22,8,73.33,15,10,10,2,0,0,8,Hard,8,82,36,Advanced
2450,30,24,6,80.0,32,8,8,8,2,2,2,Hard,8,70,48,Intermediate
2451,30,26,4,86.67,26,10,10,6,0,0,4,Hard,10,86,48,Advanced
2452,30,25,5,83.33,28,8,7,10,2,3,0,Easy,7,52,52,Intermediate
2453,30,13,17,43.33,56,8,3,2,2,7,8,Easy,7,59,20,Beginner
2454,30,24,6,80.0,23,10,7,7,0,3,3,Medium,10,65,45,Intermediate
2455,30,18,12,60.0,36,10,9,0,0,1,11,Easy,4,58,28,Intermediate
2456,30,27,3,90.0,16,10,9,8,0,1,2,Medium,10,73,52,Advanced
2457,30,17,13,56.67,55,7,5,5,3,5,5,Medium,4,59,32,Beginner
2458,30,18,12,60.0,37,10,10,0,0,0,12,Easy,4,52,30,Intermediate
2459,30,29,1,96.67,18,10,8,11,0,2,0,Medium,11,100,59,Advanced
2460,30,24,6,80.0,31,10,10,4,0,0,6,Hard,8,95,42,Advanced
2461,30,19,11,63.33,34,10,7,2,0,3,8,Easy,5,78,30,Intermediate
2462,30,28,2,93.33,22,10,10,8,0,0,2,Medium,13,77,54,Advanced
2463,30,23,7,76.67,20,10,9,4,0,1,6,Medium,8,94,40,Advanced
2464,30,25,5,83.33,24,9,9,7,1,1,3,Easy,8,54,48,Intermediate
2465,30,23,7,76.67,28,10,10,3,0,0,7,Hard,13,81,39,Advanced
2466,30,26,4,86.67,38,10,7,9,0,3,1,Easy,9,82,51,Intermediate
2467,30,22,8,73.33,31,10,8,4,0,2,6,Medium,10,59,38,Intermediate
2468,30,23,7,76.67,28,8,8,7,2,2,3,Medium,4,55,45,Intermediate
2469,30,19,11,63.33,28,10,7,2,0,3,8,Hard,5,65,30,Intermediate
2470,30,26,4,86.67,28,10,7,9,0,3,1,Easy,6,81,51,Intermediate
2471,30,30,0,100.0,18,10,10,10,0,0,0,Hard,7,96,60,Advanced
2472,30,12,18,40.0,59,6,3,3,4,7,7,Medium,3,61,21,Beginner
2473,30,20,10,66.67,25,10,7,3,0,3,7,Medium,4,66,33,Intermediate
2474,30,12,18,40.0,40,10,3,0,0,7,11,Easy,5,37,16,Beginner
2475,30,19,11,63.33,25,8,8,3,2,2,7,Hard,6,62,33,Intermediate
2476,30,12,18,40.0,56,7,3,2,3,7,8,Easy,4,40,19,Beginner
2477,30,29,1,96.67,32,10,9,10,0,1,0,Medium,9,77,58,Advanced
2478,30,15,15,50.0,39,8,6,1,2,4,9,Easy,3,39,23,Beginner
2479,30,17,13,56.67,38,9,7,1,1,3,9,Hard,10,76,26,Intermediate
2480,30,14,16,46.67,49,6,3,5,4,7,5,Medium,6,60,27,Beginner
2481,30,19,11,63.33,46,7,5,7,3,5,3,Easy,7,49,38,Beginner
2482,30,12,18,40.0,47,7,3,2,3,7,8,Medium,7,70,19,Beginner
2483,30,22,8,73.33,17,10,8,4,0,2,6,Hard,8,81,38,Advanced
2484,30,13,17,43.33,60,10,4,0,0,6,11,Easy,3,62,18,Beginner
2485,30,26,4,86.67,21,10,10,6,0,0,4,Medium,7,77,48,Advanced
2486,30,25,5,83.33,36,8,8,9,2,2,1,Hard,8,63,51,Intermediate
2487,30,20,10,66.67,58,7,5,8,3,5,2,Easy,3,51,41,Beginner
2488,30,12,18,40.0,48,7,5,0,3,5,10,Easy,2,70,17,Beginner
2489,30,19,11,63.33,30,8,8,3,2,2,7,Medium,7,58,33,Intermediate
2490,30,17,13,56.67,37,8,8,1,2,2,9,Hard,8,54,27,Intermediate
2491,30,20,10,66.67,44,10,4,6,0,6,4,Medium,3,38,36,Beginner
2492,30,19,11,63.33,30,8,7,4,2,3,6,Medium,7,77,34,Intermediate
2493,30,19,11,63.33,35,9,10,0,1,0,10,Easy,9,76,29,Intermediate
2494,30,21,9,70.0,37,10,8,3,0,2,7,Medium,7,84,35,Intermediate
2495,30,17,13,56.67,45,6,4,7,4,6,3,Medium,4,52,35,Beginner
2496,30,22,8,73.33,27,9,9,4,1,1,6,Hard,8,60,39,Intermediate
2497,30,14,16,46.67,60,9,4,1,1,6,9,Medium,3,35,20,Beginner
2498,30,26,4,86.67,26,8,8,10,2,2,0,Easy,6,52,54,Intermediate
2499,30,25,5,83.33,23,9,7,9,1,3,1,Medium,4,71,50,Intermediate
2500,30,22,8,73.33,41,9,10,3,1,0,7,Medium,7,63,38,Intermediate
2501,30,19,11,63.33,50,9,4,6,1,6,4,Easy,7,61,35,Beginner
2502,30,20,10,66.67,46,10,4,6,0,6,4,Medium,2,55,36,Beginner
2503,30,16,14,53.33,49,8,6,2,2,4,8,Easy,2,57,26,Beginner
2504,30,12,18,40.0,56,6,3,3,4,7,7,Medium,5,70,21,Beginner
2505,30,23,7,76.67,25,10,9,4,0,1,6,Hard,9,94,40,Advanced
2506,30,22,8,73.33,26,9,8,5,1,2,5,Medium,10,69,40,Intermediate
2507,30,18,12,60.0,59,10,4,4,0,6,6,Easy,7,62,30,Beginner
2508,30,28,2,93.33,18,10,10,8,0,0,2,Medium,8,99,54,Advanced
2509,30,18,12,60.0,41,9,7,2,1,3,8,Hard,8,74,29,Intermediate
2510,30,18,12,60.0,45,9,6,3,1,4,7,Medium,2,55,30,Beginner
2511,30,22,8,73.33,33,8,10,4,2,0,6,Easy,9,68,40,Intermediate
2512,30,12,18,40.0,56,10,6,0,0,4,14,Medium,2,35,22,Beginner
2513,30,23,7,76.67,24,10,9,4,0,1,6,Medium,12,89,40,Advanced
2514,30,21,9,70.0,39,9,7,5,1,3,5,Hard,6,81,38,Intermediate
2515,30,22,8,73.33,15,10,9,3,0,1,7,Medium,7,75,37,Advanced
2516,30,27,3,90.0,32,10,9,8,0,1,2,Medium,8,85,52,Advanced
2517,30,16,14,53.33,57,6,6,4,4,4,6,Easy,4,66,30,Beginner
2518,30,18,12,60.0,28,8,9,1,2,1,9,Easy,10,60,29,Intermediate
2519,30,25,5,83.33,30,10,10,5,0,0,5,Medium,13,98,45,Advanced
2520,30,25,5,83.33,18,10,8,7,0,2,3,Medium,10,93,47,Advanced
2521,30,15,15,50.0,43,6,5,4,4,5,6,Medium,5,58,28,Beginner
2522,30,22,8,73.33,41,9,9,4,1,1,6,Easy,9,55,39,Intermediate
2523,30,27,3,90.0,22,10,10,7,0,0,3,Medium,9,95,51,Advanced
2524,30,25,5,83.33,42,9,10,6,1,0,4,Easy,4,58,47,Intermediate
2525,30,25,5,83.33,27,8,9,8,2,1,2,Hard,4,81,50,Intermediate
2526,30,24,6,80.0,30,8,8,8,2,2,2,Hard,9,51,48,Intermediate
2527,30,29,1,96.67,17,10,10,9,0,0,1,Medium,15,93,57,Advanced
2528,30,21,9,70.0,40,10,8,3,0,2,7,Hard,5,57,35,Intermediate
2529,30,13,17,43.33,55,8,6,0,2,4,11,Medium,5,46,20,Beginner
2530,30,13,17,43.33,54,10,6,0,0,4,13,Easy,5,47,22,Beginner
2531,30,17,13,56.67,47,7,5,5,3,5,5,Medium,6,65,32,Beginner
2532,30,20,10,66.67,22,8,10,2,2,0,8,Easy,6,69,34,Intermediate
2533,30,25,5,83.33,19,10,9,6,0,1,4,Medium,11,73,46,Advanced
2534,30,23,7,76.67,22,9,9,5,1,1,5,Medium,8,84,42,Intermediate
2535,30,19,11,63.33,56,9,6,4,1,4,6,Medium,7,38,33,Beginner
2536,30,22,8,73.33,18,10,8,4,0,2,6,Hard,8,77,38,Advanced
2537,30,19,11,63.33,49,6,3,10,4,7,0,Medium,7,63,42,Beginner
2538,30,20,10,66.67,38,8,8,4,2,2,6,Easy,10,85,36,Intermediate
2539,30,18,12,60.0,59,8,5,5,2,5,5,Medium,4,63,33,Beginner
2540,30,17,13,56.67,29,9,9,0,1,1,11,Easy,9,62,27,Intermediate
2541,30,23,7,76.67,23,8,7,8,2,3,2,Easy,8,59,46,Intermediate
2542,30,20,10,66.67,28,8,8,4,2,2,6,Medium,7,58,36,Intermediate
2543,30,18,12,60.0,38,8,7,3,2,3,7,Medium,8,56,31,Intermediate
2544,30,30,0,100.0,18,10,9,11,0,1,0,Hard,11,89,61,Advanced
2545,30,25,5,83.33,37,9,8,8,1,2,2,Hard,4,69,49,Intermediate
2546,30,19,11,63.33,32,10,7,2,0,3,8,Medium,10,52,30,Intermediate
2547,30,24,6,80.0,19,10,10,4,0,0,6,Medium,12,90,42,Advanced
2548,30,18,12,60.0,57,10,4,4,0,6,6,Medium,3,67,30,Beginner
2549,30,18,12,60.0,26,10,9,0,0,1,11,Easy,10,77,28,Intermediate
2550,30,12,18,40.0,38,10,3,0,0,7,11,Medium,2,51,16,Beginner
2551,30,17,13,56.67,60,6,4,7,4,6,3,Medium,2,46,35,Beginner
2552,30,18,12,60.0,54,8,4,6,2,6,4,Medium,5,50,34,Beginner
2553,30,23,7,76.67,28,10,8,5,0,2,5,Medium,11,70,41,Advanced
2554,30,20,10,66.67,43,10,4,6,0,6,4,Easy,2,47,36,Beginner
2555,30,20,10,66.67,36,10,8,2,0,2,8,Hard,10,82,32,Intermediate
2556,30,22,8,73.33,15,10,10,2,0,0,8,Medium,9,73,36,Advanced
2557,30,23,7,76.67,37,10,8,5,0,2,5,Hard,9,74,41,Intermediate
2558,30,18,12,60.0,39,10,10,0,0,0,12,Medium,7,74,30,Intermediate
2559,30,29,1,96.67,17,10,9,10,0,1,0,Medium,11,74,58,Advanced
2560,30,30,0,100.0,32,10,10,10,0,0,0,Hard,7,77,60,Advanced
2561,30,14,16,46.67,41,9,4,1,1,6,9,Easy,4,49,20,Beginner
2562,30,18,12,60.0,27,9,7,2,1,3,8,Easy,8,68,29,Intermediate
2563,30,26,4,86.67,18,10,10,6,0,0,4,Hard,11,98,48,Advanced
2564,30,17,13,56.67,45,10,6,1,0,4,9,Medium,3,43,25,Beginner
2565,30,28,2,93.33,19,10,8,10,0,2,0,Medium,10,84,56,Advanced
2566,30,19,11,63.33,38,10,7,2,0,3,8,Hard,5,81,30,Intermediate
2567,30,26,4,86.67,22,10,9,7,0,1,3,Easy,7,81,49,Intermediate
2568,30,17,13,56.67,57,8,6,3,2,4,7,Medium,6,50,29,Beginner
2569,30,17,13,56.67,22,8,8,1,2,2,9,Easy,7,69,27,Intermediate
2570,30,29,1,96.67,17,10,8,11,0,2,0,Hard,15,77,59,Advanced
2571,30,28,2,93.33,25,10,10,8,0,0,2,Medium,12,89,54,Advanced
2572,30,16,14,53.33,38,10,4,2,0,6,8,Easy,5,70,24,Beginner
2573,30,20,10,66.67,46,6,5,9,4,5,1,Medium,3,46,43,Beginner
2574,30,18,12,60.0,42,9,9,0,1,1,10,Hard,6,52,27,Intermediate
2575,30,21,9,70.0,31,10,9,2,0,1,8,Hard,9,65,34,Intermediate
2576,30,26,4,86.67,31,10,10,6,0,0,4,Medium,4,57,48,Intermediate
2577,30,17,13,56.67,53,6,6,5,4,4,5,Medium,6,52,33,Beginner
2578,30,20,10,66.67,31,10,10,0,0,0,10,Medium,7,62,30,Intermediate
2579,30,23,7,76.67,25,10,8,5,0,2,5,Easy,5,59,41,Intermediate
2580,30,26,4,86.67,32,10,8,8,0,2,2,Medium,10,85,50,Intermediate
2581,30,26,4,86.67,31,8,9,9,2,1,1,Hard,5,75,53,Intermediate
2582,30,25,5,83.33,25,10,8,7,0,2,3,Medium,11,72,47,Advanced
2583,30,13,17,43.33,51,8,3,2,2,7,8,Easy,4,55,20,Beginner
2584,30,21,9,70.0,42,10,8,3,0,2,7,Easy,5,73,35,Intermediate
2585,30,14,16,46.67,56,8,3,3,2,7,7,Easy,4,36,23,Beginner
2586,30,24,6,80.0,30,9,10,5,1,0,5,Hard,4,72,44,Intermediate
2587,30,24,6,80.0,28,10,10,4,0,0,6,Medium,8,77,42,Advanced
2588,30,13,17,43.33,54,8,4,1,2,6,9,Easy,5,54,19,Beginner
2589,30,23,7,76.67,25,10,8,5,0,2,5,Medium,11,84,41,Advanced
2590,30,18,12,60.0,58,6,6,6,4,4,4,Medium,5,36,36,Beginner
2591,30,28,2,93.33,17,10,8,10,0,2,0,Medium,8,91,56,Advanced
2592,30,23,7,76.67,39,9,8,6,1,2,4,Hard,4,52,43,Intermediate
2593,30,24,6,80.0,26,10,9,5,0,1,5,Medium,9,96,43,Advanced
2594,30,27,3,90.0,19,10,8,9,0,2,1,Medium,11,83,53,Advanced
2595,30,23,7,76.67,35,8,7,8,2,3,2,Medium,5,53,46,Intermediate
2596,30,22,8,73.33,32,8,7,7,2,3,3,Easy,6,62,43,Intermediate
2597,30,25,5,83.33,34,8,7,10,2,3,0,Medium,8,82,52,Intermediate
2598,30,22,8,73.33,37,10,9,3,0,1,7,Easy,6,71,37,Intermediate
2599,30,25,5,83.33,26,9,7,9,1,3,1,Hard,8,62,50,Intermediate
2600,30,27,3,90.0,31,10,8,9,0,2,1,Hard,12,94,53,Advanced
2601,30,13,17,43.33,55,8,3,2,2,7,8,Easy,4,40,20,Beginner
2602,30,21,9,70.0,28,10,8,3,0,2,7,Hard,10,55,35,Intermediate
2603,30,14,16,46.67,50,6,6,2,4,4,8,Medium,2,70,24,Beginner
2604,30,24,6,80.0,32,10,10,4,0,0,6,Easy,5,51,42,Intermediate
2605,30,24,6,80.0,19,10,9,5,0,1,5,Medium,13,82,43,Advanced
2606,30,22,8,73.33,34,9,7,6,1,3,4,Easy,4,67,41,Intermediate
2607,30,15,15,50.0,45,8,3,4,2,7,6,Medium,2,68,26,Beginner
2608,30,26,4,86.67,30,9,7,10,1,3,0,Hard,9,61,53,Intermediate
2609,30,26,4,86.67,29,10,8,8,0,2,2,Medium,14,71,50,Advanced
2610,30,24,6,80.0,27,10,9,5,0,1,5,Medium,12,96,43,Advanced
2611,30,28,2,93.33,23,10,10,8,0,0,2,Hard,7,100,54,Advanced
2612,30,15,15,50.0,39,7,3,5,3,7,5,Easy,7,66,28,Beginner
2613,30,15,15,50.0,49,6,6,3,4,4,7,Medium,5,54,27,Beginner
2614,30,14,16,46.67,47,6,5,3,4,5,7,Medium,3,52,25,Beginner
2615,30,12,18,40.0,45,10,6,0,0,4,14,Easy,2,65,22,Beginner
2616,30,14,16,46.67,49,9,6,0,1,4,11,Medium,3,56,21,Beginner
2617,30,17,13,56.67,36,10,4,3,0,6,7,Medium,5,58,27,Beginner
2618,30,20,10,66.67,55,9,5,6,1,5,4,Medium,4,60,37,Beginner
2619,30,24,6,80.0,32,10,7,7,0,3,3,Medium,10,77,45,Intermediate
2620,30,25,5,83.33,34,9,8,8,1,2,2,Hard,10,50,49,Intermediate
2621,30,25,5,83.33,18,10,10,5,0,0,5,Hard,15,77,45,Advanced
2622,30,18,12,60.0,45,6,4,8,4,6,2,Medium,2,61,38,Beginner
2623,30,22,8,73.33,16,10,9,3,0,1,7,Hard,13,93,37,Advanced
2624,30,26,4,86.67,34,9,10,7,1,0,3,Easy,5,65,50,Intermediate
2625,30,19,11,63.33,28,9,8,2,1,2,8,Medium,6,65,31,Intermediate
2626,30,25,5,83.33,29,10,8,7,0,2,3,Medium,6,50,47,Intermediate
2627,30,28,2,93.33,29,10,8,10,0,2,0,Hard,8,86,56,Advanced
2628,30,17,13,56.67,46,7,4,6,3,6,4,Easy,4,55,33,Beginner
2629,30,12,18,40.0,53,6,6,0,4,4,10,Easy,4,41,18,Beginner
2630,30,30,0,100.0,31,10,8,12,0,2,0,Hard,13,88,62,Advanced
2631,30,24,6,80.0,18,10,10,4,0,0,6,Hard,15,86,42,Advanced
2632,30,21,9,70.0,40,10,9,2,0,1,8,Easy,8,61,34,Intermediate
2633,30,22,8,73.33,36,10,8,4,0,2,6,Hard,8,64,38,Intermediate
2634,30,23,7,76.67,21,10,8,5,0,2,5,Hard,7,84,41,Advanced
2635,30,17,13,56.67,39,10,7,0,0,3,10,Medium,6,65,24,Intermediate
2636,30,25,5,83.33,17,10,10,5,0,0,5,Medium,11,70,45,Advanced
2637,30,21,9,70.0,40,8,9,4,2,1,6,Hard,4,80,38,Intermediate
2638,30,28,2,93.33,31,10,10,8,0,0,2,Medium,10,98,54,Advanced
2639,30,28,2,93.33,17,10,8,10,0,2,0,Medium,14,85,56,Advanced
2640,30,26,4,86.67,28,10,10,6,0,0,4,Hard,15,90,48,Advanced
2641,30,12,18,40.0,38,6,4,2,4,6,8,Easy,7,40,20,Beginner
2642,30,26,4,86.67,27,9,10,7,1,0,3,Easy,8,67,50,Intermediate
2643,30,22,8,73.33,33,10,8,4,0,2,6,Hard,6,65,38,Intermediate
2644,30,22,8,73.33,30,8,10,4,2,0,6,Hard,8,61,40,Intermediate
2645,30,23,7,76.67,27,9,9,5,1,1,5,Easy,4,77,42,Intermediate
2646,30,20,10,66.67,26,9,7,4,1,3,6,Medium,6,76,35,Intermediate
2647,30,24,6,80.0,20,10,10,4,0,0,6,Hard,10,80,42,Advanced
2648,30,23,7,76.67,21,10,9,4,0,1,6,Hard,10,84,40,Advanced
2649,30,26,4,86.67,22,8,8,10,2,2,0,Medium,5,80,54,Intermediate
2650,30,12,18,40.0,37,10,5,0,0,5,13,Easy,6,49,20,Beginner
2651,30,26,4,86.67,28,10,8,8,0,2,2,Medium,13,100,50,Advanced
2652,30,15,15,50.0,60,7,5,3,3,5,7,Easy,6,47,26,Beginner
2653,30,22,8,73.33,19,10,10,2,0,0,8,Medium,9,87,36,Advanced
2654,30,28,2,93.33,22,10,10,8,0,0,2,Hard,10,71,54,Advanced
2655,30,30,0,100.0,28,10,8,12,0,2,0,Medium,12,85,62,Advanced
2656,30,13,17,43.33,39,8,4,1,2,6,9,Easy,7,44,19,Beginner
2657,30,30,0,100.0,24,10,9,11,0,1,0,Medium,10,99,61,Advanced
2658,30,17,13,56.67,33,9,8,0,1,2,10,Medium,10,60,25,Intermediate
2659,30,21,9,70.0,23,8,9,4,2,1,6,Easy,4,69,38,Intermediate
2660,30,24,6,80.0,23,8,7,9,2,3,1,Medium,7,57,49,Intermediate
2661,30,26,4,86.67,21,10,10,6,0,0,4,Hard,9,70,48,Advanced
2662,30,19,11,63.33,48,6,5,8,4,5,2,Medium,7,53,40,Beginner
2663,30,26,4,86.67,25,8,8,10,2,2,0,Hard,10,71,54,Intermediate
2664,30,26,4,86.67,30,9,8,9,1,2,1,Hard,9,80,52,Intermediate
2665,30,29,1,96.67,16,10,8,11,0,2,0,Medium,8,96,59,Advanced
2666,30,21,9,70.0,27,9,9,3,1,1,7,Medium,6,79,36,Intermediate
2667,30,27,3,90.0,28,10,8,9,0,2,1,Hard,8,95,53,Advanced
2668,30,15,15,50.0,39,8,3,4,2,7,6,Medium,4,62,26,Beginner
2669,30,18,12,60.0,23,8,7,3,2,3,7,Medium,4,64,31,Intermediate
2670,30,18,12,60.0,42,10,8,0,0,2,10,Hard,6,74,26,Intermediate
2671,30,17,13,56.67,60,7,5,5,3,5,5,Medium,6,70,32,Beginner
2672,30,22,8,73.33,28,10,10,2,0,0,8,Medium,11,93,36,Advanced
2673,30,23,7,76.67,35,8,9,6,2,1,4,Easy,8,77,44,Intermediate
2674,30,20,10,66.67,25,8,10,2,2,0,8,Hard,9,85,34,Intermediate
2675,30,22,8,73.33,28,9,10,3,1,0,7,Hard,9,60,38,Intermediate
2676,30,18,12,60.0,37,7,4,7,3,6,3,Medium,4,36,36,Beginner
2677,30,12,18,40.0,51,9,5,0,1,5,12,Medium,6,48,19,Beginner
2678,30,20,10,66.67,59,8,5,7,2,5,3,Easy,4,45,39,Beginner
2679,30,19,11,63.33,24,9,8,2,1,2,8,Hard,4,64,31,Intermediate
2680,30,23,7,76.67,25,8,10,5,2,0,5,Hard,6,62,43,Intermediate
2681,30,19,11,63.33,29,8,7,4,2,3,6,Medium,9,78,34,Intermediate
2682,30,17,13,56.67,45,7,4,6,3,6,4,Easy,3,53,33,Beginner
2683,30,14,16,46.67,42,9,3,2,1,7,8,Medium,4,68,21,Beginner
2684,30,24,6,80.0,31,9,7,8,1,3,2,Medium,6,58,47,Intermediate
2685,30,22,8,73.33,42,9,8,5,1,2,5,Hard,9,54,40,Intermediate
2686,30,18,12,60.0,38,10,6,2,0,4,8,Medium,4,69,28,Beginner
2687,30,20,10,66.67,36,9,9,2,1,1,8,Medium,10,54,33,Intermediate
2688,30,21,9,70.0,36,10,8,3,0,2,7,Medium,4,72,35,Intermediate
2689,30,12,18,40.0,37,10,5,0,0,5,13,Easy,2,50,20,Beginner
2690,30,20,10,66.67,56,9,4,7,1,6,3,Easy,4,47,38,Beginner
2691,30,25,5,83.33,25,10,10,5,0,0,5,Hard,9,93,45,Advanced
2692,30,16,14,53.33,57,7,5,4,3,5,6,Easy,4,53,29,Beginner
2693,30,13,17,43.33,44,6,4,3,4,6,7,Medium,6,59,23,Beginner
2694,30,27,3,90.0,32,10,9,8,0,1,2,Hard,13,78,52,Advanced
2695,30,18,12,60.0,57,6,3,9,4,7,1,Easy,2,52,39,Beginner
2696,30,17,13,56.67,26,10,9,0,0,1,12,Hard,4,71,28,Intermediate
2697,30,27,3,90.0,17,10,10,7,0,0,3,Hard,14,80,51,Advanced
2698,30,15,15,50.0,46,7,4,4,3,6,6,Medium,3,50,27,Beginner
2699,30,16,14,53.33,50,6,3,7,4,7,3,Medium,5,51,33,Beginner
2700,30,24,6,80.0,16,10,8,6,0,2,4,Hard,10,81,44,Advanced
2701,30,22,8,73.33,15,10,8,4,0,2,6,Hard,14,74,38,Advanced
2702,30,30,0,100.0,17,10,10,10,0,0,0,Hard,15,97,60,Advanced
2703,30,25,5,83.33,29,9,7,9,1,3,1,Medium,4,77,50,Intermediate
2704,30,21,9,70.0,35,9,9,3,1,1,7,Medium,10,71,36,Intermediate
2705,30,17,13,56.67,40,6,3,8,4,7,2,Medium,5,40,36,Beginner
2706,30,22,8,73.33,28,10,7,5,0,3,5,Medium,7,67,39,Intermediate
2707,30,20,10,66.67,37,8,9,3,2,1,7,Hard,5,74,35,Intermediate
2708,30,20,10,66.67,22,10,10,0,0,0,10,Medium,4,67,30,Intermediate
2709,30,23,7,76.67,31,10,9,4,0,1,6,Medium,12,82,40,Advanced
2710,30,26,4,86.67,15,10,8,8,0,2,2,Medium,8,84,50,Advanced
2711,30,17,13,56.67,42,9,3,5,1,7,5,Easy,5,64,30,Beginner
2712,30,17,13,56.67,40,10,8,0,0,2,11,Hard,7,76,26,Intermediate
2713,30,19,11,63.33,30,9,8,2,1,2,8,Hard,10,78,31,Intermediate
2714,30,23,7,76.67,25,10,10,3,0,0,7,Medium,6,57,39,Intermediate
2715,30,22,8,73.33,21,10,8,4,0,2,6,Medium,13,83,38,Advanced
2716,30,19,11,63.33,29,8,7,4,2,3,6,Hard,8,82,34,Intermediate
2717,30,25,5,83.33,26,9,7,9,1,3,1,Hard,5,70,50,Intermediate
2718,30,17,13,56.67,33,9,8,0,1,2,10,Hard,6,80,25,Intermediate
2719,30,17,13,56.67,56,9,3,5,1,7,5,Medium,4,37,30,Beginner
2720,30,26,4,86.67,40,9,7,10,1,3,0,Medium,10,68,53,Intermediate
2721,30,20,10,66.67,35,10,9,1,0,1,9,Hard,4,81,31,Intermediate
2722,30,23,7,76.67,31,10,8,5,0,2,5,Medium,7,92,41,Advanced
2723,30,30,0,100.0,27,10,8,12,0,2,0,Medium,12,100,62,Advanced
2724,30,15,15,50.0,41,9,6,0,1,4,10,Medium,2,54,21,Beginner
2725,30,22,8,73.33,26,10,10,2,0,0,8,Medium,15,85,36,Advanced
2726,30,24,6,80.0,31,10,9,5,0,1,5,Hard,11,84,43,Advanced
2727,30,24,6,80.0,25,10,10,4,0,0,6,Medium,6,71,42,Intermediate
2728,30,19,11,63.33,35,10,5,4,0,5,6,Easy,7,53,32,Beginner
2729,30,23,7,76.67,30,10,8,5,0,2,5,Hard,13,88,41,Advanced
2730,30,16,14,53.33,39,7,6,3,3,4,7,Easy,4,43,28,Beginner
2731,30,20,10,66.67,34,10,8,2,0,2,8,Medium,7,51,32,Intermediate
2732,30,18,12,60.0,42,6,6,6,4,4,4,Easy,4,45,36,Beginner
2733,30,23,7,76.67,35,10,7,6,0,3,4,Hard,8,56,42,Intermediate
2734,30,13,17,43.33,51,10,5,0,0,5,12,Medium,7,39,20,Beginner
2735,30,13,17,43.33,39,6,5,2,4,5,8,Medium,6,63,22,Beginner
2736,30,24,6,80.0,25,9,8,7,1,2,3,Easy,5,50,46,Intermediate
2737,30,27,3,90.0,28,10,10,7,0,0,3,Hard,8,79,51,Advanced
2738,30,16,14,53.33,42,8,5,3,2,5,7,Medium,3,46,27,Beginner
2739,30,18,12,60.0,52,8,6,4,2,4,6,Easy,3,67,32,Beginner
2740,30,18,12,60.0,49,6,6,6,4,4,4,Medium,6,43,36,Beginner
2741,30,29,1,96.67,16,10,8,11,0,2,0,Medium,14,95,59,Advanced
2742,30,30,0,100.0,22,10,10,10,0,0,0,Medium,13,79,60,Advanced
2743,30,24,6,80.0,28,10,8,6,0,2,4,Medium,10,68,44,Intermediate
2744,30,23,7,76.67,33,9,7,7,1,3,3,Easy,7,56,44,Intermediate
2745,30,17,13,56.67,31,9,9,0,1,1,11,Easy,5,62,27,Intermediate
2746,30,12,18,40.0,58,8,3,1,2,7,9,Easy,3,35,17,Beginner
2747,30,17,13,56.67,51,10,6,1,0,4,9,Easy,2,48,25,Beginner
2748,30,13,17,43.33,50,6,4,3,4,6,7,Medium,5,65,23,Beginner
2749,30,30,0,100.0,18,10,8,12,0,2,0,Hard,15,94,62,Advanced
2750,30,26,4,86.67,20,10,8,8,0,2,2,Hard,14,99,50,Advanced
2751,30,24,6,80.0,35,9,7,8,1,3,2,Medium,6,77,47,Intermediate
2752,30,25,5,83.33,35,10,8,7,0,2,3,Hard,10,71,47,Intermediate
2753,30,17,13,56.67,57,7,4,6,3,6,4,Medium,6,63,33,Beginner
2754,30,20,10,66.67,50,6,3,11,4,7,0,Medium,5,38,45,Beginner
2755,30,26,4,86.67,34,8,8,10,2,2,0,Hard,9,75,54,Intermediate
2756,30,20,10,66.67,27,9,9,2,1,1,8,Medium,9,56,33,Intermediate
2757,30,23,7,76.67,32,10,8,5,0,2,5,Hard,7,70,41,Intermediate
2758,30,24,6,80.0,32,8,7,9,2,3,1,Hard,6,61,49,Intermediate
2759,30,22,8,73.33,29,9,7,6,1,3,4,Medium,8,66,41,Intermediate
2760,30,16,14,53.33,46,8,6,2,2,4,8,Medium,3,41,26,Beginner
2761,30,20,10,66.67,50,6,6,8,4,4,2,Easy,2,60,42,Beginner
2762,30,22,8,73.33,22,9,8,5,1,2,5,Easy,6,75,40,Intermediate
2763,30,16,14,53.33,50,9,6,1,1,4,9,Easy,7,69,24,Beginner
2764,30,19,11,63.33,46,10,6,3,0,4,7,Easy,4,47,31,Beginner
2765,30,23,7,76.67,19,10,10,3,0,0,7,Medium,9,73,39,Advanced
2766,30,18,12,60.0,27,8,7,3,2,3,7,Medium,10,60,31,Intermediate
2767,30,17,13,56.67,31,8,8,1,2,2,9,Medium,10,77,27,Intermediate
2768,30,18,12,60.0,50,9,5,4,1,5,6,Medium,4,59,31,Beginner
2769,30,28,2,93.33,24,10,9,9,0,1,1,Hard,11,96,55,Advanced
2770,30,29,1,96.67,18,10,10,9,0,0,1,Medium,13,97,57,Advanced
2771,30,25,5,83.33,19,10,10,5,0,0,5,Medium,7,99,45,Advanced
2772,30,20,10,66.67,26,8,9,3,2,1,7,Easy,5,76,35,Intermediate
2773,30,25,5,83.33,27,10,9,6,0,1,4,Hard,7,50,46,Intermediate
2774,30,13,17,43.33,55,8,4,1,2,6,9,Easy,4,62,19,Beginner
2775,30,20,10,66.67,33,9,9,2,1,1,8,Hard,9,69,33,Intermediate
2776,30,17,13,56.67,46,9,5,3,1,5,7,Easy,2,60,28,Beginner
2777,30,24,6,80.0,37,9,7,8,1,3,2,Medium,9,70,47,Intermediate
2778,30,24,6,80.0,18,10,10,4,0,0,6,Hard,15,82,42,Advanced
2779,30,30,0,100.0,22,10,9,11,0,1,0,Medium,11,91,61,Advanced
2780,30,23,7,76.67,39,9,9,5,1,1,5,Easy,9,66,42,Intermediate
2781,30,17,13,56.67,40,9,6,2,1,4,8,Medium,2,40,27,Beginner
2782,30,20,10,66.67,37,9,6,5,1,4,5,Easy,7,62,36,Beginner
2783,30,23,7,76.67,42,9,10,4,1,0,6,Medium,5,67,41,Intermediate
2784,30,26,4,86.67,19,10,8,8,0,2,2,Hard,15,99,50,Advanced
2785,30,27,3,90.0,31,10,8,9,0,2,1,Medium,15,85,53,Advanced
2786,30,17,13,56.67,41,9,10,0,1,0,12,Easy,5,54,29,Intermediate
2787,30,15,15,50.0,48,9,5,1,1,5,9,Easy,3,52,22,Beginner
2788,30,25,5,83.33,24,9,7,9,1,3,1,Easy,6,80,50,Intermediate
2789,30,18,12,60.0,29,9,9,0,1,1,10,Easy,6,61,27,Intermediate
2790,30,20,10,66.67,28,9,7,4,1,3,6,Medium,9,66,35,Intermediate
2791,30,15,15,50.0,56,7,5,3,3,5,7,Medium,5,43,26,Beginner
2792,30,18,12,60.0,42,9,7,2,1,3,8,Hard,6,72,29,Intermediate
2793,30,24,6,80.0,39,10,8,6,0,2,4,Hard,9,56,44,Intermediate
2794,30,27,3,90.0,19,10,9,8,0,1,2,Hard,11,79,52,Advanced
2795,30,26,4,86.67,24,8,10,8,2,0,2,Easy,6,51,52,Intermediate
2796,30,12,18,40.0,39,9,5,0,1,5,12,Easy,2,69,19,Beginner
2797,30,18,12,60.0,52,10,6,2,0,4,8,Easy,2,46,28,Beginner
2798,30,29,1,96.67,24,10,10,9,0,0,1,Hard,7,83,57,Advanced
2799,30,16,14,53.33,36,8,3,5,2,7,5,Easy,4,61,29,Beginner
2800,30,23,7,76.67,15,10,9,4,0,1,6,Medium,11,95,40,Advanced
2801,30,29,1,96.67,27,10,10,9,0,0,1,Hard,7,92,57,Advanced
2802,30,22,8,73.33,26,10,8,4,0,2,6,Hard,14,89,38,Advanced
2803,30,17,13,56.67,45,10,3,4,0,7,6,Easy,4,49,28,Beginner
2804,30,30,0,100.0,22,10,10,10,0,0,0,Medium,11,94,60,Advanced
2805,30,25,5,83.33,28,9,10,6,1,0,4,Medium,6,70,47,Intermediate
2806,30,13,17,43.33,36,10,5,0,0,5,12,Easy,4,62,20,Beginner
2807,30,25,5,83.33,41,9,7,9,1,3,1,Medium,10,66,50,Intermediate
2808,30,26,4,86.67,29,10,9,7,0,1,3,Medium,14,97,49,Advanced
2809,30,22,8,73.33,20,10,10,2,0,0,8,Medium,14,75,36,Advanced
2810,30,12,18,40.0,41,9,5,0,1,5,12,Easy,3,69,19,Beginner
2811,30,20,10,66.67,45,8,3,9,2,7,1,Easy,4,43,41,Beginner
2812,30,20,10,66.67,54,8,3,9,2,7,1,Easy,3,59,41,Beginner
2813,30,20,10,66.67,24,10,10,0,0,0,10,Medium,8,52,30,Intermediate
2814,30,29,1,96.67,16,10,9,10,0,1,0,Medium,15,72,58,Advanced
2815,30,13,17,43.33,51,9,6,0,1,4,12,Easy,3,41,21,Beginner
2816,30,20,10,66.67,54,7,6,7,3,4,3,Medium,6,63,40,Beginner
2817,30,26,4,86.67,22,9,7,10,1,3,0,Hard,8,57,53,Intermediate
2818,30,24,6,80.0,32,8,8,8,2,2,2,Hard,8,51,48,Intermediate
2819,30,23,7,76.67,22,9,10,4,1,0,6,Medium,5,72,41,Intermediate
2820,30,27,3,90.0,32,10,10,7,0,0,3,Medium,11,96,51,Advanced
2821,30,14,16,46.67,43,7,4,3,3,6,7,Medium,5,66,24,Beginner
2822,30,19,11,63.33,23,8,9,2,2,1,8,Medium,8,57,32,Intermediate
2823,30,13,17,43.33,54,7,3,3,3,7,7,Medium,6,68,22,Beginner
2824,30,23,7,76.67,42,10,8,5,0,2,5,Easy,8,66,41,Intermediate
2825,30,16,14,53.33,47,6,6,4,4,4,6,Medium,4,61,30,Beginner
2826,30,16,14,53.33,42,8,6,2,2,4,8,Medium,6,52,26,Beginner
2827,30,19,11,63.33,42,10,8,1,0,2,9,Medium,5,82,29,Intermediate
2828,30,28,2,93.33,22,10,8,10,0,2,0,Hard,13,98,56,Advanced
2829,30,26,4,86.67,23,9,9,8,1,1,2,Easy,7,82,51,Intermediate
2830,30,17,13,56.67,23,8,8,1,2,2,9,Easy,8,63,27,Intermediate
2831,30,18,12,60.0,22,8,10,0,2,0,10,Hard,6,68,28,Intermediate
2832,30,18,12,60.0,28,10,9,0,0,1,11,Easy,4,75,28,Intermediate
2833,30,16,14,53.33,56,7,4,5,3,6,5,Easy,5,58,30,Beginner
2834,30,27,3,90.0,28,10,9,8,0,1,2,Hard,11,71,52,Advanced
2835,30,26,4,86.67,39,8,9,9,2,1,1,Medium,10,62,53,Intermediate
2836,30,14,16,46.67,57,8,5,1,2,5,9,Medium,6,44,21,Beginner
2837,30,28,2,93.33,23,10,10,8,0,0,2,Hard,10,82,54,Advanced
2838,30,28,2,93.33,16,10,8,10,0,2,0,Medium,14,81,56,Advanced
2839,30,24,6,80.0,35,10,10,4,0,0,6,Easy,4,55,42,Intermediate
2840,30,12,18,40.0,50,10,6,0,0,4,14,Medium,2,47,22,Beginner
2841,30,23,7,76.67,26,10,9,4,0,1,6,Easy,5,80,40,Intermediate
2842,30,25,5,83.33,26,10,8,7,0,2,3,Medium,12,80,47,Advanced
2843,30,19,11,63.33,57,8,5,6,2,5,4,Easy,3,65,36,Beginner
2844,30,28,2,93.33,16,10,10,8,0,0,2,Medium,14,71,54,Advanced
2845,30,26,4,86.67,22,10,8,8,0,2,2,Hard,9,83,50,Intermediate
2846,30,25,5,83.33,20,10,8,7,0,2,3,Hard,9,98,47,Advanced
2847,30,18,12,60.0,30,9,9,0,1,1,10,Easy,5,81,27,Intermediate
2848,30,19,11,63.33,48,9,6,4,1,4,6,Medium,6,40,33,Beginner
2849,30,24,6,80.0,22,10,10,4,0,0,6,Medium,9,75,42,Advanced
2850,30,25,5,83.33,42,10,10,5,0,0,5,Easy,5,77,45,Intermediate
2851,30,22,8,73.33,39,8,7,7,2,3,3,Hard,10,68,43,Intermediate
2852,30,15,15,50.0,36,6,4,5,4,6,5,Easy,4,46,29,Beginner
2853,30,22,8,73.33,29,10,7,5,0,3,5,Easy,10,57,39,Intermediate
2854,30,26,4,86.67,32,9,10,7,1,0,3,Hard,5,84,50,Intermediate
2855,30,16,14,53.33,37,6,3,7,4,7,3,Easy,7,49,33,Beginner
2856,30,21,9,70.0,31,9,8,4,1,2,6,Hard,9,52,37,Intermediate
2857,30,13,17,43.33,46,6,5,2,4,5,8,Medium,2,38,22,Beginner
2858,30,19,11,63.33,39,10,8,1,0,2,9,Easy,10,60,29,Intermediate
2859,30,20,10,66.67,31,9,8,3,1,2,7,Hard,4,78,34,Intermediate
2860,30,27,3,90.0,29,10,8,9,0,2,1,Medium,14,99,53,Advanced
2861,30,28,2,93.33,24,10,10,8,0,0,2,Medium,14,87,54,Advanced
2862,30,17,13,56.67,38,7,6,4,3,4,6,Medium,6,55,31,Beginner
2863,30,17,13,56.67,26,9,10,0,1,0,12,Medium,10,59,29,Intermediate
2864,30,23,7,76.67,29,10,10,3,0,0,7,Medium,14,100,39,Advanced
2865,30,15,15,50.0,37,8,4,3,2,6,7,Easy,2,37,25,Beginner
2866,30,20,10,66.67,34,9,7,4,1,3,6,Medium,4,63,35,Intermediate
2867,30,25,5,83.33,15,10,8,7,0,2,3,Medium,10,98,47,Advanced
2868,30,22,8,73.33,35,10,10,2,0,0,8,Medium,9,85,36,Intermediate
2869,30,22,8,73.33,26,10,10,2,0,0,8,Hard,14,96,36,Advanced
2870,30,17,13,56.67,33,8,8,1,2,2,9,Medium,5,69,27,Intermediate
2871,30,13,17,43.33,55,8,5,0,2,5,10,Medium,3,58,18,Beginner
2872,30,21,9,70.0,26,9,7,5,1,3,5,Hard,4,76,38,Intermediate
2873,30,26,4,86.67,22,10,8,8,0,2,2,Medium,4,55,50,Intermediate
2874,30,18,12,60.0,34,10,9,0,0,1,11,Hard,5,79,28,Intermediate
2875,30,19,11,63.33,41,9,9,1,1,1,9,Hard,7,61,30,Intermediate
2876,30,14,16,46.67,47,9,5,0,1,5,10,Medium,3,49,19,Beginner
2877,30,30,0,100.0,22,10,9,11,0,1,0,Medium,11,99,61,Advanced
2878,30,23,7,76.67,19,10,9,4,0,1,6,Hard,12,75,40,Advanced
2879,30,25,5,83.33,23,10,10,5,0,0,5,Medium,10,95,45,Advanced
2880,30,22,8,73.33,39,9,10,3,1,0,7,Medium,10,58,38,Intermediate
2881,30,26,4,86.67,34,10,7,9,0,3,1,Easy,7,79,51,Intermediate
2882,30,22,8,73.33,16,10,8,4,0,2,6,Hard,7,95,38,Advanced
2883,30,20,10,66.67,30,9,10,1,1,0,9,Hard,6,83,32,Intermediate
2884,30,23,7,76.67,18,10,8,5,0,2,5,Hard,15,75,41,Advanced
2885,30,30,0,100.0,19,10,8,12,0,2,0,Hard,15,79,62,Advanced
2886,30,20,10,66.67,30,9,8,3,1,2,7,Easy,10,50,34,Intermediate
2887,30,21,9,70.0,32,10,8,3,0,2,7,Easy,4,59,35,Intermediate
2888,30,26,4,86.67,31,10,8,8,0,2,2,Hard,10,73,50,Intermediate
2889,30,24,6,80.0,39,9,7,8,1,3,2,Easy,10,74,47,Intermediate
2890,30,15,15,50.0,50,9,4,2,1,6,8,Easy,5,50,23,Beginner
2891,30,20,10,66.67,47,8,3,9,2,7,1,Medium,5,68,41,Beginner
2892,30,21,9,70.0,30,10,7,4,0,3,6,Hard,7,51,36,Intermediate
2893,30,22,8,73.33,42,10,9,3,0,1,7,Easy,8,83,37,Intermediate
2894,30,30,0,100.0,23,10,9,11,0,1,0,Hard,10,91,61,Advanced
2895,30,15,15,50.0,35,8,3,4,2,7,6,Easy,3,57,26,Beginner
2896,30,24,6,80.0,39,8,8,8,2,2,2,Easy,5,84,48,Intermediate
2897,30,21,9,70.0,27,8,10,3,2,0,7,Hard,9,83,37,Intermediate
2898,30,24,6,80.0,27,10,10,4,0,0,6,Medium,14,81,42,Advanced
2899,30,22,8,73.33,25,9,8,5,1,2,5,Easy,7,54,40,Intermediate
2900,30,25,5,83.33,32,10,9,6,0,1,4,Hard,15,77,46,Advanced
2901,30,17,13,56.67,56,6,5,6,4,5,4,Medium,7,43,34,Beginner
2902,30,17,13,56.67,30,10,10,0,0,0,13,Hard,7,69,30,Intermediate
2903,30,24,6,80.0,29,10,9,5,0,1,5,Medium,10,65,43,Intermediate
2904,30,25,5,83.33,41,10,9,6,0,1,4,Medium,6,70,46,Intermediate
2905,30,25,5,83.33,23,10,10,5,0,0,5,Medium,14,91,45,Advanced
2906,30,23,7,76.67,32,10,10,3,0,0,7,Hard,13,96,39,Advanced
2907,30,14,16,46.67,50,8,6,0,2,4,10,Easy,3,36,20,Beginner
2908,30,28,2,93.33,24,10,10,8,0,0,2,Medium,9,85,54,Advanced
2909,30,29,1,96.67,21,10,10,9,0,0,1,Medium,10,73,57,Advanced
2910,30,24,6,80.0,26,10,10,4,0,0,6,Medium,7,72,42,Advanced
2911,30,25,5,83.33,24,8,9,8,2,1,2,Hard,4,68,50,Intermediate
2912,30,14,16,46.67,42,8,6,0,2,4,10,Medium,5,52,20,Beginner
2913,30,23,7,76.67,29,8,10,5,2,0,5,Easy,4,78,43,Intermediate
2914,30,26,4,86.67,28,10,10,6,0,0,4,Medium,11,80,48,Advanced
2915,30,30,0,100.0,26,10,9,11,0,1,0,Hard,15,96,61,Advanced
2916,30,18,12,60.0,34,10,8,0,0,2,10,Easy,9,55,26,Intermediate
2917,30,18,12,60.0,27,10,9,0,0,1,11,Hard,9,53,28,Intermediate
2918,30,17,13,56.67,40,9,9,0,1,1,11,Hard,5,52,27,Intermediate
2919,30,20,10,66.67,34,9,9,2,1,1,8,Medium,10,80,33,Intermediate
2920,30,23,7,76.67,39,8,9,6,2,1,4,Medium,9,64,44,Intermediate
2921,30,18,12,60.0,38,8,10,0,2,0,10,Hard,5,69,28,Intermediate
2922,30,30,0,100.0,30,10,9,11,0,1,0,Hard,13,99,61,Advanced
2923,30,30,0,100.0,23,10,8,12,0,2,0,Medium,15,89,62,Advanced
2924,30,19,11,63.33,23,10,8,1,0,2,9,Easy,5,71,29,Intermediate
2925,30,25,5,83.33,25,10,10,5,0,0,5,Hard,11,97,45,Advanced
2926,30,21,9,70.0,30,10,9,2,0,1,8,Hard,9,84,34,Intermediate
2927,30,25,5,83.33,29,10,9,6,0,1,4,Hard,15,84,46,Advanced
2928,30,14,16,46.67,57,8,6,0,2,4,10,Medium,5,37,20,Beginner
2929,30,16,14,53.33,49,7,3,6,3,7,4,Medium,2,39,31,Beginner
2930,30,24,6,80.0,29,10,9,5,0,1,5,Hard,13,95,43,Advanced
2931,30,23,7,76.67,42,8,9,6,2,1,4,Easy,10,55,44,Intermediate
2932,30,12,18,40.0,36,8,5,0,2,5,11,Easy,4,50,18,Beginner
2933,30,29,1,96.67,29,10,10,9,0,0,1,Medium,14,99,57,Advanced
2934,30,30,0,100.0,19,10,8,12,0,2,0,Hard,12,78,62,Advanced
2935,30,18,12,60.0,37,7,3,8,3,7,2,Easy,2,41,37,Beginner
2936,30,12,18,40.0,37,9,5,0,1,5,12,Easy,3,58,19,Beginner
2937,30,26,4,86.67,15,10,8,8,0,2,2,Medium,12,72,50,Advanced
2938,30,14,16,46.67,44,8,3,3,2,7,7,Easy,5,46,23,Beginner
2939,30,22,8,73.33,16,10,8,4,0,2,6,Medium,13,71,38,Advanced
2940,30,24,6,80.0,36,8,9,7,2,1,3,Easy,10,54,47,Intermediate
2941,30,17,13,56.67,34,9,8,0,1,2,10,Easy,8,64,25,Intermediate
2942,30,22,8,73.33,37,8,9,5,2,1,5,Hard,6,64,41,Intermediate
2943,30,23,7,76.67,31,9,10,4,1,0,6,Easy,9,59,41,Intermediate
2944,30,22,8,73.33,17,10,9,3,0,1,7,Medium,9,92,37,Advanced
2945,30,16,14,53.33,58,6,3,7,4,7,3,Easy,6,46,33,Beginner
2946,30,12,18,40.0,38,6,5,1,4,5,9,Easy,4,63,19,Beginner
2947,30,19,11,63.33,25,9,10,0,1,0,10,Hard,8,80,29,Intermediate
2948,30,16,14,53.33,58,8,3,5,2,7,5,Easy,2,62,29,Beginner
2949,30,22,8,73.33,17,10,10,2,0,0,8,Hard,12,88,36,Advanced
2950,30,22,8,73.33,34,8,10,4,2,0,6,Medium,7,80,40,Intermediate
2951,30,19,11,63.33,57,7,5,7,3,5,3,Medium,2,69,38,Beginner
2952,30,23,7,76.67,23,9,10,4,1,0,6,Medium,7,71,41,Intermediate
2953,30,12,18,40.0,58,8,4,0,2,6,10,Easy,4,45,16,Beginner
2954,30,12,18,40.0,52,6,6,0,4,4,10,Easy,5,60,18,Beginner
2955,30,20,10,66.67,40,9,3,8,1,7,2,Medium,6,37,39,Beginner
2956,30,20,10,66.67,36,9,4,7,1,6,3,Easy,5,60,38,Beginner
2957,30,13,17,43.33,48,8,6,0,2,4,11,Medium,7,53,20,Beginner
2958,30,20,10,66.67,57,9,3,8,1,7,2,Easy,3,50,39,Beginner
2959,30,19,11,63.33,47,8,5,6,2,5,4,Easy,2,57,36,Beginner
2960,30,17,13,56.67,25,10,8,0,0,2,11,Easy,8,68,26,Intermediate
2961,30,23,7,76.67,19,10,10,3,0,0,7,Medium,12,77,39,Advanced
2962,30,28,2,93.33,17,10,9,9,0,1,1,Hard,7,78,55,Advanced
2963,30,14,16,46.67,53,7,5,2,3,5,8,Easy,3,54,23,Beginner
2964,30,23,7,76.67,26,10,9,4,0,1,6,Hard,12,85,40,Advanced
2965,30,12,18,40.0,47,10,4,0,0,6,12,Easy,2,62,18,Beginner
2966,30,12,18,40.0,48,6,5,1,4,5,9,Medium,6,44,19,Beginner
2967,30,23,7,76.67,29,10,7,6,0,3,4,Hard,8,61,42,Intermediate
2968,30,18,12,60.0,25,10,9,0,0,1,11,Medium,10,73,28,Intermediate
2969,30,14,16,46.67,51,8,5,1,2,5,9,Medium,3,45,21,Beginner
2970,30,18,12,60.0,54,10,5,3,0,5,7,Medium,4,51,29,Beginner
2971,30,20,10,66.67,26,9,9,2,1,1,8,Hard,7,74,33,Intermediate
2972,30,25,5,83.33,31,10,7,8,0,3,2,Easy,9,61,48,Intermediate
2973,30,16,14,53.33,40,7,6,3,3,4,7,Medium,4,62,28,Beginner
2974,30,24,6,80.0,30,9,7,8,1,3,2,Easy,4,62,47,Intermediate
2975,30,22,8,73.33,35,8,7,7,2,3,3,Medium,7,76,43,Intermediate
2976,30,23,7,76.67,16,10,9,4,0,1,6,Medium,10,88,40,Advanced
2977,30,21,9,70.0,31,8,8,5,2,2,5,Medium,10,55,39,Intermediate
2978,30,18,12,60.0,22,8,8,2,2,2,8,Medium,5,70,30,Intermediate
2979,30,21,9,70.0,42,9,9,3,1,1,7,Medium,9,60,36,Intermediate
2980,30,19,11,63.33,36,8,9,2,2,1,8,Easy,4,63,32,Intermediate
2981,30,21,9,70.0,40,9,8,4,1,2,6,Hard,8,79,37,Intermediate
2982,30,19,11,63.33,42,9,9,1,1,1,9,Hard,6,79,30,Intermediate
2983,30,17,13,56.67,56,8,5,4,2,5,6,Easy,6,68,30,Beginner
2984,30,19,11,63.33,23,8,8,3,2,2,7,Medium,7,60,33,Intermediate
2985,30,26,4,86.67,29,8,8,10,2,2,0,Easy,8,61,54,Intermediate
2986,30,20,10,66.67,33,9,8,3,1,2,7,Medium,5,84,34,Intermediate
2987,30,30,0,100.0,27,10,9,11,0,1,0,Medium,8,72,61,Advanced
2988,30,22,8,73.33,27,10,9,3,0,1,7,Medium,12,96,37,Advanced
2989,30,19,11,63.33,56,6,3,10,4,7,0,Easy,5,64,42,Beginner
2990,30,12,18,40.0,45,10,6,0,0,4,14,Easy,7,63,22,Beginner
2991,30,16,14,53.33,49,6,3,7,4,7,3,Medium,7,69,33,Beginner
2992,30,17,13,56.67,40,9,10,0,1,0,12,Easy,9,71,29,Intermediate
2993,30,13,17,43.33,57,8,5,0,2,5,10,Easy,4,39,18,Beginner
2994,30,21,9,70.0,33,8,10,3,2,0,7,Easy,9,52,37,Intermediate
2995,30,24,6,80.0,16,10,9,5,0,1,5,Hard,12,82,43,Advanced
2996,30,17,13,56.67,24,8,10,0,2,0,11,Hard,5,78,28,Intermediate
2997,30,12,18,40.0,35,8,4,0,2,6,10,Easy,7,69,16,Beginner
2998,30,23,7,76.67,35,10,10,3,0,0,7,Easy,6,77,39,Intermediate
2999,30,24,6,80.0,25,10,8,6,0,2,4,Medium,13,85,44,Advanced
3000,30,22,8,73.33,32,8,9,5,2,1,5,Easy,9,72,41,Intermediate
3001,30,27,3,90.0,16,10,9,8,0,1,2,Hard,11,92,52,Advanced
3002,30,30,0,100.0,17,10,10,10,0,0,0,Medium,12,74,60,Advanced
3003,30,23,7,76.67,37,10,9,4,0,1,6,Hard,9,83,40,Intermediate
3004,30,24,6,80.0,30,9,7,8,1,3,2,Easy,10,83,47,Intermediate
3005,30,30,0,100.0,17,10,8,12,0,2,0,Hard,9,73,62,Advanced
3006,30,17,13,56.67,31,8,8,1,2,2,9,Hard,7,82,27,Intermediate
3007,30,12,18,40.0,37,7,3,2,3,7,8,Easy,7,42,19,Beginner
3008,30,27,3,90.0,27,10,10,7,0,0,3,Hard,14,70,51,Advanced
3009,30,30,0,100.0,17,10,10,10,0,0,0,Hard,15,94,60,Advanced
3010,30,22,8,73.33,30,10,10,2,0,0,8,Medium,8,88,36,Advanced
3011,30,22,8,73.33,35,10,10,2,0,0,8,Easy,5,83,36,Intermediate
3012,30,26,4,86.67,42,8,10,8,2,0,2,Medium,6,67,52,Intermediate
3013,30,30,0,100.0,16,10,8,12,0,2,0,Medium,12,87,62,Advanced
3014,30,24,6,80.0,21,10,9,5,0,1,5,Medium,11,87,43,Advanced
3015,30,18,12,60.0,34,8,8,2,2,2,8,Hard,8,57,30,Intermediate
3016,30,14,16,46.67,46,8,4,2,2,6,8,Medium,4,57,22,Beginner
3017,30,30,0,100.0,21,10,10,10,0,0,0,Medium,8,93,60,Advanced
3018,30,29,1,96.67,17,10,8,11,0,2,0,Hard,9,78,59,Advanced
3019,30,16,14,53.33,59,10,6,0,0,4,10,Easy,7,38,22,Beginner
3020,30,18,12,60.0,30,8,7,3,2,3,7,Hard,10,66,31,Intermediate
3021,30,20,10,66.67,32,8,7,5,2,3,5,Hard,5,67,37,Intermediate
3022,30,19,11,63.33,40,10,8,1,0,2,9,Easy,6,76,29,Intermediate
3023,30,16,14,53.33,44,7,6,3,3,4,7,Easy,7,37,28,Beginner
3024,30,22,8,73.33,27,10,10,2,0,0,8,Hard,13,95,36,Advanced
3025,30,21,9,70.0,29,9,9,3,1,1,7,Medium,6,60,36,Intermediate
3026,30,18,12,60.0,40,9,7,2,1,3,8,Hard,4,78,29,Intermediate
3027,30,22,8,73.33,30,10,8,4,0,2,6,Hard,13,81,38,Advanced
3028,30,18,12,60.0,22,8,10,0,2,0,10,Easy,10,51,28,Intermediate
3029,30,12,18,40.0,36,7,4,1,3,6,9,Easy,5,53,18,Beginner
3030,30,28,2,93.33,19,10,8,10,0,2,0,Medium,11,86,56,Advanced
3031,30,12,18,40.0,35,7,4,1,3,6,9,Easy,4,49,18,Beginner
3032,30,18,12,60.0,37,8,10,0,2,0,10,Easy,8,85,28,Intermediate
3033,30,25,5,83.33,42,10,8,7,0,2,3,Easy,7,71,47,Intermediate
3034,30,17,13,56.67,50,10,3,4,0,7,6,Easy,6,62,28,Beginner
3035,30,24,6,80.0,42,10,10,4,0,0,6,Hard,8,57,42,Intermediate
3036,30,25,5,83.33,31,10,9,6,0,1,4,Hard,7,79,46,Advanced
3037,30,23,7,76.67,41,10,10,3,0,0,7,Easy,5,71,39,Intermediate
3038,30,25,5,83.33,42,10,10,5,0,0,5,Easy,5,80,45,Intermediate
3039,30,28,2,93.33,16,10,9,9,0,1,1,Hard,9,81,55,Advanced
3040,30,22,8,73.33,36,9,8,5,1,2,5,Easy,4,68,40,Intermediate
3041,30,22,8,73.33,18,10,9,3,0,1,7,Medium,12,80,37,Advanced
3042,30,17,13,56.67,52,6,6,5,4,4,5,Easy,3,53,33,Beginner
3043,30,30,0,100.0,21,10,9,11,0,1,0,Medium,9,85,61,Advanced
3044,30,25,5,83.33,30,10,9,6,0,1,4,Hard,8,82,46,Advanced
3045,30,18,12,60.0,39,6,4,8,4,6,2,Easy,2,55,38,Beginner
3046,30,27,3,90.0,30,10,9,8,0,1,2,Medium,11,91,52,Advanced
3047,30,16,14,53.33,54,9,3,4,1,7,6,Easy,5,68,27,Beginner
3048,30,18,12,60.0,22,10,8,0,0,2,10,Hard,4,54,26,Intermediate
3049,30,25,5,83.33,25,10,10,5,0,0,5,Medium,10,81,45,Intermediate
3050,30,26,4,86.67,27,8,9,9,2,1,1,Easy,6,65,53,Intermediate
3051,30,23,7,76.67,38,10,7,6,0,3,4,Easy,9,68,42,Intermediate
3052,30,19,11,63.33,32,10,8,1,0,2,9,Hard,8,83,29,Intermediate
3053,30,18,12,60.0,60,6,5,7,4,5,3,Easy,7,57,37,Beginner
3054,30,14,16,46.67,46,7,3,4,3,7,6,Easy,4,54,25,Beginner
3055,30,25,5,83.33,22,10,8,7,0,2,3,Easy,9,61,47,Intermediate
3056,30,27,3,90.0,30,10,8,9,0,2,1,Hard,12,75,53,Advanced
3057,30,26,4,86.67,34,8,9,9,2,1,1,Hard,8,66,53,Intermediate
3058,30,26,4,86.67,24,9,10,7,1,0,3,Medium,5,72,50,Intermediate
3059,30,19,11,63.33,41,10,4,5,0,6,5,Medium,6,55,33,Beginner
3060,30,19,11,63.33,31,10,8,1,0,2,9,Hard,6,78,29,Intermediate
3061,30,26,4,86.67,29,8,9,9,2,1,1,Easy,9,79,53,Intermediate
3062,30,29,1,96.67,20,10,9,10,0,1,0,Medium,13,77,58,Advanced
3063,30,18,12,60.0,42,9,9,0,1,1,10,Easy,5,65,27,Intermediate
3064,30,25,5,83.33,24,9,9,7,1,1,3,Easy,5,60,48,Intermediate
3065,30,25,5,83.33,18,10,10,5,0,0,5,Hard,9,79,45,Advanced
3066,30,21,9,70.0,27,10,10,1,0,0,9,Easy,6,80,33,Intermediate
3067,30,25,5,83.33,26,10,9,6,0,1,4,Hard,8,99,46,Advanced
3068,30,19,11,63.33,60,8,3,8,2,7,2,Easy,6,48,38,Beginner
3069,30,22,8,73.33,33,8,10,4,2,0,6,Hard,6,52,40,Intermediate
3070,30,24,6,80.0,40,8,8,8,2,2,2,Hard,4,67,48,Intermediate
3071,30,22,8,73.33,28,10,9,3,0,1,7,Medium,9,88,37,Advanced
3072,30,18,12,60.0,33,9,10,0,1,0,11,Hard,7,84,29,Intermediate
3073,30,24,6,80.0,39,9,10,5,1,0,5,Hard,10,56,44,Intermediate
3074,30,26,4,86.67,23,10,10,6,0,0,4,Hard,6,57,48,Intermediate
3075,30,23,7,76.67,42,9,10,4,1,0,6,Hard,10,85,41,Intermediate
3076,30,20,10,66.67,52,9,6,5,1,4,5,Medium,4,57,36,Beginner
3077,30,23,7,76.67,16,10,8,5,0,2,5,Hard,9,85,41,Advanced
3078,30,13,17,43.33,44,8,3,2,2,7,8,Easy,3,48,20,Beginner
3079,30,17,13,56.67,33,10,7,0,0,3,10,Easy,10,68,24,Intermediate
3080,30,25,5,83.33,38,8,10,7,2,0,3,Hard,5,68,49,Intermediate
3081,30,17,13,56.67,35,9,10,0,1,0,12,Hard,8,51,29,Intermediate
3082,30,15,15,50.0,57,6,4,5,4,6,5,Easy,2,35,29,Beginner
3083,30,29,1,96.67,16,10,9,10,0,1,0,Medium,15,71,58,Advanced
3084,30,19,11,63.33,29,9,7,3,1,3,7,Medium,8,77,32,Intermediate
3085,30,23,7,76.67,25,10,8,5,0,2,5,Hard,4,77,41,Intermediate
3086,30,25,5,83.33,20,10,10,5,0,0,5,Hard,9,97,45,Advanced
3087,30,22,8,73.33,27,10,7,5,0,3,5,Hard,10,71,39,Intermediate
3088,30,28,2,93.33,28,10,10,8,0,0,2,Hard,9,96,54,Advanced
3089,30,24,6,80.0,18,10,10,4,0,0,6,Medium,13,92,42,Advanced
3090,30,14,16,46.67,48,7,3,4,3,7,6,Easy,4,42,25,Beginner
3091,30,26,4,86.67,29,8,7,11,2,3,0,Hard,7,83,55,Intermediate
3092,30,12,18,40.0,57,6,6,0,4,4,10,Easy,6,47,18,Beginner
3093,30,23,7,76.67,22,10,8,5,0,2,5,Medium,10,91,41,Advanced
3094,30,17,13,56.67,39,10,8,0,0,2,11,Hard,4,73,26,Intermediate
3095,30,16,14,53.33,47,7,5,4,3,5,6,Easy,2,40,29,Beginner
3096,30,30,0,100.0,31,10,9,11,0,1,0,Hard,14,76,61,Advanced
3097,30,17,13,56.67,55,10,3,4,0,7,6,Medium,5,68,28,Beginner
3098,30,25,5,83.33,30,10,10,5,0,0,5,Medium,9,76,45,Advanced
3099,30,24,6,80.0,38,8,7,9,2,3,1,Easy,8,75,49,Intermediate
3100,30,25,5,83.33,25,8,7,10,2,3,0,Medium,8,74,52,Intermediate
3101,30,18,12,60.0,33,10,8,0,0,2,10,Easy,6,52,26,Intermediate
3102,30,18,12,60.0,38,10,4,4,0,6,6,Medium,6,45,30,Beginner
3103,30,16,14,53.33,52,9,3,4,1,7,6,Medium,2,54,27,Beginner
3104,30,13,17,43.33,43,10,3,0,0,7,10,Medium,5,35,16,Beginner
3105,30,27,3,90.0,20,10,8,9,0,2,1,Hard,14,98,53,Advanced
3106,30,20,10,66.67,51,6,5,9,4,5,1,Easy,5,38,43,Beginner
3107,30,24,6,80.0,29,10,9,5,0,1,5,Medium,12,93,43,Advanced
3108,30,17,13,56.67,37,7,6,4,3,4,6,Medium,7,65,31,Beginner
3109,30,18,12,60.0,37,6,3,9,4,7,1,Medium,3,45,39,Beginner
3110,30,23,7,76.67,16,10,10,3,0,0,7,Medium,12,100,39,Advanced
3111,30,12,18,40.0,60,7,6,0,3,4,11,Easy,4,65,19,Beginner
3112,30,23,7,76.67,32,10,10,3,0,0,7,Hard,8,82,39,Advanced
3113,30,19,11,63.33,52,10,5,4,0,5,6,Medium,5,66,32,Beginner
3114,30,14,16,46.67,48,7,6,1,3,4,9,Medium,5,70,22,Beginner
3115,30,27,3,90.0,16,10,9,8,0,1,2,Medium,11,83,52,Advanced
3116,30,20,10,66.67,31,9,7,4,1,3,6,Easy,5,62,35,Intermediate
3117,30,17,13,56.67,36,6,6,5,4,4,5,Medium,6,65,33,Beginner
3118,30,25,5,83.33,22,10,8,7,0,2,3,Medium,11,77,47,Advanced
3119,30,21,9,70.0,28,8,8,5,2,2,5,Medium,9,77,39,Intermediate
3120,30,26,4,86.67,35,9,9,8,1,1,2,Medium,10,66,51,Intermediate
3121,30,24,6,80.0,33,9,9,6,1,1,4,Easy,6,59,45,Intermediate
3122,30,21,9,70.0,27,8,7,6,2,3,4,Hard,6,54,40,Intermediate
3123,30,22,8,73.33,16,10,10,2,0,0,8,Medium,12,84,36,Advanced
3124,30,23,7,76.67,17,10,9,4,0,1,6,Medium,12,96,40,Advanced
3125,30,24,6,80.0,28,10,10,4,0,0,6,Hard,13,85,42,Advanced
3126,30,28,2,93.33,29,10,8,10,0,2,0,Medium,10,85,56,Advanced
3127,30,26,4,86.67,39,8,8,10,2,2,0,Hard,10,59,54,Intermediate
3128,30,16,14,53.33,60,6,5,5,4,5,5,Medium,2,54,31,Beginner
3129,30,20,10,66.67,38,9,9,2,1,1,8,Easy,6,55,33,Intermediate
3130,30,22,8,73.33,37,9,8,5,1,2,5,Medium,6,83,40,Intermediate
3131,30,19,11,63.33,47,6,5,8,4,5,2,Medium,6,62,40,Beginner
3132,30,24,6,80.0,28,10,8,6,0,2,4,Hard,10,78,44,Advanced
3133,30,29,1,96.67,27,10,8,11,0,2,0,Hard,10,88,59,Advanced
3134,30,25,5,83.33,28,10,10,5,0,0,5,Hard,14,97,45,Advanced
3135,30,19,11,63.33,35,8,8,3,2,2,7,Medium,8,57,33,Intermediate
3136,30,25,5,83.33,38,9,10,6,1,0,4,Medium,4,68,47,Intermediate
3137,30,18,12,60.0,34,8,7,3,2,3,7,Easy,6,59,31,Intermediate
3138,30,17,13,56.67,48,10,5,2,0,5,8,Medium,6,69,26,Beginner
3139,30,14,16,46.67,45,7,3,4,3,7,6,Medium,5,67,25,Beginner
3140,30,22,8,73.33,27,10,9,3,0,1,7,Hard,14,100,37,Advanced
3141,30,24,6,80.0,15,10,10,4,0,0,6,Hard,12,77,42,Advanced
3142,30,17,13,56.67,42,9,10,0,1,0,12,Easy,10,69,29,Intermediate
3143,30,13,17,43.33,45,10,3,0,0,7,10,Easy,7,68,16,Beginner
3144,30,23,7,76.67,20,10,10,3,0,0,7,Hard,14,86,39,Advanced
3145,30,25,5,83.33,21,10,9,6,0,1,4,Hard,15,89,46,Advanced
3146,30,28,2,93.33,29,10,8,10,0,2,0,Medium,15,98,56,Advanced
3147,30,19,11,63.33,41,8,7,4,2,3,6,Easy,8,71,34,Intermediate
3148,30,19,11,63.33,46,8,3,8,2,7,2,Medium,3,47,38,Beginner
3149,30,15,15,50.0,43,8,3,4,2,7,6,Easy,4,67,26,Beginner
3150,30,19,11,63.33,58,6,4,9,4,6,1,Medium,5,38,41,Beginner
3151,30,22,8,73.33,25,8,10,4,2,0,6,Easy,5,75,40,Intermediate
3152,30,16,14,53.33,53,9,6,1,1,4,9,Medium,5,35,24,Beginner
3153,30,20,10,66.67,40,6,4,10,4,6,0,Medium,4,64,44,Beginner
3154,30,24,6,80.0,19,10,9,5,0,1,5,Hard,9,83,43,Advanced
3155,30,19,11,63.33,26,10,7,2,0,3,8,Hard,4,56,30,Intermediate
3156,30,17,13,56.67,36,9,5,3,1,5,7,Medium,5,68,28,Beginner
3157,30,18,12,60.0,26,8,9,1,2,1,9,Medium,7,61,29,Intermediate
3158,30,16,14,53.33,53,8,3,5,2,7,5,Medium,2,57,29,Beginner
3159,30,23,7,76.67,33,9,8,6,1,2,4,Hard,10,66,43,Intermediate
3160,30,28,2,93.33,15,10,9,9,0,1,1,Medium,11,79,55,Advanced
3161,30,17,13,56.67,54,6,3,8,4,7,2,Medium,4,40,36,Beginner
3162,30,24,6,80.0,22,10,7,7,0,3,3,Easy,4,71,45,Intermediate
3163,30,25,5,83.33,24,10,10,5,0,0,5,Easy,5,65,45,Intermediate
3164,30,28,2,93.33,25,10,8,10,0,2,0,Hard,14,72,56,Advanced
3165,30,19,11,63.33,25,9,9,1,1,1,9,Hard,7,83,30,Intermediate
3166,30,21,9,70.0,31,10,8,3,0,2,7,Hard,7,55,35,Intermediate
3167,30,27,3,90.0,29,10,9,8,0,1,2,Medium,8,76,52,Advanced
3168,30,12,18,40.0,39,8,5,0,2,5,11,Medium,2,62,18,Beginner
3169,30,24,6,80.0,27,9,9,6,1,1,4,Easy,8,55,45,Intermediate
3170,30,24,6,80.0,29,10,8,6,0,2,4,Medium,14,86,44,Advanced
3171,30,12,18,40.0,48,9,6,0,1,4,13,Easy,2,68,21,Beginner
3172,30,25,5,83.33,35,9,10,6,1,0,4,Hard,8,70,47,Intermediate
3173,30,22,8,73.33,35,8,10,4,2,0,6,Medium,6,74,40,Intermediate
3174,30,15,15,50.0,41,7,5,3,3,5,7,Easy,6,69,26,Beginner
3175,30,29,1,96.67,16,10,10,9,0,0,1,Medium,10,95,57,Advanced
3176,30,22,8,73.33,22,10,9,3,0,1,7,Hard,6,66,37,Intermediate
3177,30,26,4,86.67,35,9,8,9,1,2,1,Hard,9,74,52,Intermediate
3178,30,23,7,76.67,36,10,7,6,0,3,4,Easy,8,84,42,Intermediate
3179,30,20,10,66.67,40,10,10,0,0,0,10,Medium,9,63,30,Intermediate
3180,30,28,2,93.33,17,10,8,10,0,2,0,Medium,11,77,56,Advanced
3181,30,16,14,53.33,55,7,5,4,3,5,6,Medium,5,40,29,Beginner
3182,30,18,12,60.0,30,9,7,2,1,3,8,Easy,6,75,29,Intermediate
3183,30,19,11,63.33,30,9,7,3,1,3,7,Hard,6,52,32,Intermediate
3184,30,14,16,46.67,48,10,6,0,0,4,12,Medium,2,66,22,Beginner
3185,30,24,6,80.0,40,9,9,6,1,1,4,Medium,10,51,45,Intermediate
3186,30,22,8,73.33,39,8,9,5,2,1,5,Hard,7,61,41,Intermediate
3187,30,30,0,100.0,29,10,10,10,0,0,0,Medium,11,80,60,Advanced
3188,30,28,2,93.33,24,10,9,9,0,1,1,Medium,7,75,55,Advanced
3189,30,23,7,76.67,16,10,8,5,0,2,5,Medium,12,93,41,Advanced
3190,30,17,13,56.67,55,8,3,6,2,7,4,Medium,2,59,32,Beginner
3191,30,16,14,53.33,51,7,4,5,3,6,5,Medium,7,60,30,Beginner
3192,30,18,12,60.0,41,9,8,1,1,2,9,Easy,6,66,28,Intermediate
3193,30,24,6,80.0,19,10,10,4,0,0,6,Medium,8,98,42,Advanced
3194,30,25,5,83.33,32,9,10,6,1,0,4,Hard,10,51,47,Intermediate
3195,30,30,0,100.0,21,10,8,12,0,2,0,Medium,7,99,62,Advanced
3196,30,19,11,63.33,22,10,10,0,0,0,11,Easy,6,76,30,Intermediate
3197,30,23,7,76.67,23,10,7,6,0,3,4,Hard,9,56,42,Intermediate
3198,30,23,7,76.67,23,9,9,5,1,1,5,Medium,8,84,42,Intermediate
3199,30,26,4,86.67,26,10,10,6,0,0,4,Hard,7,86,48,Advanced
3200,30,15,15,50.0,35,10,5,0,0,5,10,Easy,6,48,20,Beginner
3201,30,25,5,83.33,37,10,8,7,0,2,3,Easy,5,74,47,Intermediate
3202,30,22,8,73.33,20,10,9,3,0,1,7,Medium,10,93,37,Advanced
3203,30,25,5,83.33,25,10,10,5,0,0,5,Medium,7,75,45,Intermediate
3204,30,20,10,66.67,38,7,6,7,3,4,3,Medium,5,57,40,Beginner
3205,30,27,3,90.0,26,10,9,8,0,1,2,Hard,8,73,52,Advanced
3206,30,24,6,80.0,22,10,9,5,0,1,5,Medium,5,73,43,Intermediate
3207,30,26,4,86.67,25,10,9,7,0,1,3,Easy,6,76,49,Intermediate
3208,30,19,11,63.33,34,10,9,0,0,1,10,Medium,7,58,28,Intermediate
3209,30,26,4,86.67,27,10,7,9,0,3,1,Easy,5,79,51,Intermediate
3210,30,23,7,76.67,41,8,8,7,2,2,3,Medium,7,52,45,Intermediate
3211,30,23,7,76.67,29,10,8,5,0,2,5,Hard,4,83,41,Intermediate
3212,30,17,13,56.67,49,9,3,5,1,7,5,Medium,4,53,30,Beginner
3213,30,12,18,40.0,58,6,5,1,4,5,9,Medium,4,60,19,Beginner
3214,30,24,6,80.0,39,10,9,5,0,1,5,Easy,7,82,43,Intermediate
3215,30,24,6,80.0,21,10,10,4,0,0,6,Medium,7,90,42,Advanced
3216,30,25,5,83.33,25,10,7,8,0,3,2,Medium,7,65,48,Intermediate
3217,30,21,9,70.0,28,10,7,4,0,3,6,Easy,6,73,36,Intermediate
3218,30,18,12,60.0,43,9,3,6,1,7,4,Medium,4,62,33,Beginner
3219,30,21,9,70.0,36,8,8,5,2,2,5,Easy,5,73,39,Intermediate
3220,30,17,13,56.67,38,9,8,0,1,2,10,Medium,6,81,25,Intermediate
3221,30,29,1,96.67,25,10,10,9,0,0,1,Medium,9,81,57,Advanced
3222,30,17,13,56.67,52,9,3,5,1,7,5,Easy,5,63,30,Beginner
3223,30,12,18,40.0,42,10,3,0,0,7,11,Easy,3,45,16,Beginner
3224,30,15,15,50.0,43,8,3,4,2,7,6,Easy,7,45,26,Beginner
3225,30,15,15,50.0,51,7,6,2,3,4,8,Medium,4,62,25,Beginner
3226,30,22,8,73.33,22,8,7,7,2,3,3,Medium,9,53,43,Intermediate
3227,30,13,17,43.33,56,10,6,0,0,4,13,Easy,6,35,22,Beginner
3228,30,17,13,56.67,31,8,7,2,2,3,8,Medium,5,54,28,Intermediate
3229,30,25,5,83.33,23,10,7,8,0,3,2,Medium,5,80,48,Intermediate
3230,30,24,6,80.0,42,9,8,7,1,2,3,Medium,6,63,46,Intermediate
3231,30,24,6,80.0,31,8,8,8,2,2,2,Easy,4,75,48,Intermediate
3232,30,27,3,90.0,15,10,10,7,0,0,3,Hard,10,78,51,Advanced
3233,30,19,11,63.33,30,9,10,0,1,0,10,Medium,9,79,29,Intermediate
3234,30,28,2,93.33,22,10,9,9,0,1,1,Hard,11,97,55,Advanced
3235,30,14,16,46.67,42,8,3,3,2,7,7,Medium,2,47,23,Beginner
3236,30,19,11,63.33,35,8,10,1,2,0,9,Medium,4,53,31,Intermediate
3237,30,30,0,100.0,15,10,9,11,0,1,0,Hard,7,75,61,Advanced
3238,30,22,8,73.33,25,10,8,4,0,2,6,Hard,7,71,38,Advanced
3239,30,23,7,76.67,31,8,8,7,2,2,3,Easy,9,85,45,Intermediate
3240,30,18,12,60.0,22,9,9,0,1,1,10,Medium,4,56,27,Intermediate
3241,30,30,0,100.0,19,10,8,12,0,2,0,Hard,15,88,62,Advanced
3242,30,12,18,40.0,52,8,4,0,2,6,10,Medium,7,66,16,Beginner
3243,30,21,9,70.0,31,8,9,4,2,1,6,Medium,4,58,38,Intermediate
3244,30,13,17,43.33,59,6,6,1,4,4,9,Easy,7,64,21,Beginner
3245,30,17,13,56.67,32,9,8,0,1,2,10,Easy,6,79,25,Intermediate
3246,30,28,2,93.33,28,10,8,10,0,2,0,Hard,7,95,56,Advanced
3247,30,26,4,86.67,19,10,8,8,0,2,2,Medium,15,97,50,Advanced
3248,30,13,17,43.33,57,10,6,0,0,4,13,Medium,5,63,22,Beginner
3249,30,19,11,63.33,37,10,9,0,0,1,10,Medium,4,60,28,Intermediate
3250,30,23,7,76.67,25,10,9,4,0,1,6,Hard,15,85,40,Advanced
3251,30,19,11,63.33,58,7,5,7,3,5,3,Medium,6,49,38,Beginner
3252,30,27,3,90.0,17,10,9,8,0,1,2,Hard,13,80,52,Advanced
3253,30,17,13,56.67,56,10,5,2,0,5,8,Easy,7,37,26,Beginner
3254,30,26,4,86.67,36,10,10,6,0,0,4,Easy,10,55,48,Intermediate
3255,30,12,18,40.0,53,7,3,2,3,7,8,Easy,6,49,19,Beginner
3256,30,26,4,86.67,32,8,8,10,2,2,0,Easy,9,63,54,Intermediate
3257,30,19,11,63.33,40,10,10,0,0,0,11,Easy,10,64,30,Intermediate
3258,30,24,6,80.0,16,10,8,6,0,2,4,Hard,12,98,44,Advanced
3259,30,17,13,56.67,27,9,9,0,1,1,11,Medium,9,64,27,Intermediate
3260,30,12,18,40.0,50,10,3,0,0,7,11,Easy,5,40,16,Beginner
3261,30,26,4,86.67,18,10,8,8,0,2,2,Hard,8,91,50,Advanced
3262,30,19,11,63.33,31,10,9,0,0,1,10,Easy,10,55,28,Intermediate
3263,30,24,6,80.0,31,10,10,4,0,0,6,Medium,13,95,42,Advanced
3264,30,17,13,56.67,41,6,4,7,4,6,3,Easy,3,67,35,Beginner
3265,30,28,2,93.33,18,10,10,8,0,0,2,Hard,14,94,54,Advanced
3266,30,24,6,80.0,23,10,10,4,0,0,6,Medium,15,88,42,Advanced
3267,30,23,7,76.67,17,10,10,3,0,0,7,Medium,7,75,39,Advanced
3268,30,20,10,66.67,32,8,9,3,2,1,7,Medium,6,74,35,Intermediate
3269,30,18,12,60.0,38,10,10,0,0,0,12,Hard,7,63,30,Intermediate
3270,30,20,10,66.67,30,8,10,2,2,0,8,Medium,7,83,34,Intermediate
3271,30,15,15,50.0,59,10,6,0,0,4,11,Easy,3,63,22,Beginner
3272,30,27,3,90.0,16,10,9,8,0,1,2,Hard,8,77,52,Advanced
3273,30,26,4,86.67,24,10,10,6,0,0,4,Medium,11,84,48,Advanced
3274,30,23,7,76.67,37,9,7,7,1,3,3,Hard,8,70,44,Intermediate
3275,30,15,15,50.0,48,9,3,3,1,7,7,Medium,2,40,24,Beginner
3276,30,25,5,83.33,23,9,7,9,1,3,1,Medium,8,76,50,Intermediate
3277,30,15,15,50.0,40,7,5,3,3,5,7,Easy,2,45,26,Beginner
3278,30,19,11,63.33,36,8,10,1,2,0,9,Medium,7,73,31,Intermediate
3279,30,21,9,70.0,27,8,9,4,2,1,6,Easy,5,62,38,Intermediate
3280,30,22,8,73.33,23,10,8,4,0,2,6,Medium,13,78,38,Advanced
3281,30,29,1,96.67,17,10,9,10,0,1,0,Medium,14,94,58,Advanced
3282,30,15,15,50.0,37,6,6,3,4,4,7,Medium,4,68,27,Beginner
3283,30,13,17,43.33,44,10,4,0,0,6,11,Easy,4,36,18,Beginner
3284,30,16,14,53.33,51,6,6,4,4,4,6,Easy,3,53,30,Beginner
3285,30,22,8,73.33,28,10,9,3,0,1,7,Medium,9,75,37,Advanced
3286,30,13,17,43.33,43,7,5,1,3,5,9,Medium,6,52,20,Beginner
3287,30,17,13,56.67,60,10,4,3,0,6,7,Easy,3,57,27,Beginner
3288,30,29,1,96.67,21,10,10,9,0,0,1,Hard,12,71,57,Advanced
3289,30,23,7,76.67,33,10,10,3,0,0,7,Hard,7,52,39,Intermediate
3290,30,15,15,50.0,40,6,6,3,4,4,7,Easy,7,55,27,Beginner
3291,30,19,11,63.33,31,10,10,0,0,0,11,Medium,8,73,30,Intermediate
3292,30,20,10,66.67,60,10,6,4,0,4,6,Medium,4,45,34,Beginner
3293,30,29,1,96.67,26,10,8,11,0,2,0,Medium,15,76,59,Advanced
3294,30,16,14,53.33,59,10,6,0,0,4,10,Medium,2,50,22,Beginner
3295,30,19,11,63.33,48,7,4,8,3,6,2,Medium,7,54,39,Beginner
3296,30,22,8,73.33,32,10,8,4,0,2,6,Medium,14,86,38,Advanced
3297,30,23,7,76.67,29,9,8,6,1,2,4,Hard,8,56,43,Intermediate
3298,30,24,6,80.0,16,10,10,4,0,0,6,Medium,13,79,42,Advanced
3299,30,20,10,66.67,45,7,6,7,3,4,3,Easy,4,68,40,Beginner
3300,30,19,11,63.33,29,10,8,1,0,2,9,Medium,8,64,29,Intermediate
3301,30,17,13,56.67,55,6,3,8,4,7,2,Easy,7,47,36,Beginner
3302,30,26,4,86.67,22,8,7,11,2,3,0,Hard,6,85,55,Intermediate
3303,30,26,4,86.67,30,10,10,6,0,0,4,Hard,9,85,48,Advanced
3304,30,25,5,83.33,29,10,10,5,0,0,5,Hard,9,75,45,Advanced
3305,30,15,15,50.0,45,9,6,0,1,4,10,Medium,2,37,21,Beginner
3306,30,22,8,73.33,22,10,8,4,0,2,6,Hard,14,82,38,Advanced
3307,30,25,5,83.33,30,8,7,10,2,3,0,Easy,8,57,52,Intermediate
3308,30,20,10,66.67,41,9,10,1,1,0,9,Easy,6,52,32,Intermediate
3309,30,20,10,66.67,38,8,7,5,2,3,5,Medium,8,81,37,Intermediate
3310,30,12,18,40.0,54,10,4,0,0,6,12,Medium,6,42,18,Beginner
3311,30,21,9,70.0,31,10,10,1,0,0,9,Easy,9,64,33,Intermediate
3312,30,13,17,43.33,52,7,5,1,3,5,9,Medium,2,47,20,Beginner
3313,30,29,1,96.67,30,10,8,11,0,2,0,Hard,14,89,59,Advanced
3314,30,19,11,63.33,39,9,9,1,1,1,9,Easy,6,63,30,Intermediate
3315,30,13,17,43.33,51,6,4,3,4,6,7,Easy,3,59,23,Beginner
3316,30,13,17,43.33,43,6,6,1,4,4,9,Easy,7,49,21,Beginner
3317,30,12,18,40.0,49,9,4,0,1,6,11,Medium,6,38,17,Beginner
3318,30,19,11,63.33,34,10,8,1,0,2,9,Hard,9,74,29,Intermediate
3319,30,26,4,86.67,39,8,10,8,2,0,2,Hard,8,77,52,Intermediate
3320,30,24,6,80.0,27,10,10,4,0,0,6,Hard,9,97,42,Advanced
3321,30,19,11,63.33,30,10,7,2,0,3,8,Easy,9,75,30,Intermediate
3322,30,19,11,63.33,22,8,8,3,2,2,7,Medium,7,71,33,Intermediate
3323,30,16,14,53.33,56,6,3,7,4,7,3,Easy,6,46,33,Beginner
3324,30,30,0,100.0,28,10,9,11,0,1,0,Hard,11,81,61,Advanced
3325,30,29,1,96.67,21,10,10,9,0,0,1,Hard,7,86,57,Advanced
3326,30,28,2,93.33,29,10,9,9,0,1,1,Hard,13,82,55,Advanced
3327,30,27,3,90.0,26,10,10,7,0,0,3,Medium,9,95,51,Advanced
3328,30,14,16,46.67,55,6,4,4,4,6,6,Easy,2,65,26,Beginner
3329,30,23,7,76.67,38,9,8,6,1,2,4,Hard,5,79,43,Intermediate
3330,30,22,8,73.33,39,10,7,5,0,3,5,Medium,7,70,39,Intermediate
3331,30,15,15,50.0,45,8,3,4,2,7,6,Medium,7,63,26,Beginner
3332,30,27,3,90.0,22,10,9,8,0,1,2,Medium,12,94,52,Advanced
3333,30,19,11,63.33,42,8,8,3,2,2,7,Easy,4,58,33,Intermediate
3334,30,26,4,86.67,33,9,8,9,1,2,1,Medium,6,56,52,Intermediate
3335,30,23,7,76.67,36,9,9,5,1,1,5,Easy,6,79,42,Intermediate
3336,30,18,12,60.0,48,9,4,5,1,6,5,Medium,6,70,32,Beginner
3337,30,13,17,43.33,41,8,4,1,2,6,9,Medium,6,37,19,Beginner
3338,30,18,12,60.0,38,8,9,1,2,1,9,Easy,8,84,29,Intermediate
3339,30,20,10,66.67,26,8,7,5,2,3,5,Medium,5,81,37,Intermediate
3340,30,20,10,66.67,35,9,9,2,1,1,8,Hard,8,71,33,Intermediate
3341,30,17,13,56.67,40,6,4,7,4,6,3,Easy,6,42,35,Beginner
3342,30,27,3,90.0,27,10,10,7,0,0,3,Medium,7,75,51,Advanced
3343,30,30,0,100.0,25,10,9,11,0,1,0,Hard,9,93,61,Advanced
3344,30,30,0,100.0,32,10,8,12,0,2,0,Hard,12,92,62,Advanced
3345,30,22,8,73.33,30,9,9,4,1,1,6,Hard,4,63,39,Intermediate
3346,30,17,13,56.67,27,8,10,0,2,0,11,Medium,7,84,28,Intermediate
3347,30,20,10,66.67,30,8,7,5,2,3,5,Medium,4,72,37,Intermediate
3348,30,25,5,83.33,23,8,10,7,2,0,3,Hard,7,52,49,Intermediate
3349,30,27,3,90.0,27,10,10,7,0,0,3,Medium,10,74,51,Advanced
3350,30,21,9,70.0,24,8,10,3,2,0,7,Medium,8,85,37,Intermediate
3351,30,18,12,60.0,38,10,7,1,0,3,9,Hard,8,68,27,Intermediate
3352,30,23,7,76.67,42,10,7,6,0,3,4,Medium,9,82,42,Intermediate
3353,30,25,5,83.33,35,10,8,7,0,2,3,Easy,10,52,47,Intermediate
3354,30,26,4,86.67,26,10,8,8,0,2,2,Hard,9,78,50,Advanced
3355,30,22,8,73.33,31,10,7,5,0,3,5,Hard,8,81,39,Intermediate
3356,30,13,17,43.33,50,9,5,0,1,5,11,Easy,6,55,19,Beginner
3357,30,25,5,83.33,31,10,10,5,0,0,5,Hard,8,89,45,Advanced
3358,30,24,6,80.0,16,10,8,6,0,2,4,Hard,14,88,44,Advanced
3359,30,25,5,83.33,27,10,9,6,0,1,4,Hard,11,83,46,Advanced
3360,30,12,18,40.0,39,7,4,1,3,6,9,Medium,6,51,18,Beginner
3361,30,18,12,60.0,42,8,8,2,2,2,8,Easy,9,82,30,Intermediate
3362,30,17,13,56.67,45,7,3,7,3,7,3,Medium,5,64,34,Beginner
3363,30,21,9,70.0,22,8,10,3,2,0,7,Medium,7,71,37,Intermediate
3364,30,22,8,73.33,35,8,8,6,2,2,4,Easy,10,82,42,Intermediate
3365,30,21,9,70.0,40,10,10,1,0,0,9,Easy,5,64,33,Intermediate
3366,30,19,11,63.33,51,10,6,3,0,4,7,Medium,5,45,31,Beginner
3367,30,20,10,66.67,36,6,4,10,4,6,0,Medium,5,53,44,Beginner
3368,30,17,13,56.67,37,9,4,4,1,6,6,Easy,3,57,29,Beginner
3369,30,26,4,86.67,21,10,10,6,0,0,4,Medium,14,96,48,Advanced
3370,30,22,8,73.33,41,8,8,6,2,2,4,Easy,8,68,42,Intermediate
3371,30,25,5,83.33,34,10,8,7,0,2,3,Hard,9,55,47,Intermediate
3372,30,18,12,60.0,36,9,5,4,1,5,6,Medium,5,35,31,Beginner
3373,30,20,10,66.67,36,8,7,5,2,3,5,Medium,10,63,37,Intermediate
3374,30,23,7,76.67,32,10,8,5,0,2,5,Hard,9,81,41,Intermediate
3375,30,18,12,60.0,25,9,7,2,1,3,8,Hard,9,62,29,Intermediate
3376,30,23,7,76.67,23,8,9,6,2,1,4,Easy,6,64,44,Intermediate
3377,30,20,10,66.67,33,10,9,1,0,1,9,Hard,5,50,31,Intermediate
3378,30,20,10,66.67,23,8,9,3,2,1,7,Medium,9,79,35,Intermediate
3379,30,13,17,43.33,44,6,4,3,4,6,7,Easy,5,68,23,Beginner
3380,30,14,16,46.67,43,8,4,2,2,6,8,Easy,7,52,22,Beginner
3381,30,17,13,56.67,51,8,3,6,2,7,4,Easy,4,68,32,Beginner
3382,30,17,13,56.67,47,6,5,6,4,5,4,Easy,4,69,34,Beginner
3383,30,20,10,66.67,27,8,9,3,2,1,7,Hard,4,80,35,Intermediate
3384,30,29,1,96.67,19,10,8,11,0,2,0,Medium,8,72,59,Advanced
3385,30,23,7,76.67,19,10,8,5,0,2,5,Medium,7,100,41,Advanced
3386,30,30,0,100.0,24,10,9,11,0,1,0,Medium,7,74,61,Advanced
3387,30,26,4,86.67,27,8,10,8,2,0,2,Hard,10,73,52,Intermediate
3388,30,12,18,40.0,45,6,5,1,4,5,9,Easy,7,46,19,Beginner
3389,30,19,11,63.33,47,6,6,7,4,4,3,Medium,7,50,39,Beginner
3390,30,25,5,83.33,24,10,8,7,0,2,3,Hard,14,97,47,Advanced
3391,30,23,7,76.67,21,10,10,3,0,0,7,Hard,8,76,39,Advanced
3392,30,30,0,100.0,18,10,8,12,0,2,0,Medium,15,76,62,Advanced
3393,30,28,2,93.33,32,10,9,9,0,1,1,Hard,10,71,55,Advanced
3394,30,26,4,86.67,28,10,8,8,0,2,2,Hard,9,93,50,Advanced
3395,30,29,1,96.67,24,10,8,11,0,2,0,Hard,15,88,59,Advanced
3396,30,27,3,90.0,22,10,9,8,0,1,2,Hard,10,96,52,Advanced
3397,30,20,10,66.67,46,6,4,10,4,6,0,Medium,2,52,44,Beginner
3398,30,24,6,80.0,37,9,10,5,1,0,5,Medium,10,61,44,Intermediate
3399,30,26,4,86.67,29,10,9,7,0,1,3,Medium,9,83,49,Advanced
3400,30,29,1,96.67,25,10,10,9,0,0,1,Medium,15,73,57,Advanced
3401,30,23,7,76.67,28,9,7,7,1,3,3,Hard,4,64,44,Intermediate
3402,30,27,3,90.0,30,10,9,8,0,1,2,Medium,13,80,52,Advanced
3403,30,22,8,73.33,27,10,8,4,0,2,6,Hard,9,84,38,Advanced
3404,30,15,15,50.0,39,6,3,6,4,7,4,Easy,7,61,30,Beginner
3405,30,23,7,76.67,25,10,8,5,0,2,5,Easy,8,85,41,Intermediate
3406,30,16,14,53.33,43,8,6,2,2,4,8,Easy,6,70,26,Beginner
3407,30,27,3,90.0,26,10,8,9,0,2,1,Medium,14,75,53,Advanced
3408,30,22,8,73.33,23,10,8,4,0,2,6,Easy,5,51,38,Intermediate
3409,30,28,2,93.33,24,10,8,10,0,2,0,Medium,7,85,56,Advanced
3410,30,20,10,66.67,39,8,7,5,2,3,5,Medium,5,55,37,Intermediate
3411,30,26,4,86.67,35,10,7,9,0,3,1,Hard,4,59,51,Intermediate
3412,30,15,15,50.0,38,9,4,2,1,6,8,Easy,5,67,23,Beginner
3413,30,24,6,80.0,24,8,9,7,2,1,3,Hard,5,51,47,Intermediate
3414,30,27,3,90.0,25,10,9,8,0,1,2,Hard,7,83,52,Advanced
3415,30,18,12,60.0,41,10,5,3,0,5,7,Easy,7,35,29,Beginner
3416,30,25,5,83.33,16,10,9,6,0,1,4,Medium,10,82,46,Advanced
3417,30,23,7,76.67,33,8,8,7,2,2,3,Easy,7,68,45,Intermediate
3418,30,19,11,63.33,35,10,7,2,0,3,8,Easy,7,63,30,Intermediate
3419,30,20,10,66.67,31,8,9,3,2,1,7,Medium,4,64,35,Intermediate
3420,30,20,10,66.67,44,7,6,7,3,4,3,Easy,7,66,40,Beginner
3421,30,24,6,80.0,35,9,8,7,1,2,3,Medium,6,82,46,Intermediate
3422,30,23,7,76.67,38,9,8,6,1,2,4,Easy,5,74,43,Intermediate
3423,30,27,3,90.0,30,10,10,7,0,0,3,Medium,12,73,51,Advanced
3424,30,18,12,60.0,54,6,4,8,4,6,2,Medium,4,64,38,Beginner
3425,30,24,6,80.0,39,9,8,7,1,2,3,Easy,7,68,46,Intermediate
3426,30,16,14,53.33,56,7,3,6,3,7,4,Easy,7,60,31,Beginner
3427,30,24,6,80.0,30,10,9,5,0,1,5,Hard,8,91,43,Advanced
3428,30,20,10,66.67,29,8,8,4,2,2,6,Medium,6,64,36,Intermediate
3429,30,18,12,60.0,37,9,7,2,1,3,8,Easy,7,61,29,Intermediate
3430,30,18,12,60.0,29,10,9,0,0,1,11,Easy,10,55,28,Intermediate
3431,30,13,17,43.33,58,8,3,2,2,7,8,Medium,7,67,20,Beginner
3432,30,14,16,46.67,46,9,6,0,1,4,11,Medium,4,54,21,Beginner
3433,30,17,13,56.67,24,10,7,0,0,3,10,Medium,6,59,24,Intermediate
3434,30,18,12,60.0,38,10,7,1,0,3,9,Hard,6,68,27,Intermediate
3435,30,14,16,46.67,49,8,5,1,2,5,9,Medium,5,70,21,Beginner
3436,30,16,14,53.33,56,9,5,2,1,5,8,Medium,6,39,25,Beginner
3437,30,23,7,76.67,28,10,9,4,0,1,6,Medium,14,91,40,Advanced
3438,30,30,0,100.0,28,10,9,11,0,1,0,Hard,12,79,61,Advanced
3439,30,23,7,76.67,32,9,8,6,1,2,4,Medium,6,60,43,Intermediate
3440,30,17,13,56.67,52,7,6,4,3,4,6,Medium,4,53,31,Beginner
3441,30,16,14,53.33,41,8,3,5,2,7,5,Medium,4,54,29,Beginner
3442,30,20,10,66.67,26,10,9,1,0,1,9,Medium,4,52,31,Intermediate
3443,30,25,5,83.33,32,10,10,5,0,0,5,Hard,7,97,45,Advanced
3444,30,27,3,90.0,31,10,9,8,0,1,2,Medium,7,73,52,Advanced
3445,30,12,18,40.0,47,9,6,0,1,4,13,Medium,3,70,21,Beginner
3446,30,18,12,60.0,34,10,7,1,0,3,9,Easy,6,80,27,Intermediate
3447,30,24,6,80.0,15,10,10,4,0,0,6,Hard,15,98,42,Advanced
3448,30,24,6,80.0,31,10,9,5,0,1,5,Medium,9,77,43,Advanced
3449,30,22,8,73.33,41,8,9,5,2,1,5,Easy,5,55,41,Intermediate
3450,30,20,10,66.67,38,10,3,7,0,7,3,Easy,3,68,37,Beginner
3451,30,28,2,93.33,24,10,8,10,0,2,0,Hard,14,87,56,Advanced
3452,30,19,11,63.33,44,10,5,4,0,5,6,Easy,6,68,32,Beginner
3453,30,25,5,83.33,30,9,9,7,1,1,3,Medium,5,50,48,Intermediate
3454,30,18,12,60.0,26,10,7,1,0,3,9,Hard,7,57,27,Intermediate
3455,30,20,10,66.67,42,8,10,2,2,0,8,Hard,7,58,34,Intermediate
3456,30,15,15,50.0,42,10,5,0,0,5,10,Easy,6,63,20,Beginner
3457,30,19,11,63.33,32,8,7,4,2,3,6,Easy,8,78,34,Intermediate
3458,30,17,13,56.67,40,8,8,1,2,2,9,Hard,8,81,27,Intermediate
3459,30,13,17,43.33,53,10,3,0,0,7,10,Medium,6,47,16,Beginner
3460,30,22,8,73.33,34,8,7,7,2,3,3,Easy,7,76,43,Intermediate
3461,30,13,17,43.33,40,9,5,0,1,5,11,Easy,6,44,19,Beginner
3462,30,20,10,66.67,39,8,9,3,2,1,7,Medium,9,82,35,Intermediate
3463,30,24,6,80.0,28,10,9,5,0,1,5,Medium,12,95,43,Advanced
3464,30,30,0,100.0,19,10,8,12,0,2,0,Hard,13,94,62,Advanced
3465,30,18,12,60.0,24,9,10,0,1,0,11,Easy,4,66,29,Intermediate
3466,30,24,6,80.0,38,8,8,8,2,2,2,Easy,5,72,48,Intermediate
3467,30,13,17,43.33,60,6,5,2,4,5,8,Medium,5,48,22,Beginner
3468,30,27,3,90.0,24,10,9,8,0,1,2,Medium,15,80,52,Advanced
3469,30,13,17,43.33,57,10,5,0,0,5,12,Easy,3,51,20,Beginner
3470,30,26,4,86.67,40,9,7,10,1,3,0,Easy,5,62,53,Intermediate
3471,30,22,8,73.33,19,10,8,4,0,2,6,Hard,15,79,38,Advanced
3472,30,25,5,83.33,32,8,7,10,2,3,0,Easy,7,58,52,Intermediate
3473,30,23,7,76.67,32,10,10,3,0,0,7,Hard,7,94,39,Advanced
3474,30,20,10,66.67,31,8,7,5,2,3,5,Hard,4,58,37,Intermediate
3475,30,26,4,86.67,42,10,9,7,0,1,3,Hard,6,58,49,Intermediate
3476,30,29,1,96.67,21,10,10,9,0,0,1,Medium,8,76,57,Advanced
3477,30,14,16,46.67,41,10,4,0,0,6,10,Medium,5,36,18,Beginner
3478,30,28,2,93.33,19,10,10,8,0,0,2,Medium,9,98,54,Advanced
3479,30,26,4,86.67,39,8,9,9,2,1,1,Hard,5,53,53,Intermediate
3480,30,23,7,76.67,35,8,8,7,2,2,3,Hard,7,69,45,Intermediate
3481,30,25,5,83.33,16,10,10,5,0,0,5,Medium,15,81,45,Advanced
3482,30,22,8,73.33,29,10,10,2,0,0,8,Hard,13,80,36,Advanced
3483,30,25,5,83.33,24,8,10,7,2,0,3,Easy,7,53,49,Intermediate
3484,30,17,13,56.67,22,8,9,0,2,1,10,Medium,6,74,26,Intermediate
3485,30,19,11,63.33,40,8,7,4,2,3,6,Easy,9,72,34,Intermediate
3486,30,12,18,40.0,40,7,4,1,3,6,9,Easy,2,70,18,Beginner
3487,30,21,9,70.0,35,10,8,3,0,2,7,Medium,5,51,35,Intermediate
3488,30,17,13,56.67,39,9,9,0,1,1,11,Medium,6,80,27,Intermediate
3489,30,19,11,63.33,38,10,10,0,0,0,11,Hard,5,72,30,Intermediate
3490,30,19,11,63.33,48,9,3,7,1,7,3,Easy,5,59,36,Beginner
3491,30,26,4,86.67,39,9,8,9,1,2,1,Medium,6,83,52,Intermediate
3492,30,30,0,100.0,17,10,8,12,0,2,0,Medium,9,90,62,Advanced
3493,30,22,8,73.33,32,10,10,2,0,0,8,Medium,10,75,36,Advanced
3494,30,30,0,100.0,24,10,8,12,0,2,0,Medium,11,73,62,Advanced
3495,30,14,16,46.67,59,6,5,3,4,5,7,Medium,2,40,25,Beginner
3496,30,12,18,40.0,51,7,4,1,3,6,9,Easy,3,36,18,Beginner
3497,30,24,6,80.0,31,10,8,6,0,2,4,Medium,15,77,44,Advanced
3498,30,22,8,73.33,28,9,8,5,1,2,5,Medium,7,77,40,Intermediate
3499,30,22,8,73.33,36,10,10,2,0,0,8,Medium,7,61,36,Intermediate
3500,30,24,6,80.0,26,9,8,7,1,2,3,Easy,4,78,46,Intermediate
3501,30,18,12,60.0,42,10,10,0,0,0,12,Medium,9,82,30,Intermediate
3502,30,20,10,66.67,28,9,8,3,1,2,7,Medium,6,58,34,Intermediate
3503,30,18,12,60.0,27,8,8,2,2,2,8,Easy,7,78,30,Intermediate
3504,30,17,13,56.67,36,10,10,0,0,0,13,Medium,9,50,30,Intermediate
3505,30,17,13,56.67,24,9,9,0,1,1,11,Easy,4,54,27,Intermediate
3506,30,23,7,76.67,37,8,7,8,2,3,2,Hard,4,85,46,Intermediate
3507,30,12,18,40.0,59,6,4,2,4,6,8,Medium,4,51,20,Beginner
3508,30,23,7,76.67,28,10,9,4,0,1,6,Medium,7,77,40,Intermediate
3509,30,19,11,63.33,31,9,9,1,1,1,9,Medium,7,52,30,Intermediate
3510,30,26,4,86.67,32,10,8,8,0,2,2,Hard,6,56,50,Intermediate
3511,30,26,4,86.67,27,10,10,6,0,0,4,Medium,9,83,48,Advanced
3512,30,17,13,56.67,59,8,3,6,2,7,4,Medium,2,50,32,Beginner
3513,30,19,11,63.33,31,10,7,2,0,3,8,Easy,9,81,30,Intermediate
3514,30,20,10,66.67,45,10,6,4,0,4,6,Easy,6,41,34,Beginner
3515,30,25,5,83.33,40,9,8,8,1,2,2,Medium,7,61,49,Intermediate
3516,30,18,12,60.0,44,8,4,6,2,6,4,Easy,2,46,34,Beginner
3517,30,17,13,56.67,43,8,6,3,2,4,7,Easy,7,46,29,Beginner
3518,30,17,13,56.67,31,10,7,0,0,3,10,Easy,5,72,24,Intermediate
3519,30,16,14,53.33,60,9,5,2,1,5,8,Easy,2,45,25,Beginner
3520,30,25,5,83.33,32,8,8,9,2,2,1,Hard,9,76,51,Intermediate
3521,30,26,4,86.67,27,10,8,8,0,2,2,Medium,15,98,50,Advanced
3522,30,20,10,66.67,34,9,9,2,1,1,8,Medium,9,85,33,Intermediate
3523,30,16,14,53.33,49,7,4,5,3,6,5,Easy,5,49,30,Beginner
3524,30,20,10,66.67,27,8,10,2,2,0,8,Medium,10,66,34,Intermediate
3525,30,29,1,96.67,20,10,8,11,0,2,0,Medium,7,70,59,Advanced
3526,30,29,1,96.67,31,10,9,10,0,1,0,Hard,9,72,58,Advanced
3527,30,27,3,90.0,21,10,10,7,0,0,3,Hard,11,78,51,Advanced
3528,30,29,1,96.67,20,10,8,11,0,2,0,Medium,13,71,59,Advanced
3529,30,26,4,86.67,28,10,7,9,0,3,1,Easy,6,56,51,Intermediate
3530,30,21,9,70.0,34,10,10,1,0,0,9,Easy,8,59,33,Intermediate
3531,30,26,4,86.67,16,10,8,8,0,2,2,Medium,9,73,50,Advanced
3532,30,20,10,66.67,54,8,6,6,2,4,4,Easy,2,67,38,Beginner
3533,30,20,10,66.67,36,7,6,7,3,4,3,Medium,7,61,40,Beginner
3534,30,26,4,86.67,29,9,9,8,1,1,2,Hard,8,58,51,Intermediate
3535,30,14,16,46.67,54,9,5,0,1,5,10,Easy,6,53,19,Beginner
3536,30,24,6,80.0,36,9,10,5,1,0,5,Easy,4,59,44,Intermediate
3537,30,12,18,40.0,53,8,6,0,2,4,12,Medium,2,47,20,Beginner
3538,30,24,6,80.0,32,10,9,5,0,1,5,Hard,11,89,43,Advanced
3539,30,28,2,93.33,31,10,8,10,0,2,0,Medium,11,96,56,Advanced
3540,30,30,0,100.0,25,10,10,10,0,0,0,Medium,14,76,60,Advanced
3541,30,18,12,60.0,42,8,10,0,2,0,10,Hard,7,78,28,Intermediate
3542,30,12,18,40.0,42,6,5,1,4,5,9,Easy,6,35,19,Beginner
3543,30,23,7,76.67,39,10,8,5,0,2,5,Easy,9,77,41,Intermediate
3544,30,28,2,93.33,30,10,8,10,0,2,0,Medium,15,86,56,Advanced
3545,30,23,7,76.67,20,10,9,4,0,1,6,Hard,13,81,40,Advanced
3546,30,23,7,76.67,40,10,8,5,0,2,5,Easy,7,74,41,Intermediate
3547,30,22,8,73.33,33,9,9,4,1,1,6,Medium,6,74,39,Intermediate
3548,30,19,11,63.33,32,8,7,4,2,3,6,Easy,5,72,34,Intermediate
3549,30,17,13,56.67,41,9,9,0,1,1,11,Medium,10,71,27,Intermediate
3550,30,17,13,56.67,32,10,10,0,0,0,13,Hard,7,51,30,Intermediate
3551,30,25,5,83.33,42,9,10,6,1,0,4,Hard,7,84,47,Intermediate
3552,30,29,1,96.67,30,10,10,9,0,0,1,Hard,11,80,57,Advanced
3553,30,19,11,63.33,34,10,10,0,0,0,11,Medium,9,51,30,Intermediate
3554,30,28,2,93.33,23,10,10,8,0,0,2,Hard,12,80,54,Advanced
3555,30,17,13,56.67,37,9,4,4,1,6,6,Easy,3,45,29,Beginner
3556,30,19,11,63.33,40,8,8,3,2,2,7,Medium,4,78,33,Intermediate
3557,30,22,8,73.33,16,10,9,3,0,1,7,Medium,11,89,37,Advanced
3558,30,27,3,90.0,24,10,9,8,0,1,2,Hard,9,93,52,Advanced
3559,30,26,4,86.67,27,8,7,11,2,3,0,Hard,8,68,55,Intermediate
3560,30,21,9,70.0,23,8,9,4,2,1,6,Easy,4,61,38,Intermediate
3561,30,19,11,63.33,23,9,8,2,1,2,8,Hard,5,75,31,Intermediate
3562,30,25,5,83.33,24,10,9,6,0,1,4,Easy,9,69,46,Intermediate
3563,30,26,4,86.67,36,8,10,8,2,0,2,Medium,6,62,52,Intermediate
3564,30,19,11,63.33,44,10,4,5,0,6,5,Easy,3,68,33,Beginner
3565,30,23,7,76.67,24,8,10,5,2,0,5,Medium,5,54,43,Intermediate
3566,30,18,12,60.0,34,10,8,0,0,2,10,Easy,4,79,26,Intermediate
3567,30,22,8,73.33,19,10,9,3,0,1,7,Hard,7,81,37,Advanced
3568,30,25,5,83.33,23,9,7,9,1,3,1,Hard,5,51,50,Intermediate
3569,30,17,13,56.67,40,8,10,0,2,0,11,Hard,8,67,28,Intermediate
3570,30,29,1,96.67,21,10,10,9,0,0,1,Hard,12,90,57,Advanced
3571,30,23,7,76.67,28,8,9,6,2,1,4,Easy,7,50,44,Intermediate
3572,30,26,4,86.67,19,10,8,8,0,2,2,Hard,8,75,50,Advanced
3573,30,29,1,96.67,19,10,10,9,0,0,1,Hard,8,85,57,Advanced
3574,30,25,5,83.33,22,8,10,7,2,0,3,Medium,5,66,49,Intermediate
3575,30,19,11,63.33,28,9,10,0,1,0,10,Medium,4,83,29,Intermediate
3576,30,24,6,80.0,34,10,8,6,0,2,4,Easy,7,66,44,Intermediate
3577,30,19,11,63.33,39,9,5,5,1,5,5,Medium,2,48,34,Beginner
3578,30,25,5,83.33,20,10,9,6,0,1,4,Hard,8,92,46,Advanced
3579,30,26,4,86.67,15,10,9,7,0,1,3,Hard,14,87,49,Advanced
3580,30,15,15,50.0,58,6,6,3,4,4,7,Medium,3,49,27,Beginner
3581,30,18,12,60.0,30,9,9,0,1,1,10,Easy,7,74,27,Intermediate
3582,30,28,2,93.33,19,10,10,8,0,0,2,Hard,7,91,54,Advanced
3583,30,18,12,60.0,23,8,9,1,2,1,9,Medium,6,80,29,Intermediate
3584,30,17,13,56.67,50,6,3,8,4,7,2,Easy,2,64,36,Beginner
3585,30,26,4,86.67,17,10,8,8,0,2,2,Hard,11,100,50,Advanced
3586,30,28,2,93.33,21,10,8,10,0,2,0,Medium,8,80,56,Advanced
3587,30,21,9,70.0,36,10,7,4,0,3,6,Hard,8,56,36,Intermediate
3588,30,18,12,60.0,34,8,8,2,2,2,8,Medium,10,56,30,Intermediate
3589,30,18,12,60.0,47,10,3,5,0,7,5,Easy,2,61,31,Beginner
3590,30,19,11,63.33,49,9,5,5,1,5,5,Medium,7,57,34,Beginner
3591,30,18,12,60.0,48,7,4,7,3,6,3,Easy,2,43,36,Beginner
3592,30,27,3,90.0,21,10,10,7,0,0,3,Medium,10,80,51,Advanced
3593,30,19,11,63.33,52,7,6,6,3,4,4,Medium,5,52,37,Beginner
3594,30,22,8,73.33,30,10,9,3,0,1,7,Medium,14,76,37,Advanced
3595,30,18,12,60.0,41,8,9,1,2,1,9,Hard,9,63,29,Intermediate
3596,30,22,8,73.33,28,10,8,4,0,2,6,Medium,10,88,38,Advanced
3597,30,17,13,56.67,40,9,9,0,1,1,11,Medium,5,66,27,Intermediate
3598,30,22,8,73.33,36,8,7,7,2,3,3,Easy,8,76,43,Intermediate
3599,30,25,5,83.33,17,10,10,5,0,0,5,Medium,7,88,45,Advanced
3600,30,26,4,86.67,29,10,9,7,0,1,3,Hard,8,79,49,Advanced
3601,30,21,9,70.0,38,8,8,5,2,2,5,Hard,9,78,39,Intermediate
3602,30,19,11,63.33,43,7,5,7,3,5,3,Easy,5,69,38,Beginner
3603,30,19,11,63.33,58,10,3,6,0,7,4,Easy,6,47,34,Beginner
3604,30,18,12,60.0,43,10,3,5,0,7,5,Medium,5,65,31,Beginner
3605,30,22,8,73.33,35,8,10,4,2,0,6,Medium,6,71,40,Intermediate
3606,30,24,6,80.0,28,9,9,6,1,1,4,Hard,5,65,45,Intermediate
3607,30,25,5,83.33,41,10,9,6,0,1,4,Easy,8,61,46,Intermediate
3608,30,25,5,83.33,32,9,10,6,1,0,4,Easy,10,82,47,Intermediate
3609,30,13,17,43.33,40,6,5,2,4,5,8,Medium,7,46,22,Beginner
3610,30,18,12,60.0,42,8,8,2,2,2,8,Hard,6,68,30,Intermediate
3611,30,22,8,73.33,39,10,8,4,0,2,6,Hard,9,55,38,Intermediate
3612,30,20,10,66.67,51,10,6,4,0,4,6,Medium,2,40,34,Beginner
3613,30,29,1,96.67,17,10,8,11,0,2,0,Medium,10,70,59,Advanced
3614,30,21,9,70.0,34,10,9,2,0,1,8,Hard,10,64,34,Intermediate
3615,30,26,4,86.67,20,10,8,8,0,2,2,Medium,11,72,50,Advanced
3616,30,17,13,56.67,35,9,7,1,1,3,9,Medium,7,61,26,Intermediate
3617,30,30,0,100.0,27,10,9,11,0,1,0,Medium,15,77,61,Advanced
3618,30,25,5,83.33,16,10,10,5,0,0,5,Medium,15,91,45,Advanced
3619,30,30,0,100.0,15,10,8,12,0,2,0,Hard,12,85,62,Advanced
3620,30,23,7,76.67,31,9,8,6,1,2,4,Medium,7,66,43,Intermediate
3621,30,17,13,56.67,48,6,3,8,4,7,2,Medium,7,65,36,Beginner
3622,30,19,11,63.33,52,7,4,8,3,6,2,Medium,3,39,39,Beginner
3623,30,24,6,80.0,27,10,9,5,0,1,5,Hard,13,95,43,Advanced
3624,30,26,4,86.67,18,10,8,8,0,2,2,Hard,9,85,50,Advanced
3625,30,15,15,50.0,48,9,5,1,1,5,9,Medium,7,63,22,Beginner
3626,30,20,10,66.67,31,10,7,3,0,3,7,Medium,7,84,33,Intermediate
3627,30,15,15,50.0,55,8,4,3,2,6,7,Easy,2,47,25,Beginner
3628,30,13,17,43.33,54,10,3,0,0,7,10,Medium,4,49,16,Beginner
3629,30,19,11,63.33,56,9,5,5,1,5,5,Medium,6,69,34,Beginner
3630,30,25,5,83.33,27,10,9,6,0,1,4,Hard,9,89,46,Advanced
3631,30,21,9,70.0,39,8,7,6,2,3,4,Easy,4,54,40,Intermediate
3632,30,23,7,76.67,31,10,9,4,0,1,6,Medium,14,75,40,Advanced
3633,30,23,7,76.67,38,9,7,7,1,3,3,Easy,5,75,44,Intermediate
3634,30,24,6,80.0,23,9,10,5,1,0,5,Medium,7,64,44,Intermediate
3635,30,25,5,83.33,29,10,10,5,0,0,5,Medium,5,71,45,Intermediate
3636,30,21,9,70.0,38,9,9,3,1,1,7,Medium,4,78,36,Intermediate
3637,30,18,12,60.0,43,7,6,5,3,4,5,Easy,2,49,34,Beginner
3638,30,24,6,80.0,19,10,8,6,0,2,4,Medium,8,82,44,Advanced
3639,30,13,17,43.33,44,7,6,0,3,4,10,Easy,2,36,19,Beginner
3640,30,29,1,96.67,18,10,9,10,0,1,0,Hard,10,80,58,Advanced
3641,30,29,1,96.67,31,10,9,10,0,1,0,Hard,9,93,58,Advanced
3642,30,28,2,93.33,29,10,8,10,0,2,0,Medium,10,98,56,Advanced
3643,30,26,4,86.67,35,9,8,9,1,2,1,Medium,4,60,52,Intermediate
3644,30,22,8,73.33,23,8,9,5,2,1,5,Medium,9,61,41,Intermediate
3645,30,21,9,70.0,42,9,9,3,1,1,7,Easy,6,72,36,Intermediate
3646,30,25,5,83.33,28,10,10,5,0,0,5,Medium,14,84,45,Advanced
3647,30,22,8,73.33,16,10,10,2,0,0,8,Hard,8,73,36,Advanced
3648,30,24,6,80.0,22,10,8,6,0,2,4,Hard,12,77,44,Advanced
3649,30,23,7,76.67,35,8,7,8,2,3,2,Hard,4,84,46,Intermediate
3650,30,20,10,66.67,22,10,9,1,0,1,9,Hard,10,65,31,Intermediate
3651,30,24,6,80.0,26,9,9,6,1,1,4,Easy,4,60,45,Intermediate
3652,30,21,9,70.0,39,10,10,1,0,0,9,Easy,5,85,33,Intermediate
3653,30,25,5,83.33,30,10,9,6,0,1,4,Hard,7,95,46,Advanced
3654,30,13,17,43.33,49,9,5,0,1,5,11,Medium,6,50,19,Beginner
3655,30,19,11,63.33,29,9,7,3,1,3,7,Medium,9,74,32,Intermediate
3656,30,25,5,83.33,24,9,8,8,1,2,2,Medium,10,69,49,Intermediate
3657,30,23,7,76.67,17,10,9,4,0,1,6,Medium,14,87,40,Advanced
3658,30,22,8,73.33,36,8,9,5,2,1,5,Hard,5,78,41,Intermediate
3659,30,20,10,66.67,49,8,5,7,2,5,3,Easy,2,61,39,Beginner
3660,30,25,5,83.33,23,9,8,8,1,2,2,Medium,8,59,49,Intermediate
3661,30,21,9,70.0,29,9,10,2,1,0,8,Hard,4,79,35,Intermediate
3662,30,19,11,63.33,25,10,9,0,0,1,10,Hard,5,77,28,Intermediate
3663,30,26,4,86.67,37,8,8,10,2,2,0,Easy,6,81,54,Intermediate
3664,30,15,15,50.0,48,8,4,3,2,6,7,Easy,6,51,25,Beginner
3665,30,20,10,66.67,24,9,10,1,1,0,9,Hard,8,71,32,Intermediate
3666,30,23,7,76.67,19,10,10,3,0,0,7,Medium,9,83,39,Advanced
3667,30,25,5,83.33,21,10,10,5,0,0,5,Hard,10,88,45,Advanced
3668,30,22,8,73.33,39,8,9,5,2,1,5,Medium,5,81,41,Intermediate
3669,30,25,5,83.33,24,8,8,9,2,2,1,Hard,8,74,51,Intermediate
3670,30,18,12,60.0,44,6,5,7,4,5,3,Medium,6,64,37,Beginner
3671,30,17,13,56.67,47,6,5,6,4,5,4,Easy,5,37,34,Beginner
3672,30,26,4,86.67,24,10,8,8,0,2,2,Hard,11,75,50,Advanced
3673,30,25,5,83.33,22,8,10,7,2,0,3,Medium,4,78,49,Intermediate
3674,30,20,10,66.67,35,9,7,4,1,3,6,Medium,5,61,35,Intermediate
3675,30,16,14,53.33,38,8,6,2,2,4,8,Easy,6,36,26,Beginner
3676,30,25,5,83.33,42,10,7,8,0,3,2,Hard,7,53,48,Intermediate
3677,30,24,6,80.0,30,10,10,4,0,0,6,Hard,8,76,42,Advanced
3678,30,24,6,80.0,23,9,7,8,1,3,2,Hard,7,63,47,Intermediate
3679,30,20,10,66.67,38,8,5,7,2,5,3,Easy,5,59,39,Beginner
3680,30,24,6,80.0,34,8,10,6,2,0,4,Hard,8,54,46,Intermediate
3681,30,23,7,76.67,41,10,10,3,0,0,7,Medium,10,72,39,Intermediate
3682,30,20,10,66.67,30,9,8,3,1,2,7,Medium,6,59,34,Intermediate
3683,30,25,5,83.33,31,10,9,6,0,1,4,Medium,9,98,46,Advanced
3684,30,29,1,96.67,32,10,8,11,0,2,0,Hard,15,75,59,Advanced
3685,30,22,8,73.33,34,10,8,4,0,2,6,Medium,7,57,38,Intermediate
3686,30,19,11,63.33,41,10,5,4,0,5,6,Easy,2,48,32,Beginner
3687,30,18,12,60.0,39,8,6,4,2,4,6,Easy,7,40,32,Beginner
3688,30,17,13,56.67,41,8,9,0,2,1,10,Easy,6,65,26,Intermediate
3689,30,22,8,73.33,24,10,7,5,0,3,5,Easy,10,67,39,Intermediate
3690,30,23,7,76.67,15,10,8,5,0,2,5,Medium,11,93,41,Advanced
3691,30,29,1,96.67,24,10,9,10,0,1,0,Medium,12,70,58,Advanced
3692,30,14,16,46.67,36,9,5,0,1,5,10,Easy,4,38,19,Beginner
3693,30,17,13,56.67,50,6,6,5,4,4,5,Easy,3,46,33,Beginner
3694,30,26,4,86.67,27,10,9,7,0,1,3,Hard,9,98,49,Advanced
3695,30,19,11,63.33,22,10,10,0,0,0,11,Hard,5,60,30,Intermediate
3696,30,19,11,63.33,30,9,8,2,1,2,8,Easy,8,69,31,Intermediate
3697,30,26,4,86.67,36,10,9,7,0,1,3,Hard,6,82,49,Intermediate
3698,30,19,11,63.33,36,10,10,0,0,0,11,Easy,4,61,30,Intermediate
3699,30,24,6,80.0,33,10,8,6,0,2,4,Hard,7,52,44,Intermediate
3700,30,30,0,100.0,32,10,9,11,0,1,0,Hard,8,90,61,Advanced
3701,30,21,9,70.0,39,9,7,5,1,3,5,Hard,8,54,38,Intermediate
3702,30,28,2,93.33,15,10,8,10,0,2,0,Medium,7,85,56,Advanced
3703,30,21,9,70.0,36,10,8,3,0,2,7,Hard,10,75,35,Intermediate
3704,30,27,3,90.0,25,10,8,9,0,2,1,Medium,7,78,53,Advanced
3705,30,19,11,63.33,32,9,10,0,1,0,10,Medium,10,66,29,Intermediate
3706,30,13,17,43.33,53,6,5,2,4,5,8,Medium,7,49,22,Beginner
3707,30,15,15,50.0,35,7,4,4,3,6,6,Easy,7,46,27,Beginner
3708,30,28,2,93.33,32,10,10,8,0,0,2,Hard,11,79,54,Advanced
3709,30,22,8,73.33,30,9,7,6,1,3,4,Easy,6,74,41,Intermediate
3710,30,23,7,76.67,20,10,10,3,0,0,7,Medium,9,80,39,Advanced
3711,30,19,11,63.33,58,7,5,7,3,5,3,Easy,5,58,38,Beginner
3712,30,22,8,73.33,29,10,9,3,0,1,7,Easy,6,69,37,Intermediate
3713,30,12,18,40.0,57,7,5,0,3,5,10,Easy,7,57,17,Beginner
3714,30,14,16,46.67,57,10,6,0,0,4,12,Medium,4,46,22,Beginner
3715,30,19,11,63.33,24,8,7,4,2,3,6,Medium,10,57,34,Intermediate
3716,30,22,8,73.33,24,10,8,4,0,2,6,Easy,8,81,38,Intermediate
3717,30,28,2,93.33,26,10,8,10,0,2,0,Hard,12,86,56,Advanced
3718,30,17,13,56.67,25,8,7,2,2,3,8,Hard,8,69,28,Intermediate
3719,30,24,6,80.0,36,8,10,6,2,0,4,Hard,6,84,46,Intermediate
3720,30,26,4,86.67,32,10,7,9,0,3,1,Hard,6,76,51,Intermediate
3721,30,16,14,53.33,36,8,3,5,2,7,5,Medium,7,69,29,Beginner
3722,30,21,9,70.0,23,10,7,4,0,3,6,Medium,5,74,36,Intermediate
3723,30,19,11,63.33,27,8,8,3,2,2,7,Hard,8,79,33,Intermediate
3724,30,19,11,63.33,56,10,4,5,0,6,5,Medium,7,50,33,Beginner
3725,30,13,17,43.33,51,7,6,0,3,4,10,Easy,4,58,19,Beginner
3726,30,23,7,76.67,34,8,10,5,2,0,5,Hard,5,83,43,Intermediate
3727,30,21,9,70.0,25,10,9,2,0,1,8,Medium,8,83,34,Intermediate
3728,30,29,1,96.67,23,10,9,10,0,1,0,Medium,11,84,58,Advanced
3729,30,16,14,53.33,38,10,4,2,0,6,8,Easy,7,41,24,Beginner
3730,30,18,12,60.0,45,7,5,6,3,5,4,Easy,5,67,35,Beginner
3731,30,30,0,100.0,25,10,9,11,0,1,0,Medium,10,73,61,Advanced
3732,30,19,11,63.33,32,10,10,0,0,0,11,Hard,5,58,30,Intermediate
3733,30,22,8,73.33,24,10,10,2,0,0,8,Medium,7,88,36,Advanced
3734,30,22,8,73.33,31,9,9,4,1,1,6,Hard,7,67,39,Intermediate
3735,30,23,7,76.67,25,10,8,5,0,2,5,Medium,11,92,41,Advanced
3736,30,20,10,66.67,50,9,4,7,1,6,3,Medium,5,45,38,Beginner
3737,30,20,10,66.67,56,8,6,6,2,4,4,Easy,6,54,38,Beginner
3738,30,17,13,56.67,38,8,7,2,2,3,8,Hard,8,85,28,Intermediate
3739,30,26,4,86.67,27,10,8,8,0,2,2,Medium,7,54,50,Intermediate
3740,30,19,11,63.33,54,9,4,6,1,6,4,Easy,7,43,35,Beginner
3741,30,21,9,70.0,35,10,9,2,0,1,8,Medium,8,67,34,Intermediate
3742,30,24,6,80.0,20,10,8,6,0,2,4,Medium,14,94,44,Advanced
3743,30,14,16,46.67,53,8,5,1,2,5,9,Medium,6,42,21,Beginner
3744,30,27,3,90.0,23,10,9,8,0,1,2,Hard,11,89,52,Advanced
3745,30,17,13,56.67,22,8,8,1,2,2,9,Hard,8,75,27,Intermediate
3746,30,25,5,83.33,36,10,9,6,0,1,4,Hard,10,63,46,Intermediate
3747,30,23,7,76.67,20,10,10,3,0,0,7,Medium,8,98,39,Advanced
3748,30,21,9,70.0,42,10,7,4,0,3,6,Hard,8,79,36,Intermediate
3749,30,22,8,73.33,37,8,9,5,2,1,5,Hard,7,56,41,Intermediate
3750,30,26,4,86.67,33,9,8,9,1,2,1,Hard,7,56,52,Intermediate
3751,30,22,8,73.33,28,10,9,3,0,1,7,Medium,14,80,37,Advanced
3752,30,22,8,73.33,42,10,10,2,0,0,8,Medium,10,50,36,Intermediate
3753,30,28,2,93.33,24,10,8,10,0,2,0,Hard,15,73,56,Advanced
3754,30,20,10,66.67,40,9,9,2,1,1,8,Easy,8,53,33,Intermediate
3755,30,12,18,40.0,47,7,5,0,3,5,10,Easy,5,54,17,Beginner
3756,30,19,11,63.33,22,9,7,3,1,3,7,Easy,8,63,32,Intermediate
3757,30,20,10,66.67,30,9,8,3,1,2,7,Easy,6,79,34,Intermediate
3758,30,19,11,63.33,28,9,9,1,1,1,9,Medium,6,58,30,Intermediate
3759,30,30,0,100.0,25,10,8,12,0,2,0,Hard,9,76,62,Advanced
3760,30,24,6,80.0,20,10,9,5,0,1,5,Medium,12,80,43,Advanced
3761,30,28,2,93.33,18,10,9,9,0,1,1,Medium,8,93,55,Advanced
3762,30,13,17,43.33,45,7,3,3,3,7,7,Medium,5,69,22,Beginner
3763,30,23,7,76.67,32,9,9,5,1,1,5,Medium,6,54,42,Intermediate
3764,30,22,8,73.33,38,9,8,5,1,2,5,Medium,4,58,40,Intermediate
3765,30,21,9,70.0,33,8,7,6,2,3,4,Hard,4,69,40,Intermediate
3766,30,30,0,100.0,27,10,8,12,0,2,0,Medium,12,74,62,Advanced
3767,30,17,13,56.67,38,10,9,0,0,1,12,Medium,9,51,28,Intermediate
3768,30,26,4,86.67,37,10,8,8,0,2,2,Hard,5,56,50,Intermediate
3769,30,18,12,60.0,38,9,8,1,1,2,9,Easy,10,67,28,Intermediate
3770,30,26,4,86.67,20,10,10,6,0,0,4,Hard,13,82,48,Advanced
3771,30,23,7,76.67,24,9,9,5,1,1,5,Hard,7,68,42,Intermediate
3772,30,17,13,56.67,28,8,7,2,2,3,8,Medium,5,72,28,Intermediate
3773,30,23,7,76.67,18,10,8,5,0,2,5,Medium,7,79,41,Advanced
3774,30,24,6,80.0,37,9,10,5,1,0,5,Hard,5,77,44,Intermediate
3775,30,14,16,46.67,59,7,4,3,3,6,7,Medium,7,41,24,Beginner
3776,30,19,11,63.33,43,7,3,9,3,7,1,Medium,2,50,40,Beginner
3777,30,23,7,76.67,30,10,10,3,0,0,7,Hard,8,90,39,Advanced
3778,30,14,16,46.67,59,6,3,5,4,7,5,Easy,4,53,27,Beginner
3779,30,17,13,56.67,22,10,8,0,0,2,11,Medium,7,58,26,Intermediate
3780,30,20,10,66.67,53,7,3,10,3,7,0,Medium,5,42,43,Beginner
3781,30,17,13,56.67,43,6,3,8,4,7,2,Easy,3,59,36,Beginner
3782,30,19,11,63.33,38,7,4,8,3,6,2,Medium,3,66,39,Beginner
3783,30,22,8,73.33,23,10,8,4,0,2,6,Hard,9,71,38,Advanced
3784,30,17,13,56.67,24,9,10,0,1,0,12,Easy,5,67,29,Intermediate
3785,30,19,11,63.33,39,10,9,0,0,1,10,Easy,5,53,28,Intermediate
3786,30,14,16,46.67,58,7,5,2,3,5,8,Easy,2,55,23,Beginner
3787,30,19,11,63.33,33,9,9,1,1,1,9,Hard,9,83,30,Intermediate
3788,30,19,11,63.33,38,9,10,0,1,0,10,Hard,5,84,29,Intermediate
3789,30,14,16,46.67,56,10,4,0,0,6,10,Easy,7,43,18,Beginner
3790,30,19,11,63.33,41,7,3,9,3,7,1,Easy,3,49,40,Beginner
3791,30,24,6,80.0,30,10,10,4,0,0,6,Medium,10,70,42,Advanced
3792,30,24,6,80.0,41,8,8,8,2,2,2,Medium,10,63,48,Intermediate
3793,30,21,9,70.0,41,8,8,5,2,2,5,Easy,7,81,39,Intermediate
3794,30,12,18,40.0,51,6,6,0,4,4,10,Medium,7,37,18,Beginner
3795,30,20,10,66.67,25,10,8,2,0,2,8,Hard,10,81,32,Intermediate
3796,30,19,11,63.33,35,9,7,3,1,3,7,Easy,10,76,32,Intermediate
3797,30,26,4,86.67,23,9,10,7,1,0,3,Hard,4,50,50,Intermediate
3798,30,12,18,40.0,41,8,4,0,2,6,10,Easy,6,41,16,Beginner
3799,30,13,17,43.33,54,9,6,0,1,4,12,Medium,5,70,21,Beginner
3800,30,20,10,66.67,26,8,7,5,2,3,5,Medium,10,52,37,Intermediate
3801,30,16,14,53.33,50,8,5,3,2,5,7,Medium,3,67,27,Beginner
3802,30,29,1,96.67,29,10,9,10,0,1,0,Medium,13,96,58,Advanced
3803,30,16,14,53.33,37,10,6,0,0,4,10,Easy,3,63,22,Beginner
3804,30,19,11,63.33,30,8,7,4,2,3,6,Medium,5,53,34,Intermediate
3805,30,28,2,93.33,19,10,10,8,0,0,2,Medium,12,83,54,Advanced
3806,30,18,12,60.0,51,10,4,4,0,6,6,Medium,4,53,30,Beginner
3807,30,19,11,63.33,34,10,7,2,0,3,8,Easy,8,50,30,Intermediate
3808,30,13,17,43.33,43,10,3,0,0,7,10,Easy,7,49,16,Beginner
3809,30,25,5,83.33,26,10,8,7,0,2,3,Hard,10,91,47,Advanced
3810,30,15,15,50.0,41,10,6,0,0,4,11,Easy,3,55,22,Beginner
3811,30,16,14,53.33,51,6,3,7,4,7,3,Easy,3,41,33,Beginner
3812,30,17,13,56.67,39,9,4,4,1,6,6,Medium,6,54,29,Beginner
3813,30,24,6,80.0,33,8,7,9,2,3,1,Medium,5,58,49,Intermediate
3814,30,18,12,60.0,22,9,10,0,1,0,11,Easy,4,73,29,Intermediate
3815,30,25,5,83.33,20,10,9,6,0,1,4,Hard,7,77,46,Advanced
3816,30,27,3,90.0,21,10,8,9,0,2,1,Hard,12,79,53,Advanced
3817,30,27,3,90.0,28,10,8,9,0,2,1,Medium,13,90,53,Advanced
3818,30,19,11,63.33,46,10,6,3,0,4,7,Easy,7,46,31,Beginner
3819,30,24,6,80.0,17,10,9,5,0,1,5,Hard,15,75,43,Advanced
3820,30,23,7,76.67,20,10,10,3,0,0,7,Hard,7,92,39,Advanced
3821,30,29,1,96.67,21,10,10,9,0,0,1,Medium,10,88,57,Advanced
3822,30,18,12,60.0,41,9,7,2,1,3,8,Hard,7,59,29,Intermediate
3823,30,26,4,86.67,36,10,8,8,0,2,2,Hard,6,72,50,Intermediate
3824,30,20,10,66.67,40,10,8,2,0,2,8,Medium,10,58,32,Intermediate
3825,30,19,11,63.33,40,8,3,8,2,7,2,Easy,3,45,38,Beginner
3826,30,22,8,73.33,32,10,9,3,0,1,7,Medium,13,93,37,Advanced
3827,30,26,4,86.67,32,10,9,7,0,1,3,Hard,7,72,49,Advanced
3828,30,25,5,83.33,15,10,8,7,0,2,3,Hard,13,84,47,Advanced
3829,30,12,18,40.0,45,9,5,0,1,5,12,Medium,6,48,19,Beginner
3830,30,26,4,86.67,28,10,9,7,0,1,3,Hard,12,79,49,Advanced
3831,30,19,11,63.33,22,10,9,0,0,1,10,Hard,5,57,28,Intermediate
3832,30,25,5,83.33,22,9,10,6,1,0,4,Easy,8,78,47,Intermediate
3833,30,16,14,53.33,48,7,5,4,3,5,6,Easy,2,66,29,Beginner
3834,30,27,3,90.0,30,10,9,8,0,1,2,Medium,8,74,52,Advanced
3835,30,27,3,90.0,32,10,8,9,0,2,1,Medium,14,75,53,Advanced
3836,30,19,11,63.33,49,6,4,9,4,6,1,Easy,2,41,41,Beginner
3837,30,24,6,80.0,16,10,9,5,0,1,5,Medium,13,74,43,Advanced
3838,30,17,13,56.67,33,10,8,0,0,2,11,Easy,5,72,26,Intermediate
3839,30,16,14,53.33,43,6,6,4,4,4,6,Medium,2,70,30,Beginner
3840,30,23,7,76.67,23,8,9,6,2,1,4,Medium,5,51,44,Intermediate
3841,30,26,4,86.67,36,8,7,11,2,3,0,Hard,7,66,55,Intermediate
3842,30,22,8,73.33,36,9,7,6,1,3,4,Easy,6,65,41,Intermediate
3843,30,24,6,80.0,42,8,8,8,2,2,2,Easy,7,73,48,Intermediate
3844,30,24,6,80.0,23,10,7,7,0,3,3,Medium,10,80,45,Intermediate
3845,30,25,5,83.33,16,10,10,5,0,0,5,Medium,8,91,45,Advanced
3846,30,13,17,43.33,49,8,3,2,2,7,8,Easy,5,38,20,Beginner
3847,30,23,7,76.67,28,10,8,5,0,2,5,Hard,10,59,41,Intermediate
3848,30,20,10,66.67,56,7,6,7,3,4,3,Medium,2,42,40,Beginner
3849,30,19,11,63.33,34,9,8,2,1,2,8,Hard,7,54,31,Intermediate
3850,30,24,6,80.0,28,9,10,5,1,0,5,Easy,5,55,44,Intermediate
3851,30,22,8,73.33,37,10,7,5,0,3,5,Hard,4,82,39,Intermediate
3852,30,20,10,66.67,33,10,10,0,0,0,10,Easy,5,68,30,Intermediate
3853,30,25,5,83.33,29,10,10,5,0,0,5,Medium,11,86,45,Advanced
3854,30,18,12,60.0,36,9,5,4,1,5,6,Medium,6,40,31,Beginner
3855,30,30,0,100.0,20,10,9,11,0,1,0,Hard,14,87,61,Advanced
3856,30,19,11,63.33,41,8,10,1,2,0,9,Hard,10,85,31,Intermediate
3857,30,18,12,60.0,35,10,9,0,0,1,11,Easy,9,58,28,Intermediate
3858,30,25,5,83.33,16,10,8,7,0,2,3,Hard,14,79,47,Advanced
3859,30,29,1,96.67,19,10,8,11,0,2,0,Medium,10,88,59,Advanced
3860,30,14,16,46.67,44,8,3,3,2,7,7,Easy,5,70,23,Beginner
3861,30,16,14,53.33,51,6,3,7,4,7,3,Medium,2,55,33,Beginner
3862,30,19,11,63.33,39,9,10,0,1,0,10,Easy,10,66,29,Intermediate
3863,30,27,3,90.0,24,10,10,7,0,0,3,Hard,7,71,51,Advanced
3864,30,16,14,53.33,44,6,5,5,4,5,5,Medium,3,41,31,Beginner
3865,30,17,13,56.67,41,9,7,1,1,3,9,Easy,4,64,26,Intermediate
3866,30,30,0,100.0,28,10,10,10,0,0,0,Hard,7,88,60,Advanced
3867,30,21,9,70.0,24,8,9,4,2,1,6,Medium,8,59,38,Intermediate
3868,30,27,3,90.0,24,10,9,8,0,1,2,Hard,8,97,52,Advanced
3869,30,22,8,73.33,19,10,9,3,0,1,7,Medium,8,97,37,Advanced
3870,30,15,15,50.0,37,7,4,4,3,6,6,Easy,4,50,27,Beginner
3871,30,25,5,83.33,33,8,7,10,2,3,0,Easy,8,53,52,Intermediate
3872,30,19,11,63.33,49,6,6,7,4,4,3,Easy,6,37,39,Beginner
3873,30,30,0,100.0,22,10,8,12,0,2,0,Hard,14,94,62,Advanced
3874,30,25,5,83.33,26,10,9,6,0,1,4,Hard,12,73,46,Advanced
3875,30,14,16,46.67,56,7,6,1,3,4,9,Easy,5,41,22,Beginner
3876,30,14,16,46.67,55,8,4,2,2,6,8,Easy,7,53,22,Beginner
3877,30,25,5,83.33,35,9,7,9,1,3,1,Easy,5,53,50,Intermediate
3878,30,18,12,60.0,38,7,4,7,3,6,3,Easy,2,51,36,Beginner
3879,30,28,2,93.33,24,10,9,9,0,1,1,Medium,9,85,55,Advanced
3880,30,23,7,76.67,29,10,8,5,0,2,5,Hard,11,83,41,Advanced
3881,30,23,7,76.67,41,8,10,5,2,0,5,Easy,9,83,43,Intermediate
3882,30,12,18,40.0,58,6,4,2,4,6,8,Medium,3,42,20,Beginner
3883,30,28,2,93.33,16,10,9,9,0,1,1,Medium,11,88,55,Advanced
3884,30,23,7,76.67,28,10,9,4,0,1,6,Medium,10,87,40,Advanced
3885,30,21,9,70.0,37,8,7,6,2,3,4,Easy,6,53,40,Intermediate
3886,30,13,17,43.33,50,9,6,0,1,4,12,Easy,7,39,21,Beginner
3887,30,21,9,70.0,42,9,7,5,1,3,5,Hard,5,70,38,Intermediate
3888,30,21,9,70.0,38,8,7,6,2,3,4,Medium,4,81,40,Intermediate
3889,30,29,1,96.67,16,10,9,10,0,1,0,Hard,12,83,58,Advanced
3890,30,17,13,56.67,42,10,10,0,0,0,13,Medium,6,69,30,Intermediate
3891,30,25,5,83.33,37,9,7,9,1,3,1,Medium,10,73,50,Intermediate
3892,30,15,15,50.0,50,9,5,1,1,5,9,Easy,3,49,22,Beginner
3893,30,18,12,60.0,52,10,3,5,0,7,5,Easy,5,62,31,Beginner
3894,30,15,15,50.0,44,10,3,2,0,7,8,Easy,4,42,22,Beginner
3895,30,23,7,76.67,23,10,8,5,0,2,5,Easy,6,54,41,Intermediate
3896,30,19,11,63.33,23,10,8,1,0,2,9,Hard,7,60,29,Intermediate
3897,30,20,10,66.67,36,10,6,4,0,4,6,Easy,4,69,34,Beginner
3898,30,23,7,76.67,25,9,7,7,1,3,3,Hard,8,66,44,Intermediate
3899,30,23,7,76.67,24,10,10,3,0,0,7,Medium,12,88,39,Advanced
3900,30,20,10,66.67,37,8,4,8,2,6,2,Medium,5,67,40,Beginner
3901,30,26,4,86.67,24,8,9,9,2,1,1,Medium,10,70,53,Intermediate
3902,30,17,13,56.67,32,10,8,0,0,2,11,Easy,8,72,26,Intermediate
3903,30,21,9,70.0,33,8,10,3,2,0,7,Hard,5,59,37,Intermediate
3904,30,22,8,73.33,32,10,10,2,0,0,8,Medium,15,81,36,Advanced
3905,30,30,0,100.0,29,10,10,10,0,0,0,Hard,10,80,60,Advanced
3906,30,30,0,100.0,18,10,9,11,0,1,0,Hard,13,74,61,Advanced
3907,30,23,7,76.67,21,10,10,3,0,0,7,Medium,7,75,39,Advanced
3908,30,22,8,73.33,34,9,7,6,1,3,4,Medium,9,76,41,Intermediate
3909,30,28,2,93.33,28,10,10,8,0,0,2,Medium,11,79,54,Advanced
3910,30,30,0,100.0,32,10,9,11,0,1,0,Hard,15,71,61,Advanced
3911,30,19,11,63.33,37,8,10,1,2,0,9,Medium,4,78,31,Intermediate
3912,30,18,12,60.0,40,8,8,2,2,2,8,Medium,8,85,30,Intermediate
3913,30,17,13,56.67,58,9,5,3,1,5,7,Easy,6,57,28,Beginner
3914,30,16,14,53.33,37,9,5,2,1,5,8,Easy,2,48,25,Beginner
3915,30,16,14,53.33,60,9,5,2,1,5,8,Medium,3,68,25,Beginner
3916,30,26,4,86.67,38,10,9,7,0,1,3,Easy,7,52,49,Intermediate
3917,30,15,15,50.0,58,10,4,1,0,6,9,Medium,4,60,21,Beginner
3918,30,19,11,63.33,51,7,3,9,3,7,1,Easy,3,55,40,Beginner
3919,30,28,2,93.33,30,10,10,8,0,0,2,Medium,15,97,54,Advanced
3920,30,23,7,76.67,26,10,9,4,0,1,6,Medium,7,94,40,Advanced
3921,30,23,7,76.67,28,9,10,4,1,0,6,Medium,8,80,41,Intermediate
3922,30,30,0,100.0,28,10,9,11,0,1,0,Hard,7,89,61,Advanced
3923,30,28,2,93.33,16,10,10,8,0,0,2,Hard,11,95,54,Advanced
3924,30,17,13,56.67,46,7,4,6,3,6,4,Easy,3,58,33,Beginner
3925,30,25,5,83.33,24,8,9,8,2,1,2,Medium,10,76,50,Intermediate
3926,30,30,0,100.0,24,10,9,11,0,1,0,Hard,9,71,61,Advanced
3927,30,23,7,76.67,31,10,10,3,0,0,7,Medium,12,79,39,Advanced
3928,30,17,13,56.67,53,9,6,2,1,4,8,Medium,4,42,27,Beginner
3929,30,16,14,53.33,56,8,6,2,2,4,8,Easy,4,54,26,Beginner
3930,30,19,11,63.33,41,6,4,9,4,6,1,Medium,3,36,41,Beginner
3931,30,25,5,83.33,27,9,9,7,1,1,3,Hard,4,53,48,Intermediate
3932,30,19,11,63.33,41,9,9,1,1,1,9,Medium,7,62,30,Intermediate
3933,30,16,14,53.33,41,7,4,5,3,6,5,Medium,7,45,30,Beginner
3934,30,26,4,86.67,20,10,10,6,0,0,4,Hard,14,85,48,Advanced
3935,30,22,8,73.33,15,10,8,4,0,2,6,Medium,15,90,38,Advanced
3936,30,18,12,60.0,45,10,6,2,0,4,8,Medium,4,58,28,Beginner
3937,30,17,13,56.67,37,8,10,0,2,0,11,Hard,5,67,28,Intermediate
3938,30,14,16,46.67,52,7,3,4,3,7,6,Easy,3,51,25,Beginner
3939,30,26,4,86.67,25,10,8,8,0,2,2,Hard,9,74,50,Advanced
3940,30,20,10,66.67,51,10,5,5,0,5,5,Easy,6,62,35,Beginner
3941,30,21,9,70.0,27,9,10,2,1,0,8,Hard,7,58,35,Intermediate
3942,30,23,7,76.67,29,10,7,6,0,3,4,Medium,5,79,42,Intermediate
3943,30,12,18,40.0,48,8,6,0,2,4,12,Easy,2,35,20,Beginner
3944,30,25,5,83.33,33,9,10,6,1,0,4,Hard,4,56,47,Intermediate
3945,30,22,8,73.33,33,10,9,3,0,1,7,Easy,8,85,37,Intermediate
3946,30,23,7,76.67,22,8,10,5,2,0,5,Hard,10,69,43,Intermediate
3947,30,12,18,40.0,38,7,5,0,3,5,10,Easy,5,48,17,Beginner
3948,30,19,11,63.33,45,7,3,9,3,7,1,Easy,4,35,40,Beginner
3949,30,24,6,80.0,23,10,9,5,0,1,5,Hard,14,96,43,Advanced
3950,30,18,12,60.0,38,9,8,1,1,2,9,Medium,10,74,28,Intermediate
3951,30,26,4,86.67,17,10,9,7,0,1,3,Medium,8,99,49,Advanced
3952,30,18,12,60.0,60,8,4,6,2,6,4,Easy,5,46,34,Beginner
3953,30,17,13,56.67,24,8,7,2,2,3,8,Easy,5,58,28,Intermediate
3954,30,17,13,56.67,36,9,3,5,1,7,5,Medium,5,60,30,Beginner
3955,30,17,13,56.67,40,8,10,0,2,0,11,Hard,10,60,28,Intermediate
3956,30,18,12,60.0,39,9,9,0,1,1,10,Medium,7,54,27,Intermediate
3957,30,25,5,83.33,18,10,9,6,0,1,4,Medium,8,88,46,Advanced
3958,30,17,13,56.67,47,6,5,6,4,5,4,Easy,3,69,34,Beginner
3959,30,20,10,66.67,42,8,3,9,2,7,1,Medium,5,50,41,Beginner
3960,30,19,11,63.33,53,10,5,4,0,5,6,Easy,3,59,32,Beginner
3961,30,23,7,76.67,26,10,7,6,0,3,4,Medium,7,53,42,Intermediate
3962,30,23,7,76.67,22,8,7,8,2,3,2,Hard,9,71,46,Intermediate
3963,30,13,17,43.33,48,10,5,0,0,5,12,Medium,4,64,20,Beginner
3964,30,16,14,53.33,52,7,3,6,3,7,4,Medium,4,70,31,Beginner
3965,30,26,4,86.67,40,9,7,10,1,3,0,Medium,6,82,53,Intermediate
3966,30,21,9,70.0,42,10,9,2,0,1,8,Hard,5,65,34,Intermediate
3967,30,25,5,83.33,28,10,10,5,0,0,5,Medium,7,100,45,Advanced
3968,30,29,1,96.67,22,10,10,9,0,0,1,Hard,13,74,57,Advanced
3969,30,20,10,66.67,51,7,5,8,3,5,2,Easy,2,40,41,Beginner
3970,30,22,8,73.33,26,9,9,4,1,1,6,Medium,8,55,39,Intermediate
3971,30,30,0,100.0,29,10,10,10,0,0,0,Medium,15,79,60,Advanced
3972,30,16,14,53.33,36,9,3,4,1,7,6,Medium,3,43,27,Beginner
3973,30,25,5,83.33,26,9,8,8,1,2,2,Easy,7,78,49,Intermediate
3974,30,27,3,90.0,15,10,8,9,0,2,1,Hard,8,72,53,Advanced
3975,30,28,2,93.33,19,10,10,8,0,0,2,Medium,14,80,54,Advanced
3976,30,19,11,63.33,58,7,4,8,3,6,2,Easy,2,63,39,Beginner
3977,30,21,9,70.0,36,10,9,2,0,1,8,Easy,9,66,34,Intermediate
3978,30,25,5,83.33,42,8,8,9,2,2,1,Hard,9,80,51,Intermediate
3979,30,24,6,80.0,26,10,10,4,0,0,6,Hard,9,81,42,Intermediate
3980,30,25,5,83.33,15,10,10,5,0,0,5,Hard,8,98,45,Advanced
3981,30,25,5,83.33,24,10,9,6,0,1,4,Hard,7,78,46,Advanced
3982,30,26,4,86.67,23,10,9,7,0,1,3,Hard,8,78,49,Advanced
3983,30,26,4,86.67,19,10,10,6,0,0,4,Medium,10,92,48,Advanced
3984,30,22,8,73.33,19,10,9,3,0,1,7,Medium,11,85,37,Advanced
3985,30,20,10,66.67,41,8,6,6,2,4,4,Easy,4,69,38,Beginner
3986,30,18,12,60.0,38,7,3,8,3,7,2,Easy,2,37,37,Beginner
3987,30,30,0,100.0,27,10,10,10,0,0,0,Hard,13,78,60,Advanced
3988,30,17,13,56.67,59,6,3,8,4,7,2,Easy,3,57,36,Beginner
3989,30,22,8,73.33,40,9,10,3,1,0,7,Hard,6,74,38,Intermediate
3990,30,22,8,73.33,37,10,9,3,0,1,7,Hard,4,56,37,Intermediate
3991,30,18,12,60.0,25,9,8,1,1,2,9,Medium,8,80,28,Intermediate
3992,30,25,5,83.33,34,8,7,10,2,3,0,Medium,10,70,52,Intermediate
3993,30,30,0,100.0,20,10,10,10,0,0,0,Hard,14,100,60,Advanced
3994,30,22,8,73.33,29,9,10,3,1,0,7,Hard,9,55,38,Intermediate
3995,30,20,10,66.67,35,10,6,4,0,4,6,Medium,2,38,34,Beginner
3996,30,22,8,73.33,39,9,9,4,1,1,6,Easy,10,71,39,Intermediate
3997,30,19,11,63.33,43,9,3,7,1,7,3,Easy,6,51,36,Beginner
3998,30,12,18,40.0,53,6,6,0,4,4,10,Easy,6,68,18,Beginner
3999,30,23,7,76.67,32,9,7,7,1,3,3,Easy,4,81,44,Intermediate
4000,30,18,12,60.0,50,6,6,6,4,4,4,Medium,7,37,36,Beginner
4001,30,24,6,80.0,16,10,8,6,0,2,4,Hard,13,96,44,Advanced
4002,30,12,18,40.0,37,6,3,3,4,7,7,Easy,6,40,21,Beginner
4003,30,28,2,93.33,19,10,9,9,0,1,1,Hard,8,91,55,Advanced
4004,30,23,7,76.67,31,8,9,6,2,1,4,Hard,4,70,44,Intermediate
4005,30,17,13,56.67,24,8,9,0,2,1,10,Easy,8,78,26,Intermediate
4006,30,20,10,66.67,42,6,3,11,4,7,0,Medium,5,58,45,Beginner
4007,30,30,0,100.0,16,10,10,10,0,0,0,Medium,9,81,60,Advanced
4008,30,23,7,76.67,24,10,8,5,0,2,5,Hard,13,93,41,Advanced
4009,30,27,3,90.0,15,10,8,9,0,2,1,Hard,11,77,53,Advanced
4010,30,16,14,53.33,53,8,6,2,2,4,8,Easy,3,48,26,Beginner
4011,30,24,6,80.0,31,8,10,6,2,0,4,Hard,8,76,46,Intermediate
4012,30,19,11,63.33,39,9,8,2,1,2,8,Hard,4,60,31,Intermediate
4013,30,12,18,40.0,59,9,6,0,1,4,13,Medium,4,37,21,Beginner
4014,30,29,1,96.67,24,10,9,10,0,1,0,Medium,7,99,58,Advanced
4015,30,17,13,56.67,35,9,3,5,1,7,5,Medium,4,66,30,Beginner
4016,30,18,12,60.0,40,9,7,2,1,3,8,Easy,5,83,29,Intermediate
4017,30,23,7,76.67,35,8,9,6,2,1,4,Easy,7,53,44,Intermediate
4018,30,23,7,76.67,27,10,9,4,0,1,6,Hard,9,71,40,Advanced
4019,30,20,10,66.67,38,10,9,1,0,1,9,Medium,10,66,31,Intermediate
4020,30,25,5,83.33,27,9,8,8,1,2,2,Hard,8,51,49,Intermediate
4021,30,23,7,76.67,40,10,7,6,0,3,4,Easy,8,76,42,Intermediate
4022,30,16,14,53.33,54,9,4,3,1,6,7,Easy,5,49,26,Beginner
4023,30,22,8,73.33,22,10,10,2,0,0,8,Hard,9,96,36,Advanced
4024,30,27,3,90.0,23,10,8,9,0,2,1,Hard,12,84,53,Advanced
4025,30,12,18,40.0,58,7,5,0,3,5,10,Easy,6,57,17,Beginner
4026,30,23,7,76.67,30,8,8,7,2,2,3,Easy,7,65,45,Intermediate
4027,30,29,1,96.67,28,10,10,9,0,0,1,Medium,12,73,57,Advanced
4028,30,25,5,83.33,24,9,10,6,1,0,4,Hard,6,67,47,Intermediate
4029,30,30,0,100.0,21,10,9,11,0,1,0,Hard,15,89,61,Advanced
4030,30,26,4,86.67,15,10,8,8,0,2,2,Hard,15,72,50,Advanced
4031,30,20,10,66.67,38,8,7,5,2,3,5,Medium,10,54,37,Intermediate
4032,30,24,6,80.0,30,10,8,6,0,2,4,Medium,14,70,44,Advanced
4033,30,23,7,76.67,29,10,9,4,0,1,6,Hard,11,87,40,Advanced
4034,30,16,14,53.33,46,10,6,0,0,4,10,Easy,5,62,22,Beginner
4035,30,22,8,73.33,27,10,10,2,0,0,8,Hard,6,64,36,Intermediate
4036,30,27,3,90.0,21,10,8,9,0,2,1,Hard,13,91,53,Advanced
4037,30,24,6,80.0,22,10,7,7,0,3,3,Hard,6,67,45,Intermediate
4038,30,17,13,56.67,44,7,6,4,3,4,6,Easy,6,41,31,Beginner
4039,30,23,7,76.67,25,10,7,6,0,3,4,Easy,10,67,42,Intermediate
4040,30,18,12,60.0,31,9,10,0,1,0,11,Hard,6,64,29,Intermediate
4041,30,30,0,100.0,22,10,10,10,0,0,0,Medium,12,71,60,Advanced
4042,30,19,11,63.33,58,8,6,5,2,4,5,Easy,5,67,35,Beginner
4043,30,27,3,90.0,15,10,9,8,0,1,2,Medium,13,87,52,Advanced
4044,30,20,10,66.67,30,8,8,4,2,2,6,Easy,10,53,36,Intermediate
4045,30,24,6,80.0,31,10,7,7,0,3,3,Easy,9,59,45,Intermediate
4046,30,23,7,76.67,26,10,9,4,0,1,6,Medium,8,80,40,Advanced
4047,30,25,5,83.33,20,10,10,5,0,0,5,Medium,14,86,45,Advanced
4048,30,22,8,73.33,27,10,9,3,0,1,7,Medium,15,99,37,Advanced
4049,30,20,10,66.67,37,8,3,9,2,7,1,Easy,6,52,41,Beginner
4050,30,29,1,96.67,22,10,9,10,0,1,0,Medium,8,79,58,Advanced
4051,30,26,4,86.67,31,10,10,6,0,0,4,Hard,12,72,48,Advanced
4052,30,16,14,53.33,35,6,5,5,4,5,5,Medium,6,66,31,Beginner
4053,30,29,1,96.67,19,10,10,9,0,0,1,Hard,11,97,57,Advanced
4054,30,22,8,73.33,26,8,7,7,2,3,3,Hard,9,69,43,Intermediate
4055,30,13,17,43.33,46,8,4,1,2,6,9,Easy,7,39,19,Beginner
4056,30,15,15,50.0,55,6,4,5,4,6,5,Easy,6,61,29,Beginner
4057,30,14,16,46.67,55,6,4,4,4,6,6,Medium,4,48,26,Beginner
4058,30,28,2,93.33,27,10,8,10,0,2,0,Hard,7,76,56,Advanced
4059,30,25,5,83.33,31,10,10,5,0,0,5,Hard,8,76,45,Advanced
4060,30,17,13,56.67,41,6,5,6,4,5,4,Easy,3,46,34,Beginner
4061,30,23,7,76.67,30,10,9,4,0,1,6,Medium,11,95,40,Advanced
4062,30,13,17,43.33,59,6,3,4,4,7,6,Medium,3,49,24,Beginner
4063,30,25,5,83.33,23,9,9,7,1,1,3,Hard,6,53,48,Intermediate
4064,30,24,6,80.0,24,10,9,5,0,1,5,Easy,6,85,43,Intermediate
4065,30,22,8,73.33,25,10,9,3,0,1,7,Hard,9,96,37,Advanced
4066,30,22,8,73.33,30,8,8,6,2,2,4,Hard,10,51,42,Intermediate
4067,30,27,3,90.0,31,10,8,9,0,2,1,Medium,9,70,53,Advanced
4068,30,18,12,60.0,41,10,8,0,0,2,10,Medium,8,81,26,Intermediate
4069,30,19,11,63.33,26,10,10,0,0,0,11,Medium,10,58,30,Intermediate
4070,30,22,8,73.33,25,9,8,5,1,2,5,Easy,10,75,40,Intermediate
4071,30,24,6,80.0,26,8,8,8,2,2,2,Medium,6,67,48,Intermediate
4072,30,22,8,73.33,32,10,10,2,0,0,8,Hard,10,70,36,Intermediate
4073,30,26,4,86.67,25,10,8,8,0,2,2,Medium,15,86,50,Advanced
4074,30,25,5,83.33,20,10,9,6,0,1,4,Hard,14,82,46,Advanced
4075,30,26,4,86.67,24,10,8,8,0,2,2,Hard,10,80,50,Advanced
4076,30,23,7,76.67,24,10,10,3,0,0,7,Hard,11,85,39,Advanced
4077,30,26,4,86.67,33,9,10,7,1,0,3,Medium,8,73,50,Intermediate
4078,30,25,5,83.33,42,10,7,8,0,3,2,Easy,10,65,48,Intermediate
4079,30,25,5,83.33,23,10,10,5,0,0,5,Hard,10,80,45,Advanced
4080,30,24,6,80.0,28,9,8,7,1,2,3,Hard,7,54,46,Intermediate
4081,30,17,13,56.67,56,7,3,7,3,7,3,Medium,4,67,34,Beginner
4082,30,15,15,50.0,45,6,3,6,4,7,4,Medium,7,45,30,Beginner
4083,30,22,8,73.33,15,10,10,2,0,0,8,Hard,10,90,36,Advanced
4084,30,21,9,70.0,35,8,10,3,2,0,7,Medium,7,50,37,Intermediate
4085,30,16,14,53.33,60,7,5,4,3,5,6,Medium,5,38,29,Beginner
4086,30,25,5,83.33,40,9,9,7,1,1,3,Easy,6,60,48,Intermediate
4087,30,23,7,76.67,27,10,8,5,0,2,5,Medium,13,97,41,Advanced
4088,30,25,5,83.33,39,9,10,6,1,0,4,Easy,7,54,47,Intermediate
4089,30,20,10,66.67,38,10,8,2,0,2,8,Hard,9,60,32,Intermediate
4090,30,17,13,56.67,36,9,8,0,1,2,10,Medium,7,73,25,Intermediate
4091,30,17,13,56.67,25,10,9,0,0,1,12,Hard,8,84,28,Intermediate
4092,30,25,5,83.33,18,10,10,5,0,0,5,Medium,8,95,45,Advanced
4093,30,28,2,93.33,32,10,8,10,0,2,0,Hard,7,80,56,Advanced
4094,30,19,11,63.33,42,9,8,2,1,2,8,Hard,6,50,31,Intermediate
4095,30,15,15,50.0,45,8,5,2,2,5,8,Medium,3,42,24,Beginner
4096,30,18,12,60.0,50,7,4,7,3,6,3,Medium,6,66,36,Beginner
4097,30,22,8,73.33,36,9,10,3,1,0,7,Medium,6,75,38,Intermediate
4098,30,18,12,60.0,23,8,7,3,2,3,7,Easy,7,78,31,Intermediate
4099,30,21,9,70.0,25,8,10,3,2,0,7,Hard,5,62,37,Intermediate
4100,30,19,11,63.33,24,9,7,3,1,3,7,Hard,4,84,32,Intermediate
4101,30,18,12,60.0,57,6,4,8,4,6,2,Easy,7,40,38,Beginner
4102,30,19,11,63.33,32,8,9,2,2,1,8,Easy,7,85,32,Intermediate
4103,30,17,13,56.67,39,9,7,1,1,3,9,Medium,4,78,26,Intermediate
4104,30,22,8,73.33,36,9,10,3,1,0,7,Medium,7,65,38,Intermediate
4105,30,14,16,46.67,46,7,3,4,3,7,6,Medium,6,61,25,Beginner
4106,30,24,6,80.0,25,10,10,4,0,0,6,Hard,9,90,42,Advanced
4107,30,28,2,93.33,29,10,10,8,0,0,2,Medium,15,92,54,Advanced
4108,30,19,11,63.33,38,10,9,0,0,1,10,Medium,9,51,28,Intermediate
4109,30,19,11,63.33,45,6,3,10,4,7,0,Medium,7,35,42,Beginner
4110,30,12,18,40.0,42,7,3,2,3,7,8,Easy,3,40,19,Beginner
4111,30,24,6,80.0,29,10,9,5,0,1,5,Hard,14,83,43,Advanced
4112,30,24,6,80.0,38,8,7,9,2,3,1,Easy,10,56,49,Intermediate
4113,30,13,17,43.33,50,7,6,0,3,4,10,Easy,3,60,19,Beginner
4114,30,22,8,73.33,23,10,9,3,0,1,7,Hard,15,80,37,Advanced
4115,30,20,10,66.67,41,9,7,4,1,3,6,Easy,6,53,35,Intermediate
4116,30,14,16,46.67,43,7,6,1,3,4,9,Medium,6,42,22,Beginner
4117,30,19,11,63.33,23,10,8,1,0,2,9,Easy,5,63,29,Intermediate
4118,30,22,8,73.33,18,10,8,4,0,2,6,Hard,8,97,38,Advanced
4119,30,17,13,56.67,23,8,9,0,2,1,10,Hard,10,72,26,Intermediate
4120,30,21,9,70.0,31,9,7,5,1,3,5,Easy,10,69,38,Intermediate
4121,30,14,16,46.67,38,8,5,1,2,5,9,Medium,6,63,21,Beginner
4122,30,27,3,90.0,30,10,8,9,0,2,1,Hard,10,76,53,Advanced
4123,30,13,17,43.33,46,10,3,0,0,7,10,Medium,4,56,16,Beginner
4124,30,28,2,93.33,23,10,9,9,0,1,1,Hard,15,76,55,Advanced
4125,30,25,5,83.33,41,9,10,6,1,0,4,Hard,7,53,47,Intermediate
4126,30,24,6,80.0,30,8,10,6,2,0,4,Medium,9,74,46,Intermediate
4127,30,16,14,53.33,42,7,4,5,3,6,5,Easy,3,67,30,Beginner
4128,30,20,10,66.67,26,9,8,3,1,2,7,Easy,8,83,34,Intermediate
4129,30,23,7,76.67,29,10,7,6,0,3,4,Easy,7,70,42,Intermediate
4130,30,23,7,76.67,27,8,9,6,2,1,4,Hard,7,70,44,Intermediate
4131,30,24,6,80.0,33,9,8,7,1,2,3,Easy,4,81,46,Intermediate
4132,30,22,8,73.33,36,8,9,5,2,1,5,Hard,6,76,41,Intermediate
4133,30,24,6,80.0,27,10,9,5,0,1,5,Hard,9,57,43,Intermediate
4134,30,20,10,66.67,47,8,4,8,2,6,2,Easy,5,44,40,Beginner
4135,30,14,16,46.67,36,7,3,4,3,7,6,Easy,3,54,25,Beginner
4136,30,21,9,70.0,23,9,9,3,1,1,7,Easy,4,58,36,Intermediate
4137,30,26,4,86.67,23,10,9,7,0,1,3,Hard,9,92,49,Advanced
4138,30,17,13,56.67,42,9,4,4,1,6,6,Medium,5,45,29,Beginner
4139,30,26,4,86.67,27,10,9,7,0,1,3,Medium,13,93,49,Advanced
4140,30,23,7,76.67,42,8,10,5,2,0,5,Hard,10,72,43,Intermediate
4141,30,24,6,80.0,36,8,7,9,2,3,1,Medium,4,62,49,Intermediate
4142,30,26,4,86.67,28,10,8,8,0,2,2,Medium,11,93,50,Advanced
4143,30,26,4,86.67,37,8,9,9,2,1,1,Easy,5,61,53,Intermediate
4144,30,30,0,100.0,32,10,10,10,0,0,0,Hard,14,100,60,Advanced
4145,30,28,2,93.33,16,10,10,8,0,0,2,Medium,7,100,54,Advanced
4146,30,16,14,53.33,51,6,4,6,4,6,4,Medium,7,60,32,Beginner
4147,30,19,11,63.33,60,10,6,3,0,4,7,Easy,4,50,31,Beginner
4148,30,24,6,80.0,41,9,10,5,1,0,5,Medium,10,73,44,Intermediate
4149,30,13,17,43.33,60,9,6,0,1,4,12,Medium,3,60,21,Beginner
4150,30,23,7,76.67,20,10,10,3,0,0,7,Hard,9,85,39,Advanced
4151,30,20,10,66.67,25,9,10,1,1,0,9,Hard,6,78,32,Intermediate
4152,30,27,3,90.0,26,10,9,8,0,1,2,Medium,11,99,52,Advanced
4153,30,15,15,50.0,47,7,4,4,3,6,6,Medium,5,37,27,Beginner
4154,30,19,11,63.33,22,9,8,2,1,2,8,Easy,10,56,31,Intermediate
4155,30,18,12,60.0,50,6,6,6,4,4,4,Easy,4,63,36,Beginner
4156,30,25,5,83.33,25,10,10,5,0,0,5,Hard,10,90,45,Advanced
4157,30,30,0,100.0,25,10,8,12,0,2,0,Hard,11,76,62,Advanced
4158,30,18,12,60.0,53,8,3,7,2,7,3,Easy,4,63,35,Beginner
4159,30,12,18,40.0,39,10,5,0,0,5,13,Medium,4,64,20,Beginner
4160,30,19,11,63.33,57,8,5,6,2,5,4,Easy,7,46,36,Beginner
4161,30,18,12,60.0,27,8,7,3,2,3,7,Easy,6,76,31,Intermediate
4162,30,22,8,73.33,38,8,8,6,2,2,4,Hard,5,73,42,Intermediate
4163,30,13,17,43.33,43,10,4,0,0,6,11,Easy,5,62,18,Beginner
4164,30,26,4,86.67,22,8,9,9,2,1,1,Medium,8,63,53,Intermediate
4165,30,22,8,73.33,23,9,8,5,1,2,5,Easy,4,80,40,Intermediate
4166,30,29,1,96.67,18,10,9,10,0,1,0,Medium,14,83,58,Advanced
4167,30,24,6,80.0,40,9,10,5,1,0,5,Easy,7,60,44,Intermediate
4168,30,29,1,96.67,31,10,8,11,0,2,0,Medium,13,89,59,Advanced
4169,30,24,6,80.0,29,8,10,6,2,0,4,Medium,7,58,46,Intermediate
4170,30,16,14,53.33,59,7,6,3,3,4,7,Easy,6,39,28,Beginner
4171,30,24,6,80.0,28,10,8,6,0,2,4,Medium,7,84,44,Advanced
4172,30,17,13,56.67,36,8,6,3,2,4,7,Easy,3,35,29,Beginner
4173,30,20,10,66.67,53,8,5,7,2,5,3,Medium,2,40,39,Beginner
4174,30,24,6,80.0,25,8,8,8,2,2,2,Hard,9,54,48,Intermediate
4175,30,22,8,73.33,29,10,8,4,0,2,6,Hard,12,92,38,Advanced
4176,30,17,13,56.67,57,10,4,3,0,6,7,Medium,2,58,27,Beginner
4177,30,28,2,93.33,30,10,9,9,0,1,1,Medium,13,85,55,Advanced
4178,30,27,3,90.0,29,10,8,9,0,2,1,Medium,10,89,53,Advanced
4179,30,12,18,40.0,57,7,4,1,3,6,9,Medium,7,49,18,Beginner
4180,30,25,5,83.33,38,9,7,9,1,3,1,Easy,4,71,50,Intermediate
4181,30,15,15,50.0,42,7,6,2,3,4,8,Medium,6,37,25,Beginner
4182,30,19,11,63.33,22,9,7,3,1,3,7,Medium,8,58,32,Intermediate
4183,30,20,10,66.67,44,10,6,4,0,4,6,Medium,7,49,34,Beginner
4184,30,18,12,60.0,35,6,5,7,4,5,3,Easy,4,39,37,Beginner
4185,30,13,17,43.33,50,8,6,0,2,4,11,Easy,6,63,20,Beginner
4186,30,20,10,66.67,39,10,5,5,0,5,5,Easy,4,40,35,Beginner
4187,30,22,8,73.33,37,9,10,3,1,0,7,Easy,7,80,38,Intermediate
4188,30,26,4,86.67,19,10,9,7,0,1,3,Hard,13,81,49,Advanced
4189,30,14,16,46.67,49,8,3,3,2,7,7,Medium,6,38,23,Beginner
4190,30,19,11,63.33,60,6,5,8,4,5,2,Easy,2,42,40,Beginner
4191,30,19,11,63.33,52,9,4,6,1,6,4,Easy,4,47,35,Beginner
4192,30,19,11,63.33,41,9,6,4,1,4,6,Medium,6,52,33,Beginner
4193,30,25,5,83.33,34,8,9,8,2,1,2,Hard,9,70,50,Intermediate
4194,30,25,5,83.33,18,10,8,7,0,2,3,Hard,7,83,47,Advanced
4195,30,18,12,60.0,39,7,4,7,3,6,3,Easy,6,50,36,Beginner
4196,30,15,15,50.0,42,6,4,5,4,6,5,Medium,7,51,29,Beginner
4197,30,19,11,63.33,60,8,5,6,2,5,4,Easy,3,70,36,Beginner
4198,30,18,12,60.0,43,6,5,7,4,5,3,Easy,5,57,37,Beginner
4199,30,29,1,96.67,25,10,9,10,0,1,0,Medium,10,82,58,Advanced
4200,30,22,8,73.33,27,10,10,2,0,0,8,Medium,12,76,36,Advanced
4201,30,14,16,46.67,38,6,4,4,4,6,6,Medium,2,54,26,Beginner
4202,30,23,7,76.67,36,10,7,6,0,3,4,Medium,5,72,42,Intermediate
4203,30,19,11,63.33,36,10,6,3,0,4,7,Easy,5,53,31,Beginner
4204,30,30,0,100.0,17,10,10,10,0,0,0,Medium,14,84,60,Advanced
4205,30,24,6,80.0,35,10,10,4,0,0,6,Easy,9,56,42,Intermediate
4206,30,19,11,63.33,49,7,6,6,3,4,4,Easy,3,68,37,Beginner
4207,30,24,6,80.0,19,10,10,4,0,0,6,Medium,7,100,42,Advanced
4208,30,24,6,80.0,34,8,8,8,2,2,2,Hard,6,52,48,Intermediate
4209,30,23,7,76.67,23,10,10,3,0,0,7,Hard,12,93,39,Advanced
4210,30,29,1,96.67,22,10,10,9,0,0,1,Hard,11,93,57,Advanced
4211,30,27,3,90.0,21,10,10,7,0,0,3,Medium,11,78,51,Advanced
4212,30,22,8,73.33,20,10,9,3,0,1,7,Hard,13,85,37,Advanced
4213,30,26,4,86.67,29,9,8,9,1,2,1,Easy,9,71,52,Intermediate
4214,30,28,2,93.33,27,10,8,10,0,2,0,Medium,12,99,56,Advanced
4215,30,29,1,96.67,19,10,8,11,0,2,0,Medium,7,85,59,Advanced
4216,30,20,10,66.67,50,8,5,7,2,5,3,Easy,6,65,39,Beginner
4217,30,18,12,60.0,53,10,4,4,0,6,6,Medium,5,37,30,Beginner
4218,30,24,6,80.0,31,10,10,4,0,0,6,Medium,13,85,42,Advanced
4219,30,12,18,40.0,60,7,3,2,3,7,8,Easy,3,49,19,Beginner
4220,30,15,15,50.0,60,9,6,0,1,4,10,Medium,6,36,21,Beginner
4221,30,25,5,83.33,29,10,8,7,0,2,3,Easy,4,58,47,Intermediate
4222,30,26,4,86.67,29,10,9,7,0,1,3,Hard,10,71,49,Advanced
4223,30,27,3,90.0,23,10,8,9,0,2,1,Medium,13,79,53,Advanced
4224,30,20,10,66.67,53,6,4,10,4,6,0,Easy,7,56,44,Beginner
4225,30,15,15,50.0,58,9,3,3,1,7,7,Easy,3,44,24,Beginner
4226,30,29,1,96.67,16,10,9,10,0,1,0,Hard,9,92,58,Advanced
4227,30,16,14,53.33,57,9,5,2,1,5,8,Medium,2,50,25,Beginner
4228,30,27,3,90.0,21,10,8,9,0,2,1,Hard,12,84,53,Advanced
4229,30,27,3,90.0,19,10,8,9,0,2,1,Medium,11,97,53,Advanced
4230,30,17,13,56.67,56,9,4,4,1,6,6,Easy,2,55,29,Beginner
4231,30,26,4,86.67,38,9,9,8,1,1,2,Medium,7,69,51,Intermediate
4232,30,28,2,93.33,21,10,8,10,0,2,0,Medium,15,84,56,Advanced
4233,30,16,14,53.33,35,9,4,3,1,6,7,Easy,2,69,26,Beginner
4234,30,26,4,86.67,25,10,10,6,0,0,4,Medium,4,84,48,Intermediate
4235,30,23,7,76.67,15,10,9,4,0,1,6,Hard,15,93,40,Advanced
4236,30,17,13,56.67,47,10,4,3,0,6,7,Easy,3,49,27,Beginner
4237,30,15,15,50.0,52,6,5,4,4,5,6,Medium,4,55,28,Beginner
4238,30,23,7,76.67,26,8,9,6,2,1,4,Hard,4,60,44,Intermediate
4239,30,27,3,90.0,30,10,8,9,0,2,1,Medium,8,95,53,Advanced
4240,30,17,13,56.67,39,9,4,4,1,6,6,Medium,7,46,29,Beginner
4241,30,25,5,83.33,38,10,8,7,0,2,3,Hard,9,75,47,Intermediate
4242,30,21,9,70.0,28,9,8,4,1,2,6,Medium,5,72,37,Intermediate
4243,30,17,13,56.67,39,10,8,0,0,2,11,Hard,6,66,26,Intermediate
4244,30,17,13,56.67,24,9,7,1,1,3,9,Hard,7,85,26,Intermediate
4245,30,20,10,66.67,37,6,3,11,4,7,0,Easy,7,52,45,Beginner
4246,30,22,8,73.33,33,8,7,7,2,3,3,Hard,4,83,43,Intermediate
4247,30,24,6,80.0,33,10,7,7,0,3,3,Hard,6,85,45,Intermediate
4248,30,18,12,60.0,55,7,5,6,3,5,4,Medium,6,55,35,Beginner
4249,30,26,4,86.67,24,9,8,9,1,2,1,Medium,5,61,52,Intermediate
4250,30,22,8,73.33,24,10,10,2,0,0,8,Medium,11,87,36,Advanced
4251,30,15,15,50.0,52,7,6,2,3,4,8,Medium,3,67,25,Beginner
4252,30,29,1,96.67,18,10,9,10,0,1,0,Hard,11,70,58,Advanced
4253,30,25,5,83.33,36,10,10,5,0,0,5,Hard,5,50,45,Intermediate
4254,30,17,13,56.67,37,7,5,5,3,5,5,Medium,6,52,32,Beginner
4255,30,16,14,53.33,44,7,3,6,3,7,4,Medium,4,42,31,Beginner
4256,30,24,6,80.0,23,9,8,7,1,2,3,Medium,6,65,46,Intermediate
4257,30,22,8,73.33,31,9,8,5,1,2,5,Easy,7,83,40,Intermediate
4258,30,22,8,73.33,32,9,9,4,1,1,6,Hard,7,69,39,Intermediate
4259,30,24,6,80.0,31,10,8,6,0,2,4,Hard,7,92,44,Advanced
4260,30,22,8,73.33,24,10,9,3,0,1,7,Medium,12,91,37,Advanced
4261,30,24,6,80.0,29,10,10,4,0,0,6,Hard,9,90,42,Advanced
4262,30,29,1,96.67,27,10,10,9,0,0,1,Hard,11,99,57,Advanced
4263,30,15,15,50.0,52,8,3,4,2,7,6,Medium,4,42,26,Beginner
4264,30,22,8,73.33,15,10,8,4,0,2,6,Medium,14,99,38,Advanced
4265,30,22,8,73.33,23,8,8,6,2,2,4,Medium,4,53,42,Intermediate
4266,30,21,9,70.0,33,10,7,4,0,3,6,Easy,8,75,36,Intermediate
4267,30,29,1,96.67,30,10,10,9,0,0,1,Hard,7,98,57,Advanced
4268,30,25,5,83.33,38,9,7,9,1,3,1,Medium,8,55,50,Intermediate
4269,30,20,10,66.67,30,9,10,1,1,0,9,Hard,9,54,32,Intermediate
4270,30,26,4,86.67,23,9,7,10,1,3,0,Hard,7,65,53,Intermediate
4271,30,24,6,80.0,26,10,8,6,0,2,4,Medium,12,96,44,Advanced
4272,30,28,2,93.33,16,10,10,8,0,0,2,Medium,7,97,54,Advanced
4273,30,13,17,43.33,59,6,3,4,4,7,6,Medium,7,52,24,Beginner
4274,30,20,10,66.67,35,8,4,8,2,6,2,Easy,6,40,40,Beginner
4275,30,22,8,73.33,29,10,9,3,0,1,7,Hard,13,98,37,Advanced
4276,30,16,14,53.33,41,6,4,6,4,6,4,Easy,5,70,32,Beginner
4277,30,26,4,86.67,30,10,10,6,0,0,4,Medium,5,55,48,Intermediate
4278,30,26,4,86.67,32,10,8,8,0,2,2,Hard,13,85,50,Advanced
4279,30,17,13,56.67,41,8,6,3,2,4,7,Medium,3,70,29,Beginner
4280,30,13,17,43.33,56,6,3,4,4,7,6,Easy,3,48,24,Beginner
4281,30,26,4,86.67,34,10,8,8,0,2,2,Hard,4,73,50,Intermediate
4282,30,12,18,40.0,58,10,6,0,0,4,14,Easy,6,39,22,Beginner
4283,30,29,1,96.67,32,10,10,9,0,0,1,Hard,12,73,57,Advanced
4284,30,18,12,60.0,32,10,7,1,0,3,9,Medium,9,59,27,Intermediate
4285,30,20,10,66.67,30,9,7,4,1,3,6,Easy,4,82,35,Intermediate
4286,30,26,4,86.67,39,8,7,11,2,3,0,Easy,10,82,55,Intermediate
4287,30,18,12,60.0,27,8,10,0,2,0,10,Medium,5,72,28,Intermediate
4288,30,13,17,43.33,48,9,6,0,1,4,12,Easy,4,56,21,Beginner
4289,30,26,4,86.67,40,10,10,6,0,0,4,Easy,7,82,48,Intermediate
4290,30,25,5,83.33,40,10,7,8,0,3,2,Medium,9,56,48,Intermediate
4291,30,23,7,76.67,24,10,10,3,0,0,7,Medium,9,80,39,Advanced
4292,30,26,4,86.67,17,10,8,8,0,2,2,Medium,7,90,50,Advanced
4293,30,16,14,53.33,53,9,3,4,1,7,6,Medium,2,55,27,Beginner
4294,30,17,13,56.67,35,8,9,0,2,1,10,Hard,8,76,26,Intermediate
4295,30,19,11,63.33,51,8,4,7,2,6,3,Easy,5,48,37,Beginner
4296,30,12,18,40.0,50,9,4,0,1,6,11,Easy,5,57,17,Beginner
4297,30,19,11,63.33,22,8,9,2,2,1,8,Medium,7,62,32,Intermediate
4298,30,14,16,46.67,50,8,6,0,2,4,10,Easy,4,53,20,Beginner
4299,30,25,5,83.33,28,10,8,7,0,2,3,Easy,9,62,47,Intermediate
4300,30,20,10,66.67,30,9,9,2,1,1,8,Medium,7,60,33,Intermediate
4301,30,30,0,100.0,26,10,10,10,0,0,0,Hard,12,73,60,Advanced
4302,30,19,11,63.33,44,9,4,6,1,6,4,Medium,4,38,35,Beginner
4303,30,27,3,90.0,19,10,9,8,0,1,2,Hard,14,82,52,Advanced
4304,30,21,9,70.0,25,9,10,2,1,0,8,Hard,4,84,35,Intermediate
4305,30,29,1,96.67,24,10,8,11,0,2,0,Hard,7,73,59,Advanced
4306,30,12,18,40.0,37,10,3,0,0,7,11,Easy,5,63,16,Beginner
4307,30,19,11,63.33,59,6,6,7,4,4,3,Easy,7,49,39,Beginner
4308,30,24,6,80.0,30,10,10,4,0,0,6,Hard,12,100,42,Advanced
4309,30,23,7,76.67,18,10,10,3,0,0,7,Hard,14,84,39,Advanced
4310,30,27,3,90.0,25,10,9,8,0,1,2,Medium,15,86,52,Advanced
4311,30,18,12,60.0,39,10,3,5,0,7,5,Medium,4,47,31,Beginner
4312,30,14,16,46.67,56,8,6,0,2,4,10,Medium,7,59,20,Beginner
4313,30,21,9,70.0,25,8,9,4,2,1,6,Medium,9,71,38,Intermediate
4314,30,26,4,86.67,34,8,7,11,2,3,0,Hard,8,64,55,Intermediate
4315,30,25,5,83.33,41,9,9,7,1,1,3,Hard,10,54,48,Intermediate
4316,30,18,12,60.0,33,8,8,2,2,2,8,Hard,4,56,30,Intermediate
4317,30,19,11,63.33,41,10,10,0,0,0,11,Medium,5,85,30,Intermediate
4318,30,30,0,100.0,19,10,10,10,0,0,0,Medium,14,82,60,Advanced
4319,30,18,12,60.0,27,10,9,0,0,1,11,Easy,8,74,28,Intermediate
4320,30,23,7,76.67,17,10,10,3,0,0,7,Medium,13,89,39,Advanced
4321,30,17,13,56.67,23,9,10,0,1,0,12,Medium,9,57,29,Intermediate
4322,30,19,11,63.33,45,8,5,6,2,5,4,Medium,5,70,36,Beginner
4323,30,24,6,80.0,20,10,8,6,0,2,4,Medium,8,82,44,Advanced
4324,30,17,13,56.67,39,9,6,2,1,4,8,Medium,7,50,27,Beginner
4325,30,28,2,93.33,19,10,8,10,0,2,0,Hard,12,80,56,Advanced
4326,30,23,7,76.67,26,10,8,5,0,2,5,Hard,12,99,41,Advanced
4327,30,12,18,40.0,37,6,4,2,4,6,8,Easy,5,65,20,Beginner
4328,30,28,2,93.33,22,10,8,10,0,2,0,Hard,12,72,56,Advanced
4329,30,15,15,50.0,57,10,3,2,0,7,8,Medium,5,53,22,Beginner
4330,30,18,12,60.0,41,7,5,6,3,5,4,Medium,4,54,35,Beginner
4331,30,14,16,46.67,35,10,6,0,0,4,12,Medium,2,39,22,Beginner
4332,30,19,11,63.33,39,9,5,5,1,5,5,Medium,2,57,34,Beginner
4333,30,16,14,53.33,55,9,4,3,1,6,7,Easy,2,57,26,Beginner
4334,30,18,12,60.0,25,9,9,0,1,1,10,Hard,9,60,27,Intermediate
4335,30,23,7,76.67,29,10,9,4,0,1,6,Hard,13,81,40,Advanced
4336,30,19,11,63.33,26,9,7,3,1,3,7,Easy,7,71,32,Intermediate
4337,30,19,11,63.33,39,9,8,2,1,2,8,Medium,8,54,31,Intermediate
4338,30,22,8,73.33,18,10,10,2,0,0,8,Hard,12,70,36,Advanced
4339,30,20,10,66.67,57,7,4,9,3,6,1,Easy,2,52,42,Beginner
4340,30,24,6,80.0,41,10,8,6,0,2,4,Medium,7,75,44,Intermediate
4341,30,24,6,80.0,17,10,9,5,0,1,5,Hard,14,82,43,Advanced
4342,30,14,16,46.67,42,10,3,1,0,7,9,Easy,4,39,19,Beginner
4343,30,15,15,50.0,45,8,3,4,2,7,6,Easy,3,47,26,Beginner
4344,30,26,4,86.67,32,10,10,6,0,0,4,Hard,15,77,48,Advanced
4345,30,21,9,70.0,31,9,9,3,1,1,7,Medium,8,68,36,Intermediate
4346,30,16,14,53.33,47,6,4,6,4,6,4,Medium,4,50,32,Beginner
4347,30,22,8,73.33,15,10,8,4,0,2,6,Medium,13,72,38,Advanced
4348,30,17,13,56.67,35,7,5,5,3,5,5,Medium,7,57,32,Beginner
4349,30,30,0,100.0,26,10,8,12,0,2,0,Medium,15,77,62,Advanced
4350,30,23,7,76.67,23,10,10,3,0,0,7,Hard,14,100,39,Advanced
4351,30,30,0,100.0,24,10,10,10,0,0,0,Medium,10,93,60,Advanced
4352,30,12,18,40.0,52,6,5,1,4,5,9,Medium,7,43,19,Beginner
4353,30,30,0,100.0,28,10,10,10,0,0,0,Medium,13,78,60,Advanced
4354,30,24,6,80.0,23,10,9,5,0,1,5,Hard,10,74,43,Advanced
4355,30,30,0,100.0,21,10,10,10,0,0,0,Hard,11,90,60,Advanced
4356,30,30,0,100.0,21,10,9,11,0,1,0,Medium,9,75,61,Advanced
4357,30,24,6,80.0,40,9,9,6,1,1,4,Hard,4,60,45,Intermediate
4358,30,23,7,76.67,22,8,10,5,2,0,5,Hard,4,81,43,Intermediate
4359,30,26,4,86.67,24,10,8,8,0,2,2,Easy,4,74,50,Intermediate
4360,30,19,11,63.33,41,9,7,3,1,3,7,Easy,10,60,32,Intermediate
4361,30,23,7,76.67,42,10,7,6,0,3,4,Easy,9,56,42,Intermediate
4362,30,19,11,63.33,29,9,9,1,1,1,9,Easy,7,52,30,Intermediate
4363,30,24,6,80.0,29,10,9,5,0,1,5,Hard,7,76,43,Advanced
4364,30,27,3,90.0,31,10,8,9,0,2,1,Medium,13,71,53,Advanced
4365,30,22,8,73.33,42,10,9,3,0,1,7,Easy,8,55,37,Intermediate
4366,30,20,10,66.67,30,8,8,4,2,2,6,Hard,9,80,36,Intermediate
4367,30,26,4,86.67,29,10,9,7,0,1,3,Medium,7,86,49,Advanced
4368,30,30,0,100.0,27,10,9,11,0,1,0,Hard,10,70,61,Advanced
4369,30,22,8,73.33,34,10,8,4,0,2,6,Easy,7,71,38,Intermediate
4370,30,12,18,40.0,49,7,4,1,3,6,9,Easy,5,41,18,Beginner
4371,30,19,11,63.33,37,10,10,0,0,0,11,Hard,8,63,30,Intermediate
4372,30,14,16,46.67,44,6,5,3,4,5,7,Easy,6,63,25,Beginner
4373,30,20,10,66.67,54,7,4,9,3,6,1,Medium,3,41,42,Beginner
4374,30,30,0,100.0,20,10,10,10,0,0,0,Medium,15,79,60,Advanced
4375,30,30,0,100.0,26,10,10,10,0,0,0,Medium,8,78,60,Advanced
4376,30,26,4,86.67,23,10,9,7,0,1,3,Medium,8,91,49,Advanced
4377,30,23,7,76.67,22,10,9,4,0,1,6,Hard,10,91,40,Advanced
4378,30,20,10,66.67,41,10,8,2,0,2,8,Hard,10,64,32,Intermediate
4379,30,19,11,63.33,25,9,7,3,1,3,7,Medium,7,61,32,Intermediate
4380,30,14,16,46.67,51,9,6,0,1,4,11,Easy,5,65,21,Beginner
4381,30,19,11,63.33,57,10,4,5,0,6,5,Medium,2,36,33,Beginner
4382,30,20,10,66.67,52,7,4,9,3,6,1,Easy,6,56,42,Beginner
4383,30,24,6,80.0,32,10,9,5,0,1,5,Hard,8,87,43,Advanced
4384,30,21,9,70.0,25,10,7,4,0,3,6,Hard,7,76,36,Intermediate
4385,30,29,1,96.67,24,10,9,10,0,1,0,Hard,13,100,58,Advanced
4386,30,17,13,56.67,29,10,7,0,0,3,10,Easy,9,58,24,Intermediate
4387,30,18,12,60.0,28,9,10,0,1,0,11,Medium,4,53,29,Intermediate
4388,30,12,18,40.0,47,9,3,0,1,7,10,Easy,6,39,15,Beginner
4389,30,13,17,43.33,38,6,6,1,4,4,9,Easy,3,45,21,Beginner
4390,30,18,12,60.0,41,8,9,1,2,1,9,Hard,7,83,29,Intermediate
4391,30,17,13,56.67,58,7,3,7,3,7,3,Easy,5,50,34,Beginner
4392,30,22,8,73.33,23,10,8,4,0,2,6,Hard,11,90,38,Advanced
4393,30,15,15,50.0,58,7,4,4,3,6,6,Easy,6,57,27,Beginner
4394,30,23,7,76.67,23,10,9,4,0,1,6,Hard,10,82,40,Advanced
4395,30,17,13,56.67,60,9,6,2,1,4,8,Easy,7,51,27,Beginner
4396,30,25,5,83.33,32,10,8,7,0,2,3,Hard,8,78,47,Advanced
4397,30,23,7,76.67,29,9,7,7,1,3,3,Medium,8,83,44,Intermediate
4398,30,30,0,100.0,20,10,9,11,0,1,0,Medium,13,84,61,Advanced
4399,30,15,15,50.0,37,7,3,5,3,7,5,Medium,5,49,28,Beginner
4400,30,17,13,56.67,38,8,5,4,2,5,6,Medium,2,62,30,Beginner
4401,30,28,2,93.33,20,10,10,8,0,0,2,Medium,11,87,54,Advanced
4402,30,17,13,56.67,36,6,3,8,4,7,2,Medium,7,66,36,Beginner
4403,30,28,2,93.33,25,10,10,8,0,0,2,Medium,13,97,54,Advanced
4404,30,19,11,63.33,37,6,5,8,4,5,2,Medium,2,61,40,Beginner
4405,30,18,12,60.0,34,10,7,1,0,3,9,Easy,10,51,27,Intermediate
4406,30,22,8,73.33,22,10,10,2,0,0,8,Easy,8,68,36,Intermediate
4407,30,13,17,43.33,37,8,3,2,2,7,8,Easy,6,35,20,Beginner
4408,30,23,7,76.67,24,8,8,7,2,2,3,Medium,10,75,45,Intermediate
4409,30,19,11,63.33,45,6,4,9,4,6,1,Easy,3,65,41,Beginner
4410,30,26,4,86.67,23,10,8,8,0,2,2,Hard,7,83,50,Advanced
4411,30,17,13,56.67,35,7,6,4,3,4,6,Easy,5,45,31,Beginner
4412,30,25,5,83.33,24,9,9,7,1,1,3,Medium,10,55,48,Intermediate
4413,30,23,7,76.67,18,10,10,3,0,0,7,Medium,9,88,39,Advanced
4414,30,17,13,56.67,29,9,10,0,1,0,12,Medium,10,71,29,Intermediate
4415,30,19,11,63.33,41,9,10,0,1,0,10,Medium,9,55,29,Intermediate
4416,30,28,2,93.33,24,10,9,9,0,1,1,Medium,13,86,55,Advanced
4417,30,17,13,56.67,35,6,4,7,4,6,3,Medium,7,69,35,Beginner
4418,30,12,18,40.0,57,7,6,0,3,4,11,Easy,2,55,19,Beginner
4419,30,22,8,73.33,35,8,7,7,2,3,3,Easy,10,79,43,Intermediate
4420,30,26,4,86.67,40,10,8,8,0,2,2,Hard,7,65,50,Intermediate
4421,30,19,11,63.33,45,10,4,5,0,6,5,Medium,4,36,33,Beginner
4422,30,25,5,83.33,28,10,8,7,0,2,3,Medium,12,83,47,Advanced
4423,30,22,8,73.33,31,9,9,4,1,1,6,Easy,9,71,39,Intermediate
4424,30,30,0,100.0,28,10,8,12,0,2,0,Medium,11,90,62,Advanced
4425,30,22,8,73.33,33,9,8,5,1,2,5,Hard,4,72,40,Intermediate
4426,30,20,10,66.67,53,6,5,9,4,5,1,Medium,4,50,43,Beginner
4427,30,23,7,76.67,39,10,7,6,0,3,4,Hard,4,63,42,Intermediate
4428,30,21,9,70.0,28,8,7,6,2,3,4,Hard,5,53,40,Intermediate
4429,30,15,15,50.0,59,10,6,0,0,4,11,Easy,3,47,22,Beginner
4430,30,23,7,76.67,41,10,8,5,0,2,5,Medium,7,58,41,Intermediate
4431,30,24,6,80.0,32,10,9,5,0,1,5,Medium,9,72,43,Advanced
4432,30,20,10,66.67,52,6,5,9,4,5,1,Medium,2,51,43,Beginner
4433,30,30,0,100.0,18,10,9,11,0,1,0,Hard,15,83,61,Advanced
4434,30,19,11,63.33,40,10,7,2,0,3,8,Medium,6,71,30,Intermediate
4435,30,24,6,80.0,33,8,9,7,2,1,3,Medium,5,83,47,Intermediate
4436,30,17,13,56.67,44,9,6,2,1,4,8,Easy,7,56,27,Beginner
4437,30,27,3,90.0,32,10,10,7,0,0,3,Medium,10,87,51,Advanced
4438,30,22,8,73.33,32,9,10,3,1,0,7,Hard,4,76,38,Intermediate
4439,30,24,6,80.0,22,8,9,7,2,1,3,Medium,5,69,47,Intermediate
4440,30,22,8,73.33,21,10,8,4,0,2,6,Hard,12,82,38,Advanced
4441,30,17,13,56.67,37,8,8,1,2,2,9,Medium,4,63,27,Intermediate
4442,30,27,3,90.0,28,10,8,9,0,2,1,Hard,13,71,53,Advanced
4443,30,17,13,56.67,27,9,8,0,1,2,10,Medium,5,52,25,Intermediate
4444,30,15,15,50.0,41,8,6,1,2,4,9,Medium,5,40,23,Beginner
4445,30,17,13,56.67,38,10,4,3,0,6,7,Medium,3,62,27,Beginner
4446,30,12,18,40.0,46,10,5,0,0,5,13,Medium,7,48,20,Beginner
4447,30,25,5,83.33,30,10,8,7,0,2,3,Hard,15,76,47,Advanced
4448,30,28,2,93.33,15,10,9,9,0,1,1,Medium,9,94,55,Advanced
4449,30,16,14,53.33,42,9,5,2,1,5,8,Medium,3,40,25,Beginner
4450,30,22,8,73.33,25,10,10,2,0,0,8,Hard,11,78,36,Advanced
4451,30,28,2,93.33,19,10,8,10,0,2,0,Medium,10,81,56,Advanced
4452,30,19,11,63.33,52,7,6,6,3,4,4,Medium,7,48,37,Beginner
4453,30,19,11,63.33,36,10,8,1,0,2,9,Hard,7,81,29,Intermediate
4454,30,19,11,63.33,55,6,4,9,4,6,1,Easy,6,37,41,Beginner
4455,30,24,6,80.0,23,10,8,6,0,2,4,Medium,10,75,44,Advanced
4456,30,16,14,53.33,41,9,3,4,1,7,6,Easy,4,45,27,Beginner
4457,30,29,1,96.67,29,10,9,10,0,1,0,Hard,12,96,58,Advanced
4458,30,18,12,60.0,26,9,9,0,1,1,10,Hard,10,74,27,Intermediate
4459,30,27,3,90.0,22,10,9,8,0,1,2,Hard,7,81,52,Advanced
4460,30,26,4,86.67,20,10,9,7,0,1,3,Hard,15,94,49,Advanced
4461,30,18,12,60.0,23,8,10,0,2,0,10,Medium,5,75,28,Intermediate
4462,30,24,6,80.0,25,9,8,7,1,2,3,Easy,7,81,46,Intermediate
4463,30,26,4,86.67,25,10,7,9,0,3,1,Hard,9,70,51,Intermediate
4464,30,17,13,56.67,42,8,8,1,2,2,9,Easy,6,61,27,Intermediate
4465,30,29,1,96.67,24,10,8,11,0,2,0,Hard,13,81,59,Advanced
4466,30,26,4,86.67,40,10,9,7,0,1,3,Hard,6,57,49,Intermediate
4467,30,22,8,73.33,22,9,8,5,1,2,5,Easy,7,80,40,Intermediate
4468,30,18,12,60.0,40,8,3,7,2,7,3,Easy,3,62,35,Beginner
4469,30,26,4,86.67,19,10,10,6,0,0,4,Medium,9,83,48,Advanced
4470,30,18,12,60.0,60,10,6,2,0,4,8,Medium,2,65,28,Beginner
4471,30,22,8,73.33,27,10,9,3,0,1,7,Hard,14,89,37,Advanced
4472,30,22,8,73.33,39,9,8,5,1,2,5,Hard,5,67,40,Intermediate
4473,30,12,18,40.0,44,7,3,2,3,7,8,Easy,3,36,19,Beginner
4474,30,23,7,76.67,36,10,7,6,0,3,4,Hard,10,63,42,Intermediate
4475,30,21,9,70.0,29,9,10,2,1,0,8,Medium,8,76,35,Intermediate
4476,30,19,11,63.33,31,9,10,0,1,0,10,Medium,6,79,29,Intermediate
4477,30,16,14,53.33,42,8,6,2,2,4,8,Easy,7,51,26,Beginner
4478,30,18,12,60.0,37,6,5,7,4,5,3,Easy,6,70,37,Beginner
4479,30,13,17,43.33,40,10,4,0,0,6,11,Medium,2,49,18,Beginner
4480,30,30,0,100.0,31,10,10,10,0,0,0,Medium,9,93,60,Advanced
4481,30,25,5,83.33,33,8,9,8,2,1,2,Hard,4,78,50,Intermediate
4482,30,24,6,80.0,19,10,9,5,0,1,5,Hard,13,71,43,Advanced
4483,30,19,11,63.33,52,6,3,10,4,7,0,Medium,6,48,42,Beginner
4484,30,23,7,76.67,34,10,8,5,0,2,5,Medium,6,62,41,Intermediate
4485,30,17,13,56.67,26,10,9,0,0,1,12,Medium,9,65,28,Intermediate
4486,30,25,5,83.33,29,10,9,6,0,1,4,Hard,6,81,46,Intermediate
4487,30,24,6,80.0,30,8,8,8,2,2,2,Medium,9,56,48,Intermediate
4488,30,19,11,63.33,23,9,7,3,1,3,7,Easy,7,82,32,Intermediate
4489,30,30,0,100.0,32,10,8,12,0,2,0,Hard,9,92,62,Advanced
4490,30,26,4,86.67,35,9,7,10,1,3,0,Medium,10,77,53,Intermediate
4491,30,14,16,46.67,36,8,4,2,2,6,8,Easy,7,67,22,Beginner
4492,30,26,4,86.67,32,8,10,8,2,0,2,Hard,6,51,52,Intermediate
4493,30,21,9,70.0,31,10,10,1,0,0,9,Easy,6,75,33,Intermediate
4494,30,29,1,96.67,15,10,8,11,0,2,0,Medium,11,88,59,Advanced
4495,30,19,11,63.33,28,8,9,2,2,1,8,Medium,8,81,32,Intermediate
4496,30,23,7,76.67,41,10,10,3,0,0,7,Medium,10,51,39,Intermediate
4497,30,14,16,46.67,50,7,5,2,3,5,8,Easy,3,58,23,Beginner
4498,30,16,14,53.33,47,6,3,7,4,7,3,Easy,3,68,33,Beginner
4499,30,24,6,80.0,24,10,8,6,0,2,4,Medium,15,72,44,Advanced
4500,30,26,4,86.67,42,9,9,8,1,1,2,Hard,4,83,51,Intermediate
4501,30,23,7,76.67,27,9,10,4,1,0,6,Easy,6,81,41,Intermediate
4502,30,18,12,60.0,43,7,5,6,3,5,4,Medium,2,40,35,Beginner
4503,30,25,5,83.33,41,8,7,10,2,3,0,Easy,5,57,52,Intermediate
4504,30,19,11,63.33,30,9,10,0,1,0,10,Hard,10,60,29,Intermediate
4505,30,12,18,40.0,39,7,3,2,3,7,8,Easy,4,50,19,Beginner
4506,30,26,4,86.67,20,10,8,8,0,2,2,Medium,12,98,50,Advanced
4507,30,13,17,43.33,42,10,4,0,0,6,11,Medium,5,51,18,Beginner
4508,30,28,2,93.33,22,10,10,8,0,0,2,Medium,10,94,54,Advanced
4509,30,20,10,66.67,39,10,9,1,0,1,9,Easy,10,84,31,Intermediate
4510,30,18,12,60.0,35,7,4,7,3,6,3,Medium,7,44,36,Beginner
4511,30,27,3,90.0,28,10,10,7,0,0,3,Medium,7,93,51,Advanced
4512,30,23,7,76.67,18,10,8,5,0,2,5,Medium,12,97,41,Advanced
4513,30,28,2,93.33,30,10,9,9,0,1,1,Hard,10,73,55,Advanced
4514,30,17,13,56.67,38,9,6,2,1,4,8,Easy,3,37,27,Beginner
4515,30,26,4,86.67,27,8,9,9,2,1,1,Easy,10,70,53,Intermediate
4516,30,14,16,46.67,43,6,6,2,4,4,8,Easy,5,65,24,Beginner
4517,30,19,11,63.33,25,9,10,0,1,0,10,Medium,7,59,29,Intermediate
4518,30,26,4,86.67,25,10,10,6,0,0,4,Hard,9,84,48,Advanced
4519,30,16,14,53.33,49,10,4,2,0,6,8,Easy,5,55,24,Beginner
4520,30,21,9,70.0,35,10,9,2,0,1,8,Hard,9,83,34,Intermediate
4521,30,21,9,70.0,23,10,10,1,0,0,9,Easy,10,79,33,Intermediate
4522,30,24,6,80.0,34,10,10,4,0,0,6,Hard,9,82,42,Intermediate
4523,30,22,8,73.33,24,10,8,4,0,2,6,Hard,8,86,38,Advanced
4524,30,24,6,80.0,18,10,8,6,0,2,4,Medium,14,93,44,Advanced
4525,30,14,16,46.67,36,9,3,2,1,7,8,Easy,4,54,21,Beginner
4526,30,26,4,86.67,25,8,7,11,2,3,0,Easy,9,83,55,Intermediate
4527,30,25,5,83.33,25,9,8,8,1,2,2,Hard,9,57,49,Intermediate
4528,30,13,17,43.33,38,8,6,0,2,4,11,Easy,7,43,20,Beginner
4529,30,19,11,63.33,28,10,10,0,0,0,11,Medium,9,79,30,Intermediate
4530,30,26,4,86.67,39,9,8,9,1,2,1,Medium,10,60,52,Intermediate
4531,30,25,5,83.33,36,9,10,6,1,0,4,Medium,6,79,47,Intermediate
4532,30,24,6,80.0,26,10,9,5,0,1,5,Hard,12,94,43,Advanced
4533,30,26,4,86.67,40,8,9,9,2,1,1,Medium,8,73,53,Intermediate
4534,30,13,17,43.33,49,10,5,0,0,5,12,Medium,4,35,20,Beginner
4535,30,22,8,73.33,15,10,10,2,0,0,8,Hard,7,78,36,Advanced
4536,30,21,9,70.0,25,9,10,2,1,0,8,Hard,7,80,35,Intermediate
4537,30,18,12,60.0,26,8,10,0,2,0,10,Medium,10,69,28,Intermediate
4538,30,19,11,63.33,24,9,7,3,1,3,7,Medium,8,77,32,Intermediate
4539,30,13,17,43.33,59,9,4,0,1,6,10,Easy,7,51,17,Beginner
4540,30,26,4,86.67,23,8,8,10,2,2,0,Easy,7,60,54,Intermediate
4541,30,25,5,83.33,30,8,9,8,2,1,2,Medium,5,57,50,Intermediate
4542,30,17,13,56.67,58,10,4,3,0,6,7,Medium,6,45,27,Beginner
4543,30,26,4,86.67,20,10,9,7,0,1,3,Medium,11,88,49,Advanced
4544,30,17,13,56.67,57,8,3,6,2,7,4,Medium,4,52,32,Beginner
4545,30,25,5,83.33,37,10,10,5,0,0,5,Hard,9,53,45,Intermediate
4546,30,19,11,63.33,27,9,8,2,1,2,8,Medium,10,64,31,Intermediate
4547,30,19,11,63.33,27,10,7,2,0,3,8,Medium,8,57,30,Intermediate
4548,30,21,9,70.0,38,8,10,3,2,0,7,Hard,8,63,37,Intermediate
4549,30,23,7,76.67,24,8,10,5,2,0,5,Hard,10,51,43,Intermediate
4550,30,20,10,66.67,26,9,9,2,1,1,8,Easy,10,61,33,Intermediate
4551,30,23,7,76.67,24,9,10,4,1,0,6,Medium,7,60,41,Intermediate
4552,30,30,0,100.0,24,10,9,11,0,1,0,Medium,10,79,61,Advanced
4553,30,22,8,73.33,27,10,10,2,0,0,8,Medium,10,91,36,Advanced
4554,30,23,7,76.67,32,10,8,5,0,2,5,Medium,8,96,41,Advanced
4555,30,12,18,40.0,40,6,4,2,4,6,8,Medium,6,49,20,Beginner
4556,30,20,10,66.67,36,6,5,9,4,5,1,Medium,4,54,43,Beginner
4557,30,27,3,90.0,17,10,9,8,0,1,2,Hard,9,96,52,Advanced
4558,30,12,18,40.0,36,6,3,3,4,7,7,Easy,3,45,21,Beginner
4559,30,18,12,60.0,33,9,10,0,1,0,11,Hard,4,76,29,Intermediate
4560,30,18,12,60.0,22,10,7,1,0,3,9,Medium,10,72,27,Intermediate
4561,30,25,5,83.33,36,8,10,7,2,0,3,Easy,9,70,49,Intermediate
4562,30,23,7,76.67,17,10,8,5,0,2,5,Hard,7,80,41,Advanced
4563,30,18,12,60.0,55,7,3,8,3,7,2,Easy,2,40,37,Beginner
4564,30,17,13,56.67,58,6,6,5,4,4,5,Medium,4,46,33,Beginner
4565,30,26,4,86.67,28,10,10,6,0,0,4,Medium,15,82,48,Advanced
4566,30,17,13,56.67,35,9,3,5,1,7,5,Medium,7,49,30,Beginner
4567,30,18,12,60.0,41,10,3,5,0,7,5,Easy,7,68,31,Beginner
4568,30,20,10,66.67,24,10,10,0,0,0,10,Hard,5,83,30,Intermediate
4569,30,15,15,50.0,44,8,6,1,2,4,9,Medium,2,46,23,Beginner
4570,30,25,5,83.33,22,10,8,7,0,2,3,Easy,5,70,47,Intermediate
4571,30,19,11,63.33,31,9,8,2,1,2,8,Medium,9,67,31,Intermediate
4572,30,18,12,60.0,42,10,7,1,0,3,9,Easy,6,82,27,Intermediate
4573,30,27,3,90.0,16,10,8,9,0,2,1,Medium,12,99,53,Advanced
4574,30,24,6,80.0,37,10,7,7,0,3,3,Medium,5,84,45,Intermediate
4575,30,13,17,43.33,35,9,6,0,1,4,12,Medium,4,61,21,Beginner
4576,30,15,15,50.0,40,7,5,3,3,5,7,Easy,2,57,26,Beginner
4577,30,12,18,40.0,44,8,3,1,2,7,9,Medium,3,38,17,Beginner
4578,30,24,6,80.0,15,10,10,4,0,0,6,Hard,7,85,42,Advanced
4579,30,14,16,46.67,39,8,5,1,2,5,9,Medium,2,42,21,Beginner
4580,30,17,13,56.67,30,10,7,0,0,3,10,Medium,7,71,24,Intermediate
4581,30,25,5,83.33,32,8,10,7,2,0,3,Easy,6,78,49,Intermediate
4582,30,23,7,76.67,35,9,10,4,1,0,6,Easy,10,74,41,Intermediate
4583,30,28,2,93.33,25,10,9,9,0,1,1,Medium,8,85,55,Advanced
4584,30,13,17,43.33,43,9,4,0,1,6,10,Easy,6,44,17,Beginner
4585,30,23,7,76.67,17,10,10,3,0,0,7,Hard,13,77,39,Advanced
4586,30,20,10,66.67,51,10,4,6,0,6,4,Easy,7,59,36,Beginner
4587,30,30,0,100.0,29,10,9,11,0,1,0,Hard,10,71,61,Advanced
4588,30,17,13,56.67,52,7,4,6,3,6,4,Medium,6,35,33,Beginner
4589,30,30,0,100.0,15,10,10,10,0,0,0,Hard,12,79,60,Advanced
4590,30,18,12,60.0,37,10,5,3,0,5,7,Medium,2,61,29,Beginner
4591,30,13,17,43.33,41,9,6,0,1,4,12,Medium,7,41,21,Beginner
4592,30,22,8,73.33,32,9,8,5,1,2,5,Hard,8,67,40,Intermediate
4593,30,24,6,80.0,15,10,8,6,0,2,4,Medium,15,80,44,Advanced
4594,30,27,3,90.0,31,10,9,8,0,1,2,Medium,11,94,52,Advanced
4595,30,29,1,96.67,26,10,8,11,0,2,0,Medium,14,80,59,Advanced
4596,30,16,14,53.33,48,8,4,4,2,6,6,Medium,4,64,28,Beginner
4597,30,20,10,66.67,60,6,6,8,4,4,2,Easy,6,52,42,Beginner
4598,30,23,7,76.67,24,10,9,4,0,1,6,Hard,10,72,40,Advanced
4599,30,12,18,40.0,36,8,3,1,2,7,9,Easy,6,54,17,Beginner
4600,30,20,10,66.67,31,10,8,2,0,2,8,Hard,9,51,32,Intermediate
4601,30,22,8,73.33,41,10,9,3,0,1,7,Medium,9,76,37,Intermediate
4602,30,20,10,66.67,46,6,6,8,4,4,2,Easy,6,37,42,Beginner
4603,30,22,8,73.33,36,9,9,4,1,1,6,Medium,9,65,39,Intermediate
4604,30,28,2,93.33,19,10,9,9,0,1,1,Hard,10,94,55,Advanced
4605,30,20,10,66.67,28,9,7,4,1,3,6,Hard,6,55,35,Intermediate
4606,30,19,11,63.33,37,6,3,10,4,7,0,Medium,4,60,42,Beginner
4607,30,17,13,56.67,30,10,10,0,0,0,13,Medium,4,84,30,Intermediate
4608,30,23,7,76.67,39,10,7,6,0,3,4,Hard,8,59,42,Intermediate
4609,30,20,10,66.67,29,10,8,2,0,2,8,Hard,8,59,32,Intermediate
4610,30,26,4,86.67,36,9,7,10,1,3,0,Hard,7,69,53,Intermediate
4611,30,17,13,56.67,51,8,5,4,2,5,6,Easy,7,40,30,Beginner
4612,30,17,13,56.67,50,8,4,5,2,6,5,Medium,4,56,31,Beginner
4613,30,25,5,83.33,35,9,10,6,1,0,4,Medium,9,73,47,Intermediate
4614,30,22,8,73.33,23,9,10,3,1,0,7,Hard,9,77,38,Intermediate
4615,30,19,11,63.33,25,9,9,1,1,1,9,Easy,9,54,30,Intermediate
4616,30,28,2,93.33,30,10,9,9,0,1,1,Medium,9,80,55,Advanced
4617,30,13,17,43.33,42,6,4,3,4,6,7,Easy,6,63,23,Beginner
4618,30,14,16,46.67,45,9,4,1,1,6,9,Easy,4,52,20,Beginner
4619,30,30,0,100.0,22,10,10,10,0,0,0,Hard,13,81,60,Advanced
4620,30,23,7,76.67,19,10,9,4,0,1,6,Hard,8,88,40,Advanced
4621,30,25,5,83.33,42,8,8,9,2,2,1,Hard,6,55,51,Intermediate
4622,30,18,12,60.0,38,9,10,0,1,0,11,Medium,6,73,29,Intermediate
4623,30,28,2,93.33,20,10,9,9,0,1,1,Hard,9,84,55,Advanced
4624,30,20,10,66.67,42,9,8,3,1,2,7,Medium,8,60,34,Intermediate
4625,30,18,12,60.0,51,8,4,6,2,6,4,Easy,3,67,34,Beginner
4626,30,22,8,73.33,41,9,8,5,1,2,5,Easy,8,52,40,Intermediate
4627,30,30,0,100.0,16,10,8,12,0,2,0,Hard,13,84,62,Advanced
4628,30,13,17,43.33,35,7,4,2,3,6,8,Easy,6,67,21,Beginner
4629,30,17,13,56.67,60,10,4,3,0,6,7,Medium,2,70,27,Beginner
4630,30,17,13,56.67,37,8,10,0,2,0,11,Hard,10,74,28,Intermediate
4631,30,13,17,43.33,46,10,5,0,0,5,12,Easy,7,48,20,Beginner
4632,30,26,4,86.67,40,8,9,9,2,1,1,Hard,4,60,53,Intermediate
4633,30,28,2,93.33,23,10,9,9,0,1,1,Medium,7,90,55,Advanced
4634,30,19,11,63.33,30,10,8,1,0,2,9,Medium,10,57,29,Intermediate
4635,30,12,18,40.0,41,8,5,0,2,5,11,Easy,2,36,18,Beginner
4636,30,25,5,83.33,30,10,10,5,0,0,5,Medium,14,75,45,Advanced
4637,30,25,5,83.33,32,10,10,5,0,0,5,Hard,15,90,45,Advanced
4638,30,19,11,63.33,36,10,8,1,0,2,9,Medium,8,58,29,Intermediate
4639,30,17,13,56.67,60,6,4,7,4,6,3,Medium,3,59,35,Beginner
4640,30,28,2,93.33,19,10,10,8,0,0,2,Medium,11,87,54,Advanced
4641,30,22,8,73.33,15,10,9,3,0,1,7,Medium,11,95,37,Advanced
4642,30,20,10,66.67,25,9,9,2,1,1,8,Easy,7,80,33,Intermediate
4643,30,20,10,66.67,57,8,5,7,2,5,3,Easy,7,46,39,Beginner
4644,30,15,15,50.0,48,7,6,2,3,4,8,Easy,7,67,25,Beginner
4645,30,20,10,66.67,58,7,6,7,3,4,3,Easy,2,53,40,Beginner
4646,30,22,8,73.33,31,10,9,3,0,1,7,Medium,8,95,37,Advanced
4647,30,12,18,40.0,58,8,5,0,2,5,11,Easy,4,36,18,Beginner
4648,30,15,15,50.0,47,9,4,2,1,6,8,Easy,2,49,23,Beginner
4649,30,14,16,46.67,58,7,5,2,3,5,8,Easy,3,54,23,Beginner
4650,30,13,17,43.33,53,7,5,1,3,5,9,Medium,7,51,20,Beginner
4651,30,30,0,100.0,29,10,8,12,0,2,0,Hard,7,72,62,Advanced
4652,30,21,9,70.0,37,8,9,4,2,1,6,Easy,4,56,38,Intermediate
4653,30,28,2,93.33,25,10,9,9,0,1,1,Hard,10,87,55,Advanced
4654,30,14,16,46.67,60,6,6,2,4,4,8,Easy,3,56,24,Beginner
4655,30,12,18,40.0,57,8,6,0,2,4,12,Easy,7,41,20,Beginner
4656,30,25,5,83.33,25,9,10,6,1,0,4,Hard,6,70,47,Intermediate
4657,30,20,10,66.67,54,10,6,4,0,4,6,Easy,5,37,34,Beginner
4658,30,16,14,53.33,48,6,5,5,4,5,5,Easy,4,41,31,Beginner
4659,30,20,10,66.67,29,9,8,3,1,2,7,Easy,5,71,34,Intermediate
4660,30,19,11,63.33,29,8,9,2,2,1,8,Easy,9,73,32,Intermediate
4661,30,22,8,73.33,26,9,9,4,1,1,6,Medium,10,61,39,Intermediate
4662,30,22,8,73.33,26,8,9,5,2,1,5,Hard,6,72,41,Intermediate
4663,30,21,9,70.0,36,9,8,4,1,2,6,Easy,4,82,37,Intermediate
4664,30,26,4,86.67,29,9,7,10,1,3,0,Easy,5,65,53,Intermediate
4665,30,21,9,70.0,30,8,8,5,2,2,5,Hard,4,80,39,Intermediate
4666,30,26,4,86.67,15,10,8,8,0,2,2,Hard,14,95,50,Advanced
4667,30,13,17,43.33,49,7,6,0,3,4,10,Easy,4,64,19,Beginner
4668,30,24,6,80.0,38,9,7,8,1,3,2,Medium,8,68,47,Intermediate
4669,30,29,1,96.67,26,10,9,10,0,1,0,Hard,15,70,58,Advanced
4670,30,18,12,60.0,39,9,7,2,1,3,8,Easy,8,83,29,Intermediate
4671,30,29,1,96.67,17,10,8,11,0,2,0,Hard,11,83,59,Advanced
4672,30,24,6,80.0,28,10,10,4,0,0,6,Medium,10,62,42,Intermediate
4673,30,21,9,70.0,38,8,10,3,2,0,7,Easy,10,59,37,Intermediate
4674,30,19,11,63.33,35,10,7,2,0,3,8,Hard,5,84,30,Intermediate
4675,30,22,8,73.33,20,10,8,4,0,2,6,Hard,12,96,38,Advanced
4676,30,29,1,96.67,26,10,10,9,0,0,1,Medium,11,71,57,Advanced
4677,30,22,8,73.33,31,9,9,4,1,1,6,Easy,7,71,39,Intermediate
4678,30,25,5,83.33,29,8,7,10,2,3,0,Easy,10,80,52,Intermediate
4679,30,17,13,56.67,23,8,9,0,2,1,10,Easy,10,60,26,Intermediate
4680,30,18,12,60.0,47,8,6,4,2,4,6,Medium,2,43,32,Beginner
4681,30,28,2,93.33,32,10,10,8,0,0,2,Medium,9,87,54,Advanced
4682,30,14,16,46.67,53,8,4,2,2,6,8,Medium,6,51,22,Beginner
4683,30,22,8,73.33,20,10,8,4,0,2,6,Medium,12,75,38,Advanced
4684,30,29,1,96.67,24,10,9,10,0,1,0,Medium,12,98,58,Advanced
4685,30,23,7,76.67,42,9,10,4,1,0,6,Hard,5,50,41,Intermediate
4686,30,24,6,80.0,35,9,10,5,1,0,5,Easy,7,67,44,Intermediate
4687,30,17,13,56.67,37,6,5,6,4,5,4,Easy,4,62,34,Beginner
4688,30,24,6,80.0,32,10,9,5,0,1,5,Hard,5,76,43,Intermediate
4689,30,19,11,63.33,37,7,5,7,3,5,3,Easy,4,70,38,Beginner
4690,30,19,11,63.33,42,8,8,3,2,2,7,Easy,10,77,33,Intermediate
4691,30,27,3,90.0,25,10,9,8,0,1,2,Medium,7,75,52,Advanced
4692,30,20,10,66.67,49,8,3,9,2,7,1,Easy,6,59,41,Beginner
4693,30,25,5,83.33,27,8,7,10,2,3,0,Easy,9,61,52,Intermediate
4694,30,22,8,73.33,42,8,9,5,2,1,5,Medium,8,66,41,Intermediate
4695,30,18,12,60.0,32,9,8,1,1,2,9,Medium,6,56,28,Intermediate
4696,30,27,3,90.0,29,10,10,7,0,0,3,Hard,13,98,51,Advanced
4697,30,20,10,66.67,30,9,10,1,1,0,9,Medium,4,82,32,Intermediate
4698,30,17,13,56.67,50,6,4,7,4,6,3,Medium,7,50,35,Beginner
4699,30,14,16,46.67,35,9,4,1,1,6,9,Medium,2,46,20,Beginner
4700,30,23,7,76.67,33,8,8,7,2,2,3,Medium,6,56,45,Intermediate
4701,30,14,16,46.67,40,6,3,5,4,7,5,Easy,4,49,27,Beginner
4702,30,14,16,46.67,57,7,6,1,3,4,9,Medium,7,48,22,Beginner
4703,30,23,7,76.67,17,10,8,5,0,2,5,Hard,9,82,41,Advanced
4704,30,16,14,53.33,49,10,6,0,0,4,10,Medium,7,47,22,Beginner
4705,30,22,8,73.33,28,8,8,6,2,2,4,Easy,8,82,42,Intermediate
4706,30,28,2,93.33,21,10,10,8,0,0,2,Medium,7,86,54,Advanced
4707,30,16,14,53.33,50,8,6,2,2,4,8,Medium,4,36,26,Beginner
4708,30,26,4,86.67,35,8,8,10,2,2,0,Hard,7,84,54,Intermediate
4709,30,20,10,66.67,46,10,3,7,0,7,3,Easy,6,62,37,Beginner
4710,30,12,18,40.0,46,8,4,0,2,6,10,Easy,4,47,16,Beginner
4711,30,19,11,63.33,39,8,9,2,2,1,8,Hard,5,61,32,Intermediate
4712,30,18,12,60.0,34,9,8,1,1,2,9,Medium,8,84,28,Intermediate
4713,30,23,7,76.67,29,10,8,5,0,2,5,Hard,7,72,41,Advanced
4714,30,29,1,96.67,32,10,9,10,0,1,0,Hard,13,72,58,Advanced
4715,30,29,1,96.67,27,10,10,9,0,0,1,Hard,14,85,57,Advanced
4716,30,17,13,56.67,45,9,6,2,1,4,8,Medium,4,65,27,Beginner
4717,30,28,2,93.33,31,10,8,10,0,2,0,Hard,14,81,56,Advanced
4718,30,28,2,93.33,24,10,8,10,0,2,0,Medium,14,95,56,Advanced
4719,30,25,5,83.33,36,9,9,7,1,1,3,Medium,10,57,48,Intermediate
4720,30,19,11,63.33,52,9,3,7,1,7,3,Medium,2,66,36,Beginner
4721,30,13,17,43.33,59,10,5,0,0,5,12,Medium,6,68,20,Beginner
4722,30,18,12,60.0,31,9,7,2,1,3,8,Hard,5,72,29,Intermediate
4723,30,18,12,60.0,28,9,7,2,1,3,8,Hard,4,67,29,Intermediate
4724,30,23,7,76.67,31,10,10,3,0,0,7,Hard,11,83,39,Advanced
4725,30,17,13,56.67,27,10,10,0,0,0,13,Medium,7,58,30,Intermediate
4726,30,25,5,83.33,40,8,7,10,2,3,0,Easy,9,75,52,Intermediate
4727,30,19,11,63.33,32,10,9,0,0,1,10,Medium,7,65,28,Intermediate
4728,30,17,13,56.67,33,10,10,0,0,0,13,Easy,10,73,30,Intermediate
4729,30,20,10,66.67,44,10,3,7,0,7,3,Easy,5,69,37,Beginner
4730,30,15,15,50.0,54,9,3,3,1,7,7,Medium,5,63,24,Beginner
4731,30,14,16,46.67,52,9,6,0,1,4,11,Easy,6,45,21,Beginner
4732,30,22,8,73.33,25,10,10,2,0,0,8,Hard,10,98,36,Advanced
4733,30,30,0,100.0,17,10,9,11,0,1,0,Hard,14,95,61,Advanced
4734,30,22,8,73.33,29,10,10,2,0,0,8,Hard,9,85,36,Advanced
4735,30,20,10,66.67,34,10,10,0,0,0,10,Medium,6,80,30,Intermediate
4736,30,12,18,40.0,35,6,6,0,4,4,10,Easy,3,66,18,Beginner
4737,30,27,3,90.0,18,10,10,7,0,0,3,Medium,11,71,51,Advanced
4738,30,25,5,83.33,21,10,8,7,0,2,3,Hard,14,87,47,Advanced
4739,30,20,10,66.67,56,10,4,6,0,6,4,Easy,5,50,36,Beginner
4740,30,24,6,80.0,18,10,9,5,0,1,5,Medium,13,83,43,Advanced
4741,30,15,15,50.0,37,8,5,2,2,5,8,Medium,5,54,24,Beginner
4742,30,19,11,63.33,35,9,10,0,1,0,10,Easy,7,68,29,Intermediate
4743,30,18,12,60.0,50,8,6,4,2,4,6,Easy,6,63,32,Beginner
4744,30,18,12,60.0,54,6,6,6,4,4,4,Medium,5,66,36,Beginner
4745,30,18,12,60.0,38,9,10,0,1,0,11,Easy,6,85,29,Intermediate
4746,30,13,17,43.33,42,7,4,2,3,6,8,Easy,7,44,21,Beginner
4747,30,20,10,66.67,58,10,6,4,0,4,6,Easy,6,57,34,Beginner
4748,30,18,12,60.0,25,10,10,0,0,0,12,Medium,5,75,30,Intermediate
4749,30,17,13,56.67,28,9,7,1,1,3,9,Hard,10,64,26,Intermediate
4750,30,12,18,40.0,40,10,4,0,0,6,12,Medium,4,55,18,Beginner
4751,30,26,4,86.67,23,8,10,8,2,0,2,Easy,8,75,52,Intermediate
4752,30,12,18,40.0,48,8,4,0,2,6,10,Easy,4,57,16,Beginner
4753,30,18,12,60.0,40,6,4,8,4,6,2,Easy,4,57,38,Beginner
4754,30,29,1,96.67,22,10,10,9,0,0,1,Hard,8,78,57,Advanced
4755,30,25,5,83.33,24,8,10,7,2,0,3,Medium,5,59,49,Intermediate
4756,30,20,10,66.67,38,10,7,3,0,3,7,Easy,8,79,33,Intermediate
4757,30,19,11,63.33,59,10,5,4,0,5,6,Medium,5,41,32,Beginner
4758,30,25,5,83.33,29,10,8,7,0,2,3,Hard,15,79,47,Advanced
4759,30,24,6,80.0,28,10,8,6,0,2,4,Medium,10,96,44,Advanced
4760,30,22,8,73.33,19,10,9,3,0,1,7,Hard,9,76,37,Advanced
4761,30,13,17,43.33,54,8,3,2,2,7,8,Medium,2,63,20,Beginner
4762,30,25,5,83.33,31,10,9,6,0,1,4,Medium,12,99,46,Advanced
4763,30,24,6,80.0,31,10,8,6,0,2,4,Medium,9,69,44,Intermediate
4764,30,22,8,73.33,21,10,10,2,0,0,8,Medium,14,83,36,Advanced
4765,30,28,2,93.33,17,10,9,9,0,1,1,Medium,15,92,55,Advanced
4766,30,16,14,53.33,42,10,3,3,0,7,7,Medium,5,57,25,Beginner
4767,30,22,8,73.33,40,9,8,5,1,2,5,Hard,6,51,40,Intermediate
4768,30,13,17,43.33,37,7,3,3,3,7,7,Easy,6,54,22,Beginner
4769,30,25,5,83.33,28,10,8,7,0,2,3,Medium,14,90,47,Advanced
4770,30,18,12,60.0,57,9,6,3,1,4,7,Easy,5,48,30,Beginner
4771,30,21,9,70.0,24,9,8,4,1,2,6,Easy,8,84,37,Intermediate
4772,30,24,6,80.0,30,8,8,8,2,2,2,Medium,4,85,48,Intermediate
4773,30,17,13,56.67,26,10,7,0,0,3,10,Hard,9,83,24,Intermediate
4774,30,23,7,76.67,29,10,7,6,0,3,4,Hard,9,62,42,Intermediate
4775,30,15,15,50.0,49,8,6,1,2,4,9,Medium,7,63,23,Beginner
4776,30,23,7,76.67,27,10,8,5,0,2,5,Medium,15,71,41,Advanced
4777,30,20,10,66.67,29,9,8,3,1,2,7,Easy,8,67,34,Intermediate
4778,30,29,1,96.67,15,10,8,11,0,2,0,Hard,15,96,59,Advanced
4779,30,19,11,63.33,25,8,10,1,2,0,9,Medium,4,80,31,Intermediate
4780,30,14,16,46.67,41,8,3,3,2,7,7,Medium,7,69,23,Beginner
4781,30,14,16,46.67,54,10,6,0,0,4,12,Medium,3,59,22,Beginner
4782,30,21,9,70.0,23,9,9,3,1,1,7,Easy,4,76,36,Intermediate
4783,30,18,12,60.0,55,7,6,5,3,4,5,Easy,3,50,34,Beginner
4784,30,25,5,83.33,30,10,8,7,0,2,3,Hard,13,100,47,Advanced
4785,30,26,4,86.67,40,10,8,8,0,2,2,Medium,4,84,50,Intermediate
4786,30,22,8,73.33,34,10,9,3,0,1,7,Medium,9,73,37,Intermediate
4787,30,25,5,83.33,37,8,10,7,2,0,3,Hard,9,50,49,Intermediate
4788,30,25,5,83.33,19,10,8,7,0,2,3,Medium,7,76,47,Advanced
4789,30,16,14,53.33,50,6,3,7,4,7,3,Medium,2,58,33,Beginner
4790,30,16,14,53.33,35,7,4,5,3,6,5,Medium,7,60,30,Beginner
4791,30,26,4,86.67,27,10,10,6,0,0,4,Hard,11,70,48,Advanced
4792,30,28,2,93.33,30,10,8,10,0,2,0,Hard,15,95,56,Advanced
4793,30,17,13,56.67,25,9,9,0,1,1,11,Hard,10,79,27,Intermediate
4794,30,29,1,96.67,27,10,9,10,0,1,0,Hard,14,94,58,Advanced
4795,30,22,8,73.33,19,10,8,4,0,2,6,Medium,12,99,38,Advanced
4796,30,17,13,56.67,35,10,4,3,0,6,7,Medium,2,48,27,Beginner
4797,30,24,6,80.0,18,10,9,5,0,1,5,Medium,11,96,43,Advanced
4798,30,20,10,66.67,37,10,8,2,0,2,8,Medium,10,57,32,Intermediate
4799,30,19,11,63.33,30,10,8,1,0,2,9,Easy,8,57,29,Intermediate
4800,30,28,2,93.33,28,10,10,8,0,0,2,Medium,10,92,54,Advanced
4801,30,16,14,53.33,39,8,4,4,2,6,6,Easy,4,52,28,Beginner
4802,30,24,6,80.0,37,10,9,5,0,1,5,Medium,6,81,43,Intermediate
4803,30,19,11,63.33,40,9,9,1,1,1,9,Hard,7,72,30,Intermediate
4804,30,13,17,43.33,44,9,5,0,1,5,11,Easy,6,56,19,Beginner
4805,30,17,13,56.67,42,8,8,1,2,2,9,Medium,10,51,27,Intermediate
4806,30,30,0,100.0,31,10,9,11,0,1,0,Hard,13,94,61,Advanced
4807,30,18,12,60.0,39,10,10,0,0,0,12,Easy,5,52,30,Intermediate
4808,30,28,2,93.33,26,10,8,10,0,2,0,Medium,14,70,56,Advanced
4809,30,18,12,60.0,40,6,6,6,4,4,4,Easy,7,57,36,Beginner
4810,30,20,10,66.67,37,8,9,3,2,1,7,Hard,8,81,35,Intermediate
4811,30,17,13,56.67,58,10,3,4,0,7,6,Medium,6,42,28,Beginner
4812,30,19,11,63.33,39,8,9,2,2,1,8,Hard,6,53,32,Intermediate
4813,30,21,9,70.0,27,8,10,3,2,0,7,Medium,10,57,37,Intermediate
4814,30,27,3,90.0,29,10,10,7,0,0,3,Hard,13,94,51,Advanced
4815,30,20,10,66.67,56,7,3,10,3,7,0,Medium,7,52,43,Beginner
4816,30,30,0,100.0,24,10,10,10,0,0,0,Hard,12,81,60,Advanced
4817,30,12,18,40.0,45,10,6,0,0,4,14,Easy,4,43,22,Beginner
4818,30,24,6,80.0,31,10,10,4,0,0,6,Medium,15,79,42,Advanced
4819,30,25,5,83.33,41,8,8,9,2,2,1,Easy,4,57,51,Intermediate
4820,30,13,17,43.33,48,9,6,0,1,4,12,Easy,7,39,21,Beginner
4821,30,20,10,66.67,43,9,5,6,1,5,4,Easy,2,65,37,Beginner
4822,30,24,6,80.0,30,10,10,4,0,0,6,Hard,8,77,42,Advanced
4823,30,26,4,86.67,25,9,8,9,1,2,1,Easy,4,61,52,Intermediate
4824,30,21,9,70.0,41,9,7,5,1,3,5,Easy,6,56,38,Intermediate
4825,30,17,13,56.67,58,9,6,2,1,4,8,Medium,3,42,27,Beginner
4826,30,24,6,80.0,35,9,9,6,1,1,4,Easy,6,63,45,Intermediate
4827,30,30,0,100.0,31,10,9,11,0,1,0,Hard,13,97,61,Advanced
4828,30,23,7,76.67,31,10,9,4,0,1,6,Hard,6,63,40,Intermediate
4829,30,24,6,80.0,23,8,7,9,2,3,1,Hard,5,81,49,Intermediate
4830,30,12,18,40.0,47,10,3,0,0,7,11,Medium,5,49,16,Beginner
4831,30,16,14,53.33,35,10,4,2,0,6,8,Medium,6,40,24,Beginner
4832,30,15,15,50.0,59,7,4,4,3,6,6,Medium,3,61,27,Beginner
4833,30,14,16,46.67,45,8,6,0,2,4,10,Easy,6,37,20,Beginner
4834,30,20,10,66.67,26,9,10,1,1,0,9,Easy,4,76,32,Intermediate
4835,30,15,15,50.0,38,6,3,6,4,7,4,Medium,6,54,30,Beginner
4836,30,25,5,83.33,42,9,8,8,1,2,2,Easy,8,79,49,Intermediate
4837,30,30,0,100.0,27,10,10,10,0,0,0,Medium,12,100,60,Advanced
4838,30,20,10,66.67,41,8,10,2,2,0,8,Medium,6,64,34,Intermediate
4839,30,22,8,73.33,26,10,8,4,0,2,6,Medium,9,90,38,Advanced
4840,30,29,1,96.67,29,10,9,10,0,1,0,Hard,13,96,58,Advanced
4841,30,25,5,83.33,22,10,8,7,0,2,3,Hard,10,82,47,Advanced
4842,30,28,2,93.33,15,10,9,9,0,1,1,Medium,14,99,55,Advanced
4843,30,12,18,40.0,57,9,4,0,1,6,11,Easy,5,54,17,Beginner
4844,30,30,0,100.0,32,10,10,10,0,0,0,Hard,15,75,60,Advanced
4845,30,19,11,63.33,40,10,5,4,0,5,6,Easy,7,65,32,Beginner
4846,30,29,1,96.67,31,10,8,11,0,2,0,Hard,10,82,59,Advanced
4847,30,22,8,73.33,35,8,9,5,2,1,5,Easy,10,69,41,Intermediate
4848,30,26,4,86.67,30,10,8,8,0,2,2,Medium,6,63,50,Intermediate
4849,30,27,3,90.0,26,10,8,9,0,2,1,Medium,12,93,53,Advanced
4850,30,26,4,86.67,25,10,8,8,0,2,2,Medium,7,95,50,Advanced
4851,30,24,6,80.0,19,10,10,4,0,0,6,Medium,9,89,42,Advanced
4852,30,18,12,60.0,38,9,8,1,1,2,9,Easy,8,82,28,Intermediate
4853,30,19,11,63.33,45,9,3,7,1,7,3,Medium,4,45,36,Beginner
4854,30,19,11,63.33,42,8,5,6,2,5,4,Medium,2,66,36,Beginner
4855,30,22,8,73.33,15,10,10,2,0,0,8,Medium,7,84,36,Advanced
4856,30,17,13,56.67,48,7,6,4,3,4,6,Easy,2,55,31,Beginner
4857,30,19,11,63.33,37,9,6,4,1,4,6,Medium,6,51,33,Beginner
4858,30,25,5,83.33,32,9,10,6,1,0,4,Easy,5,67,47,Intermediate
4859,30,25,5,83.33,39,9,8,8,1,2,2,Medium,10,66,49,Intermediate
4860,30,18,12,60.0,39,8,5,5,2,5,5,Easy,3,44,33,Beginner
4861,30,24,6,80.0,41,9,10,5,1,0,5,Hard,5,51,44,Intermediate
4862,30,21,9,70.0,33,10,7,4,0,3,6,Easy,4,69,36,Intermediate
4863,30,20,10,66.67,54,7,3,10,3,7,0,Easy,6,42,43,Beginner
4864,30,27,3,90.0,32,10,9,8,0,1,2,Hard,11,86,52,Advanced
4865,30,24,6,80.0,27,9,10,5,1,0,5,Medium,10,54,44,Intermediate
4866,30,28,2,93.33,15,10,9,9,0,1,1,Medium,14,100,55,Advanced
4867,30,20,10,66.67,49,9,3,8,1,7,2,Medium,5,44,39,Beginner
4868,30,27,3,90.0,29,10,10,7,0,0,3,Hard,15,94,51,Advanced
4869,30,19,11,63.33,23,8,10,1,2,0,9,Medium,10,80,31,Intermediate
4870,30,22,8,73.33,39,8,8,6,2,2,4,Hard,4,74,42,Intermediate
4871,30,29,1,96.67,26,10,8,11,0,2,0,Hard,8,85,59,Advanced
4872,30,20,10,66.67,37,9,8,3,1,2,7,Easy,7,81,34,Intermediate
4873,30,22,8,73.33,41,8,10,4,2,0,6,Medium,5,58,40,Intermediate
4874,30,24,6,80.0,29,10,8,6,0,2,4,Medium,8,88,44,Advanced
4875,30,25,5,83.33,28,10,10,5,0,0,5,Hard,14,72,45,Advanced
4876,30,28,2,93.33,32,10,10,8,0,0,2,Hard,7,70,54,Advanced
4877,30,25,5,83.33,16,10,8,7,0,2,3,Medium,7,100,47,Advanced
4878,30,19,11,63.33,47,7,6,6,3,4,4,Easy,6,60,37,Beginner
4879,30,18,12,60.0,51,6,4,8,4,6,2,Easy,5,64,38,Beginner
4880,30,24,6,80.0,32,10,10,4,0,0,6,Hard,10,72,42,Advanced
4881,30,12,18,40.0,49,9,5,0,1,5,12,Medium,7,67,19,Beginner
4882,30,17,13,56.67,32,10,10,0,0,0,13,Easy,5,64,30,Intermediate
4883,30,26,4,86.67,17,10,10,6,0,0,4,Medium,11,100,48,Advanced
4884,30,18,12,60.0,39,7,5,6,3,5,4,Easy,6,52,35,Beginner
4885,30,16,14,53.33,51,6,6,4,4,4,6,Easy,6,44,30,Beginner
4886,30,17,13,56.67,41,7,3,7,3,7,3,Medium,7,51,34,Beginner
4887,30,23,7,76.67,32,10,10,3,0,0,7,Hard,7,82,39,Advanced
4888,30,22,8,73.33,31,10,8,4,0,2,6,Hard,12,100,38,Advanced
4889,30,25,5,83.33,28,10,8,7,0,2,3,Medium,12,80,47,Advanced
4890,30,23,7,76.67,25,8,8,7,2,2,3,Hard,9,55,45,Intermediate
4891,30,18,12,60.0,41,9,3,6,1,7,4,Medium,2,58,33,Beginner
4892,30,23,7,76.67,31,10,10,3,0,0,7,Hard,10,74,39,Advanced
4893,30,29,1,96.67,32,10,9,10,0,1,0,Hard,11,75,58,Advanced
4894,30,17,13,56.67,39,10,10,0,0,0,13,Hard,10,71,30,Intermediate
4895,30,25,5,83.33,31,10,10,5,0,0,5,Medium,12,87,45,Advanced
4896,30,14,16,46.67,43,9,3,2,1,7,8,Easy,3,46,21,Beginner
4897,30,27,3,90.0,22,10,10,7,0,0,3,Medium,8,95,51,Advanced
4898,30,25,5,83.33,23,10,8,7,0,2,3,Hard,11,78,47,Advanced
4899,30,20,10,66.67,38,8,4,8,2,6,2,Easy,3,63,40,Beginner
4900,30,25,5,83.33,24,10,9,6,0,1,4,Hard,12,70,46,Advanced
4901,30,23,7,76.67,26,10,10,3,0,0,7,Medium,15,72,39,Advanced
4902,30,13,17,43.33,41,7,5,1,3,5,9,Medium,5,41,20,Beginner
4903,30,19,11,63.33,55,9,4,6,1,6,4,Medium,2,38,35,Beginner
4904,30,22,8,73.33,35,8,9,5,2,1,5,Hard,5,80,41,Intermediate
4905,30,25,5,83.33,29,10,10,5,0,0,5,Medium,10,89,45,Advanced
4906,30,30,0,100.0,25,10,9,11,0,1,0,Medium,10,86,61,Advanced
4907,30,16,14,53.33,40,7,6,3,3,4,7,Medium,3,41,28,Beginner
4908,30,15,15,50.0,41,6,6,3,4,4,7,Easy,3,61,27,Beginner
4909,30,19,11,63.33,43,6,3,10,4,7,0,Easy,3,48,42,Beginner
4910,30,24,6,80.0,33,10,10,4,0,0,6,Easy,7,63,42,Intermediate
4911,30,20,10,66.67,27,9,7,4,1,3,6,Easy,6,82,35,Intermediate
4912,30,18,12,60.0,59,9,3,6,1,7,4,Easy,4,38,33,Beginner
4913,30,28,2,93.33,25,10,10,8,0,0,2,Medium,8,85,54,Advanced
4914,30,25,5,83.33,41,8,10,7,2,0,3,Medium,5,62,49,Intermediate
4915,30,27,3,90.0,16,10,8,9,0,2,1,Hard,12,91,53,Advanced
4916,30,18,12,60.0,23,9,7,2,1,3,8,Easy,10,57,29,Intermediate
4917,30,20,10,66.67,46,8,4,8,2,6,2,Easy,6,65,40,Beginner
4918,30,23,7,76.67,39,9,10,4,1,0,6,Easy,8,60,41,Intermediate
4919,30,13,17,43.33,47,8,6,0,2,4,11,Easy,4,42,20,Beginner
4920,30,21,9,70.0,37,8,9,4,2,1,6,Easy,10,72,38,Intermediate
4921,30,27,3,90.0,22,10,8,9,0,2,1,Hard,8,74,53,Advanced
4922,30,28,2,93.33,31,10,9,9,0,1,1,Hard,15,84,55,Advanced
4923,30,22,8,73.33,18,10,9,3,0,1,7,Hard,7,90,37,Advanced
4924,30,19,11,63.33,31,8,9,2,2,1,8,Medium,7,82,32,Intermediate
4925,30,29,1,96.67,23,10,10,9,0,0,1,Medium,11,96,57,Advanced
4926,30,25,5,83.33,21,10,8,7,0,2,3,Hard,8,97,47,Advanced
4927,30,28,2,93.33,15,10,10,8,0,0,2,Medium,9,77,54,Advanced
4928,30,14,16,46.67,42,10,3,1,0,7,9,Medium,4,38,19,Beginner
4929,30,18,12,60.0,42,10,8,0,0,2,10,Hard,7,70,26,Intermediate
4930,30,23,7,76.67,23,10,7,6,0,3,4,Medium,8,72,42,Intermediate
4931,30,18,12,60.0,43,8,3,7,2,7,3,Medium,6,50,35,Beginner
4932,30,19,11,63.33,54,10,5,4,0,5,6,Medium,7,51,32,Beginner
4933,30,18,12,60.0,40,6,5,7,4,5,3,Easy,2,48,37,Beginner
4934,30,24,6,80.0,28,10,10,4,0,0,6,Hard,13,91,42,Advanced
4935,30,19,11,63.33,40,8,7,4,2,3,6,Medium,8,85,34,Intermediate
4936,30,25,5,83.33,38,9,7,9,1,3,1,Easy,6,80,50,Intermediate
4937,30,27,3,90.0,32,10,10,7,0,0,3,Medium,13,93,51,Advanced
4938,30,20,10,66.67,26,10,8,2,0,2,8,Easy,9,53,32,Intermediate
4939,30,26,4,86.67,29,10,9,7,0,1,3,Hard,8,88,49,Advanced
4940,30,20,10,66.67,43,7,6,7,3,4,3,Easy,4,57,40,Beginner
4941,30,29,1,96.67,18,10,8,11,0,2,0,Medium,10,78,59,Advanced
4942,30,19,11,63.33,59,8,5,6,2,5,4,Medium,7,63,36,Beginner
4943,30,18,12,60.0,40,9,8,1,1,2,9,Easy,9,51,28,Intermediate
4944,30,22,8,73.33,24,10,8,4,0,2,6,Hard,15,81,38,Advanced
4945,30,25,5,83.33,33,9,7,9,1,3,1,Hard,4,82,50,Intermediate
4946,30,19,11,63.33,34,10,10,0,0,0,11,Hard,4,82,30,Intermediate
4947,30,18,12,60.0,30,8,9,1,2,1,9,Hard,5,83,29,Intermediate
4948,30,19,11,63.33,57,7,6,6,3,4,4,Easy,7,58,37,Beginner
4949,30,26,4,86.67,36,10,10,6,0,0,4,Easy,8,80,48,Intermediate
4950,30,19,11,63.33,59,7,3,9,3,7,1,Easy,2,35,40,Beginner
4951,30,22,8,73.33,35,8,9,5,2,1,5,Medium,7,53,41,Intermediate
4952,30,19,11,63.33,41,9,9,1,1,1,9,Easy,5,65,30,Intermediate
4953,30,19,11,63.33,23,9,10,0,1,0,10,Medium,6,78,29,Intermediate
4954,30,29,1,96.67,24,10,10,9,0,0,1,Hard,11,83,57,Advanced
4955,30,13,17,43.33,40,10,4,0,0,6,11,Medium,5,51,18,Beginner
4956,30,19,11,63.33,29,8,10,1,2,0,9,Hard,6,72,31,Intermediate
4957,30,12,18,40.0,56,7,3,2,3,7,8,Medium,6,52,19,Beginner
4958,30,24,6,80.0,25,9,9,6,1,1,4,Medium,6,58,45,Intermediate
4959,30,17,13,56.67,38,9,8,0,1,2,10,Hard,9,51,25,Intermediate
4960,30,15,15,50.0,52,9,4,2,1,6,8,Easy,3,37,23,Beginner
4961,30,25,5,83.33,30,10,8,7,0,2,3,Medium,7,96,47,Advanced
4962,30,25,5,83.33,27,10,10,5,0,0,5,Hard,14,76,45,Advanced
4963,30,30,0,100.0,29,10,10,10,0,0,0,Medium,10,92,60,Advanced
4964,30,19,11,63.33,26,8,10,1,2,0,9,Hard,7,75,31,Intermediate
4965,30,22,8,73.33,31,10,9,3,0,1,7,Hard,8,85,37,Advanced
4966,30,23,7,76.67,20,10,10,3,0,0,7,Hard,10,93,39,Advanced
4967,30,21,9,70.0,40,10,10,1,0,0,9,Hard,6,83,33,Intermediate
4968,30,17,13,56.67,59,9,3,5,1,7,5,Easy,5,52,30,Beginner
4969,30,19,11,63.33,23,8,10,1,2,0,9,Medium,8,63,31,Intermediate
4970,30,22,8,73.33,25,9,8,5,1,2,5,Medium,6,84,40,Intermediate
4971,30,26,4,86.67,42,9,7,10,1,3,0,Medium,5,80,53,Intermediate
4972,30,14,16,46.67,37,6,3,5,4,7,5,Medium,6,36,27,Beginner
4973,30,14,16,46.67,41,7,6,1,3,4,9,Easy,3,47,22,Beginner
4974,30,14,16,46.67,43,8,6,0,2,4,10,Easy,7,61,20,Beginner
4975,30,13,17,43.33,58,8,4,1,2,6,9,Easy,3,55,19,Beginner
4976,30,26,4,86.67,40,10,8,8,0,2,2,Hard,7,71,50,Intermediate
4977,30,13,17,43.33,50,8,3,2,2,7,8,Medium,6,37,20,Beginner
4978,30,14,16,46.67,59,9,5,0,1,5,10,Easy,5,38,19,Beginner
4979,30,21,9,70.0,27,8,9,4,2,1,6,Easy,7,63,38,Intermediate
4980,30,30,0,100.0,25,10,8,12,0,2,0,Medium,11,88,62,Advanced
4981,30,27,3,90.0,18,10,9,8,0,1,2,Medium,10,85,52,Advanced
4982,30,25,5,83.33,22,8,8,9,2,2,1,Medium,6,76,51,Intermediate
4983,30,17,13,56.67,56,10,5,2,0,5,8,Easy,5,67,26,Beginner
4984,30,22,8,73.33,29,10,9,3,0,1,7,Hard,7,87,37,Advanced
4985,30,22,8,73.33,27,10,10,2,0,0,8,Hard,8,80,36,Advanced
4986,30,17,13,56.67,35,9,7,1,1,3,9,Medium,9,55,26,Intermediate
4987,30,22,8,73.33,29,10,9,3,0,1,7,Hard,14,83,37,Advanced
4988,30,26,4,86.67,23,10,10,6,0,0,4,Medium,8,100,48,Advanced
4989,30,17,13,56.67,48,10,3,4,0,7,6,Easy,7,58,28,Beginner
4990,30,22,8,73.33,21,10,8,4,0,2,6,Medium,15,89,38,Advanced
4991,30,14,16,46.67,53,9,3,2,1,7,8,Medium,3,51,21,Beginner
4992,30,13,17,43.33,60,8,3,2,2,7,8,Easy,7,67,20,Beginner
4993,30,18,12,60.0,38,9,5,4,1,5,6,Easy,3,35,31,Beginner
4994,30,24,6,80.0,37,9,8,7,1,2,3,Easy,9,51,46,Intermediate
4995,30,18,12,60.0,35,8,10,0,2,0,10,Hard,6,63,28,Intermediate
4996,30,22,8,73.33,31,10,9,3,0,1,7,Hard,10,97,37,Advanced
4997,30,22,8,73.33,29,9,10,3,1,0,7,Medium,7,69,38,Intermediate
4998,30,20,10,66.67,36,10,6,4,0,4,6,Easy,4,64,34,Beginner
4999,30,26,4,86.67,34,8,9,9,2,1,1,Medium,9,78,53,Intermediate
5000,30,16,14,53.33,59,10,6,0,0,4,10,Medium,3,51,22,Beginner
